timestamp,transaction_id,amount,recovery_probability,recommended_action,execution_status,message,recovered_amount,razorpay_order_id,payment_link_id
2026-09-02T11:25:01.540572,TX00003,23570.4,0.4729,SEND_REMINDER,REMINDER_SENT,Payment reminder sent to customer,0.0,,
2026-09-02T11:25:01.575419,TX00004,22264.36,0.0202,ESCALATE,ESCALATED,Case escalated to merchant,0.0,,
2026-09-02T11:25:01.632820,TX00005,24808.55,0.1433,ESCALATE,ESCALATED,Case escalated to merchant,0.0,,
2026-09-02T11:25:01.659912,TX00006,43080.06,0.0778,ESCALATE,ESCALATED,Case escalated to merchant,0.0,,
2026-09-02T11:25:01.692178,TX00008,47008.6,0.1436,ESCALATE,ESCALATED,Case escalated to merchant,0.0,,
2026-09-02T11:25:01.733216,TX00009,25299.39,0.1047,ESCALATE,ESCALATED,Case escalated to merchant,0.0,,
2026-09-02T11:25:01.752725,TX00015,46267.35,0.0671,ESCALATE,ESCALATED,Case escalated to merchant,0.0,,
2026-09-02T11:25:01.785397,TX00016,31655.85,0.1437,ESCALATE,ESCALATED,Case escalated to merchant,0.0,,
2026-09-02T11:25:02.673100,TX00019,48717.53,0.43,SEND_PAYMENT_LINK,PAYMENT_LINK_CREATED,Razorpay Test Mode order created: order_TX3nNPR49Ssrtd,0.0,order_TX3nNPR49Ssrtd,
2026-09-02T11:25:02.697464,TX00020,3676.07,0.165,ESCALATE,ESCALATED,Case escalated to merchant,0.0,,
2026-09-02T11:25:02.735999,TX00022,37440.16,0.189,ESCALATE,ESCALATED,Case escalated to merchant,0.0,,
2026-09-02T11:25:02.781638,TX00023,40550.88,0.0769,ESCALATE,ESCALATED,Case escalated to merchant,0.0,,
2026-09-02T11:25:02.812224,TX00024,20808.61,0.1042,ESCALATE,ESCALATED,Case escalated to merchant,0.0,,
2026-09-02T11:25:02.848355,TX00027,29070.36,0.091,ESCALATE,ESCALATED,Case escalated to merchant,0.0,,
2026-09-02T11:25:02.882118,TX00029,47447.47,0.0314,ESCALATE,ESCALATED,Case escalated to merchant,0.0,,
2026-09-02T11:25:02.917574,TX00034,22788.23,0.1157,ESCALATE,ESCALATED,Case escalated to merchant,0.0,,
2026-09-02T11:25:02.950357,TX00036,34347.89,0.2013,ESCALATE,ESCALATED,Case escalated to merchant,0.0,,
2026-09-02T11:25:02.979836,TX00037,45528.61,0.1042,ESCALATE,ESCALATED,Case escalated to merchant,0.0,,
2026-09-02T11:25:03.014202,TX00039,47686.05,0.0485,ESCALATE,ESCALATED,Case escalated to merchant,0.0,,
2026-09-02T11:25:03.051988,TX00041,29308.09,0.0529,ESCALATE,ESCALATED,Case escalated to merchant,0.0,,
2026-09-02T11:25:03.095870,TX00042,41722.84,0.0791,ESCALATE,ESCALATED,Case escalated to merchant,0.0,,
2026-09-02T11:25:03.220675,TX00045,37080.12,0.5345,SEND_PAYMENT_LINK,PAYMENT_LINK_CREATED,Razorpay Test Mode order created: order_TX3nO1fdJIdnnI,0.0,order_TX3nO1fdJIdnnI,
2026-09-02T11:25:03.262145,TX00046,4926.44,0.1005,ESCALATE,ESCALATED,Case escalated to merchant,0.0,,
2026-09-02T11:25:03.298880,TX00048,35191.48,0.1684,ESCALATE,ESCALATED,Case escalated to merchant,0.0,,
2026-09-02T11:25:03.332880,TX00050,11693.57,0.0854,ESCALATE,ESCALATED,Case escalated to merchant,0.0,,
2026-09-02T11:25:03.371452,TX00052,30892.46,0.0409,ESCALATE,ESCALATED,Case escalated to merchant,0.0,,
2026-09-02T11:25:03.409017,TX00054,34595.85,0.0898,ESCALATE,ESCALATED,Case escalated to merchant,0.0,,
2026-09-02T11:25:03.441055,TX00055,29919.47,0.3897,SEND_REMINDER,REMINDER_SENT,Payment reminder sent to customer,0.0,,
2026-09-02T11:25:03.479458,TX00056,25178.47,0.04,ESCALATE,ESCALATED,Case escalated to merchant,0.0,,
2026-09-02T11:25:03.516713,TX00057,48814.11,0.125,ESCALATE,ESCALATED,Case escalated to merchant,0.0,,
2026-09-02T11:25:03.551841,TX00059,18896.97,0.1029,ESCALATE,ESCALATED,Case escalated to merchant,0.0,,
2026-09-02T11:25:03.578213,TX00060,40043.66,0.0571,ESCALATE,ESCALATED,Case escalated to merchant,0.0,,
2026-09-02T11:25:03.609540,TX00061,44252.25,0.0859,ESCALATE,ESCALATED,Case escalated to merchant,0.0,,
2026-09-02T11:25:03.638805,TX00067,31025.78,0.0329,ESCALATE,ESCALATED,Case escalated to merchant,0.0,,
2026-09-02T11:25:03.665778,TX00068,47050.51,0.0712,ESCALATE,ESCALATED,Case escalated to merchant,0.0,,
2026-09-02T11:25:03.747565,TX00069,38840.39,0.438,SEND_PAYMENT_LINK,PAYMENT_LINK_CREATED,Razorpay Test Mode order created: order_TX3nOcUQnuDEIs,0.0,order_TX3nOcUQnuDEIs,
2026-09-02T11:25:03.776912,TX00072,21882.6,0.0456,ESCALATE,ESCALATED,Case escalated to merchant,0.0,,
2026-09-02T11:25:03.816608,TX00075,44616.28,0.0379,ESCALATE,ESCALATED,Case escalated to merchant,0.0,,
2026-09-02T11:25:03.992110,TX00078,39512.59,0.4973,SEND_PAYMENT_LINK,PAYMENT_LINK_CREATED,Razorpay Test Mode order created: order_TX3nOqOJRqOnbY,0.0,order_TX3nOqOJRqOnbY,
2026-09-02T11:25:04.018036,TX00080,8572.28,0.3256,SEND_REMINDER,REMINDER_SENT,Payment reminder sent to customer,0.0,,
2026-09-02T11:25:04.086140,TX00084,3926.1,0.1939,ESCALATE,ESCALATED,Case escalated to merchant,0.0,,
2026-09-02T11:25:04.135725,TX00086,26588.09,0.0747,ESCALATE,ESCALATED,Case escalated to merchant,0.0,,
2026-09-02T11:25:04.169041,TX00089,5898.69,0.1092,ESCALATE,ESCALATED,Case escalated to merchant,0.0,,
2026-09-02T11:25:04.202297,TX00097,18406.67,0.1722,ESCALATE,ESCALATED,Case escalated to merchant,0.0,,
2026-09-02T11:25:04.240733,TX00100,48773.59,0.0861,ESCALATE,ESCALATED,Case escalated to merchant,0.0,,
2026-09-02T11:25:04.277416,TX00101,8671.75,0.0971,ESCALATE,ESCALATED,Case escalated to merchant,0.0,,
2026-09-02T11:25:04.310405,TX00104,4008.7,0.0453,ESCALATE,ESCALATED,Case escalated to merchant,0.0,,
2026-09-02T11:25:04.342337,TX00108,41499.85,0.2243,ESCALATE,ESCALATED,Case escalated to merchant,0.0,,
2026-09-02T11:25:04.371619,TX00110,30937.5,0.1248,ESCALATE,ESCALATED,Case escalated to merchant,0.0,,
2026-09-02T11:25:04.391698,TX00111,7967.85,0.0319,ESCALATE,ESCALATED,Case escalated to merchant,0.0,,
2026-09-02T11:25:04.470346,TX00113,39071.69,0.4707,SEND_PAYMENT_LINK,PAYMENT_LINK_CREATED,Razorpay Test Mode order created: order_TX3nPP6YyRh8v9,0.0,order_TX3nPP6YyRh8v9,
2026-09-02T11:25:04.506379,TX00115,15722.15,0.0636,ESCALATE,ESCALATED,Case escalated to merchant,0.0,,
2026-09-02T11:25:04.539178,TX00123,14239.57,0.0729,ESCALATE,ESCALATED,Case escalated to merchant,0.0,,
2026-09-02T11:25:04.577897,TX00125,9698.15,0.1378,ESCALATE,ESCALATED,Case escalated to merchant,0.0,,
2026-09-02T11:25:04.617071,TX00130,10122.45,0.1719,ESCALATE,ESCALATED,Case escalated to merchant,0.0,,
2026-09-02T11:25:04.654327,TX00132,6492.55,0.0254,ESCALATE,ESCALATED,Case escalated to merchant,0.0,,
2026-09-02T11:25:04.689853,TX00133,28215.25,0.2491,ESCALATE,ESCALATED,Case escalated to merchant,0.0,,
2026-09-02T11:25:04.808258,TX00135,47032.88,0.5583,SEND_PAYMENT_LINK,PAYMENT_LINK_CREATED,Razorpay Test Mode order created: order_TX3nPkqY1KDieN,0.0,order_TX3nPkqY1KDieN,
2026-09-02T11:25:04.835138,TX00138,23649.19,0.1014,ESCALATE,ESCALATED,Case escalated to merchant,0.0,,
2026-09-02T11:25:04.863677,TX00147,20924.04,0.1545,ESCALATE,ESCALATED,Case escalated to merchant,0.0,,
2026-09-02T11:25:04.897853,TX00149,45184.24,0.0675,ESCALATE,ESCALATED,Case escalated to merchant,0.0,,
2026-09-02T11:25:04.921591,TX00150,44516.21,0.0087,ESCALATE,ESCALATED,Case escalated to merchant,0.0,,
2026-09-02T11:25:04.942534,TX00151,40929.24,0.0544,ESCALATE,ESCALATED,Case escalated to merchant,0.0,,
2026-09-02T11:25:04.963454,TX00152,25605.39,0.0915,ESCALATE,ESCALATED,Case escalated to merchant,0.0,,
2026-09-02T11:25:04.995977,TX00156,20258.24,0.1693,ESCALATE,ESCALATED,Case escalated to merchant,0.0,,
2026-09-02T11:25:05.029119,TX00157,48517.72,0.678,RETRY_PAYMENT,BLOCKED,High-value transaction requires escalation,0.0,,
2026-09-02T11:25:05.057882,TX00160,14114.91,0.0661,ESCALATE,ESCALATED,Case escalated to merchant,0.0,,
2026-09-02T11:25:05.082881,TX00164,42742.19,0.06,ESCALATE,ESCALATED,Case escalated to merchant,0.0,,
2026-09-02T11:25:05.115428,TX00167,45178.9,0.2429,ESCALATE,ESCALATED,Case escalated to merchant,0.0,,
2026-09-02T11:25:05.151463,TX00169,28915.38,0.398,ESCALATE,ESCALATED,Case escalated to merchant,0.0,,
2026-09-02T11:25:05.180687,TX00172,39325.03,0.0357,ESCALATE,ESCALATED,Case escalated to merchant,0.0,,
2026-09-02T11:25:05.216767,TX00173,12789.36,0.0857,ESCALATE,ESCALATED,Case escalated to merchant,0.0,,
2026-09-02T11:25:05.260761,TX00176,17006.52,0.0716,ESCALATE,ESCALATED,Case escalated to merchant,0.0,,
2026-09-02T11:25:05.297828,TX00178,28746.52,0.0232,ESCALATE,ESCALATED,Case escalated to merchant,0.0,,
2026-09-02T11:25:05.335990,TX00179,17014.94,0.0425,ESCALATE,ESCALATED,Case escalated to merchant,0.0,,
2026-09-02T11:25:05.370745,TX00181,1456.82,0.0653,ESCALATE,ESCALATED,Case escalated to merchant,0.0,,
2026-09-02T11:25:05.395923,TX00183,26099.69,0.0536,ESCALATE,ESCALATED,Case escalated to merchant,0.0,,
2026-09-02T11:25:05.433623,TX00185,29528.87,0.0769,ESCALATE,ESCALATED,Case escalated to merchant,0.0,,
2026-09-02T11:25:05.465969,TX00186,37633.47,0.1683,ESCALATE,ESCALATED,Case escalated to merchant,0.0,,
2026-09-02T11:25:05.503251,TX00187,31249.2,0.0632,ESCALATE,ESCALATED,Case escalated to merchant,0.0,,
2026-09-02T11:25:05.533298,TX00188,30094.02,0.0458,ESCALATE,ESCALATED,Case escalated to merchant,0.0,,
2026-09-02T11:25:05.569118,TX00191,11756.38,0.1354,ESCALATE,ESCALATED,Case escalated to merchant,0.0,,
2026-09-02T11:25:05.613737,TX00192,13415.43,0.0336,ESCALATE,ESCALATED,Case escalated to merchant,0.0,,
2026-09-02T11:25:05.652739,TX00193,27806.01,0.0432,ESCALATE,ESCALATED,Case escalated to merchant,0.0,,
2026-09-02T11:25:05.689316,TX00194,10135.36,0.0646,ESCALATE,ESCALATED,Case escalated to merchant,0.0,,
2026-09-02T11:25:05.813437,TX00198,47244.35,0.4891,SEND_PAYMENT_LINK,PAYMENT_LINK_CREATED,Razorpay Test Mode order created: order_TX3nQrKGg77j6L,0.0,order_TX3nQrKGg77j6L,
2026-09-02T11:25:05.844630,TX00200,46241.22,0.1918,ESCALATE,ESCALATED,Case escalated to merchant,0.0,,
2026-09-02T11:25:05.882293,TX00205,35183.92,0.0816,ESCALATE,ESCALATED,Case escalated to merchant,0.0,,
2026-09-02T11:25:05.922921,TX00209,35263.35,0.1304,ESCALATE,ESCALATED,Case escalated to merchant,0.0,,
2026-09-02T11:25:05.956454,TX00210,46771.57,0.6704,RETRY_PAYMENT,BLOCKED,High-value transaction requires escalation,0.0,,
2026-09-02T11:25:06.002948,TX00212,35464.47,0.0657,ESCALATE,ESCALATED,Case escalated to merchant,0.0,,
2026-09-02T11:25:06.044476,TX00215,38192.09,0.3954,ESCALATE,ESCALATED,Case escalated to merchant,0.0,,
2026-09-02T11:25:06.087324,TX00217,32400.7,0.1325,ESCALATE,ESCALATED,Case escalated to merchant,0.0,,
2026-09-02T11:25:06.128537,TX00219,33567.62,0.1004,ESCALATE,ESCALATED,Case escalated to merchant,0.0,,
2026-09-02T11:25:06.157918,TX00221,38722.93,0.1377,ESCALATE,ESCALATED,Case escalated to merchant,0.0,,
2026-09-02T11:25:06.179005,TX00222,6345.36,0.0714,ESCALATE,ESCALATED,Case escalated to merchant,0.0,,
2026-09-02T11:25:06.196195,TX00226,46433.5,0.0645,ESCALATE,ESCALATED,Case escalated to merchant,0.0,,
2026-09-02T11:25:06.209110,TX00229,37735.96,0.0738,ESCALATE,ESCALATED,Case escalated to merchant,0.0,,
2026-09-02T11:25:06.234213,TX00231,16933.15,0.0614,ESCALATE,ESCALATED,Case escalated to merchant,0.0,,
2026-09-02T11:25:06.258298,TX00234,45765.3,0.0346,ESCALATE,ESCALATED,Case escalated to merchant,0.0,,
2026-09-02T11:25:06.281854,TX00235,9619.13,0.0272,ESCALATE,ESCALATED,Case escalated to merchant,0.0,,
2026-09-02T11:25:06.312083,TX00242,32645.48,0.0217,ESCALATE,ESCALATED,Case escalated to merchant,0.0,,
2026-09-02T11:25:06.429592,TX00243,10696.92,0.0706,ESCALATE,ESCALATED,Case escalated to merchant,0.0,,
2026-09-02T11:25:06.469134,TX00248,18421.11,0.0725,ESCALATE,ESCALATED,Case escalated to merchant,0.0,,
2026-09-02T11:25:06.500080,TX00249,16038.87,0.2095,ESCALATE,ESCALATED,Case escalated to merchant,0.0,,
2026-09-02T11:25:06.669086,TX00250,37521.42,0.5809,SEND_PAYMENT_LINK,PAYMENT_LINK_CREATED,Razorpay Test Mode order created: order_TX3nRl0wlCtNLg,0.0,order_TX3nRl0wlCtNLg,
2026-09-02T11:25:06.700499,TX00251,21669.4,0.1877,ESCALATE,ESCALATED,Case escalated to merchant,0.0,,
2026-09-02T11:25:06.727275,TX00254,21045.4,0.1306,ESCALATE,ESCALATED,Case escalated to merchant,0.0,,
2026-09-02T11:25:06.757595,TX00256,16743.84,0.0599,ESCALATE,ESCALATED,Case escalated to merchant,0.0,,
2026-09-02T11:25:06.803059,TX00257,14830.04,0.0514,ESCALATE,ESCALATED,Case escalated to merchant,0.0,,
2026-09-02T11:25:06.835231,TX00258,2266.66,0.1377,ESCALATE,ESCALATED,Case escalated to merchant,0.0,,
2026-09-02T11:25:06.859409,TX00261,32738.5,0.0506,ESCALATE,ESCALATED,Case escalated to merchant,0.0,,
2026-09-02T11:25:06.999557,TX00262,9777.03,0.6313,SEND_PAYMENT_LINK,PAYMENT_LINK_CREATED,Razorpay Test Mode order created: order_TX3nS8NrVWpRTc,0.0,order_TX3nS8NrVWpRTc,
2026-09-02T11:25:07.038147,TX00263,14923.6,0.0508,ESCALATE,ESCALATED,Case escalated to merchant,0.0,,
2026-09-02T11:25:07.074708,TX00264,31056.87,0.0938,ESCALATE,ESCALATED,Case escalated to merchant,0.0,,
2026-09-02T11:25:07.121183,TX00269,17120.56,0.3262,SEND_REMINDER,REMINDER_SENT,Payment reminder sent to customer,0.0,,
2026-09-02T11:25:07.160866,TX00270,22889.83,0.058,ESCALATE,ESCALATED,Case escalated to merchant,0.0,,
2026-09-02T11:25:07.204104,TX00274,21895.11,0.0608,ESCALATE,ESCALATED,Case escalated to merchant,0.0,,
2026-09-02T11:25:07.246777,TX00279,42506.8,0.1286,ESCALATE,ESCALATED,Case escalated to merchant,0.0,,
2026-09-02T11:25:07.399248,TX00284,46962.02,0.4522,SEND_PAYMENT_LINK,PAYMENT_LINK_CREATED,Razorpay Test Mode order created: order_TX3nSZGMfRUr9T,0.0,order_TX3nSZGMfRUr9T,
2026-09-02T11:25:07.436443,TX00287,8411.26,0.4184,SEND_REMINDER,REMINDER_SENT,Payment reminder sent to customer,0.0,,
2026-09-02T11:25:07.468889,TX00289,35564.61,0.057,ESCALATE,ESCALATED,Case escalated to merchant,0.0,,
2026-09-02T11:25:07.511732,TX00292,22549.18,0.5568,RETRY_PAYMENT,SUCCESS,Payment retry succeeded,22549.18,,
2026-09-02T11:25:07.631199,TX00293,45678.99,0.3871,SEND_PAYMENT_LINK,PAYMENT_LINK_CREATED,Razorpay Test Mode order created: order_TX3nSpml9bjEIb,0.0,order_TX3nSpml9bjEIb,
2026-09-02T11:25:07.662709,TX00294,9631.79,0.0395,ESCALATE,ESCALATED,Case escalated to merchant,0.0,,
2026-09-02T11:25:07.702322,TX00299,13797.42,0.0672,ESCALATE,ESCALATED,Case escalated to merchant,0.0,,
2026-09-02T11:25:07.743815,TX00302,5916.89,0.0827,ESCALATE,ESCALATED,Case escalated to merchant,0.0,,
2026-09-02T11:25:07.786551,TX00304,39253.47,0.2029,ESCALATE,ESCALATED,Case escalated to merchant,0.0,,
2026-09-02T11:25:07.823436,TX00307,12623.02,0.0508,ESCALATE,ESCALATED,Case escalated to merchant,0.0,,
2026-09-02T11:25:07.858599,TX00310,17967.08,0.1518,ESCALATE,ESCALATED,Case escalated to merchant,0.0,,
2026-09-02T11:25:07.893151,TX00311,37921.73,0.6875,RETRY_PAYMENT,BLOCKED,High-value transaction requires escalation,0.0,,
2026-09-02T11:25:08.011997,TX00312,14894.6,0.4412,SEND_PAYMENT_LINK,PAYMENT_LINK_CREATED,Razorpay Test Mode order created: order_TX3nTEnGydE9RG,0.0,order_TX3nTEnGydE9RG,
2026-09-02T11:25:08.047112,TX00313,15083.09,0.0398,ESCALATE,ESCALATED,Case escalated to merchant,0.0,,
2026-09-02T11:25:08.084892,TX00315,22114.89,0.0387,ESCALATE,ESCALATED,Case escalated to merchant,0.0,,
2026-09-02T11:25:08.124352,TX00316,36539.65,0.1959,ESCALATE,ESCALATED,Case escalated to merchant,0.0,,
2026-09-02T11:25:08.152667,TX00318,30269.09,0.0247,ESCALATE,ESCALATED,Case escalated to merchant,0.0,,
2026-09-02T11:25:08.194809,TX00321,8832.48,0.0615,ESCALATE,ESCALATED,Case escalated to merchant,0.0,,
2026-09-02T11:25:08.231636,TX00325,47505.0,0.0496,ESCALATE,ESCALATED,Case escalated to merchant,0.0,,
2026-09-02T11:25:08.266022,TX00328,31685.46,0.0737,ESCALATE,ESCALATED,Case escalated to merchant,0.0,,
2026-09-02T11:25:08.302204,TX00329,29263.53,0.1575,ESCALATE,ESCALATED,Case escalated to merchant,0.0,,
2026-09-02T11:25:08.331179,TX00331,17885.56,0.0695,ESCALATE,ESCALATED,Case escalated to merchant,0.0,,
2026-09-02T11:25:08.360525,TX00332,2453.41,0.713,ESCALATE,ESCALATED,Case escalated to merchant,0.0,,
2026-09-02T11:25:08.458263,TX00333,11051.85,0.3353,SEND_PAYMENT_LINK,PAYMENT_LINK_CREATED,Razorpay Test Mode order created: order_TX3nTkCKA74JEk,0.0,order_TX3nTkCKA74JEk,
2026-09-02T11:25:08.484486,TX00335,29154.57,0.1365,ESCALATE,ESCALATED,Case escalated to merchant,0.0,,
2026-09-02T11:25:08.626119,TX00339,35044.56,0.4035,SEND_PAYMENT_LINK,PAYMENT_LINK_CREATED,Razorpay Test Mode order created: order_TX3nTvj745pxFo,0.0,order_TX3nTvj745pxFo,
2026-09-02T11:25:08.659640,TX00342,47144.43,0.0139,ESCALATE,ESCALATED,Case escalated to merchant,0.0,,
2026-09-02T11:25:08.692310,TX00343,4320.16,0.0274,ESCALATE,ESCALATED,Case escalated to merchant,0.0,,
2026-09-02T11:25:08.722054,TX00344,12846.1,0.0544,ESCALATE,ESCALATED,Case escalated to merchant,0.0,,
2026-09-02T11:25:08.751383,TX00347,3967.92,0.0499,ESCALATE,ESCALATED,Case escalated to merchant,0.0,,
2026-09-02T11:25:08.773634,TX00349,4789.96,0.0623,ESCALATE,ESCALATED,Case escalated to merchant,0.0,,
2026-09-02T11:25:08.790968,TX00351,11468.51,0.0931,ESCALATE,ESCALATED,Case escalated to merchant,0.0,,
2026-09-02T11:25:08.807670,TX00354,35045.32,0.3394,ESCALATE,ESCALATED,Case escalated to merchant,0.0,,
2026-09-02T11:25:08.829694,TX00357,11308.49,0.2946,SEND_REMINDER,REMINDER_SENT,Payment reminder sent to customer,0.0,,
2026-09-02T11:25:08.854271,TX00363,21292.69,0.1587,ESCALATE,ESCALATED,Case escalated to merchant,0.0,,
2026-09-02T11:25:08.878636,TX00364,39719.82,0.0348,ESCALATE,ESCALATED,Case escalated to merchant,0.0,,
2026-09-02T11:25:08.909244,TX00367,12155.52,0.1664,ESCALATE,ESCALATED,Case escalated to merchant,0.0,,
2026-09-02T11:25:08.940479,TX00368,7386.6,0.0523,ESCALATE,ESCALATED,Case escalated to merchant,0.0,,
2026-09-02T11:25:08.970406,TX00370,1557.05,0.3505,SEND_REMINDER,REMINDER_SENT,Payment reminder sent to customer,0.0,,
2026-09-02T11:25:09.000743,TX00371,26274.61,0.1099,ESCALATE,ESCALATED,Case escalated to merchant,0.0,,
2026-09-02T11:25:09.034796,TX00375,7066.69,0.0738,ESCALATE,ESCALATED,Case escalated to merchant,0.0,,
2026-09-02T11:25:09.066916,TX00376,34500.37,0.02,ESCALATE,ESCALATED,Case escalated to merchant,0.0,,
2026-09-02T11:25:09.098335,TX00377,44907.63,0.0346,ESCALATE,ESCALATED,Case escalated to merchant,0.0,,
2026-09-02T11:25:09.119468,TX00379,4006.71,0.3998,ESCALATE,ESCALATED,Case escalated to merchant,0.0,,
2026-09-02T11:25:09.149714,TX00380,44815.03,0.0859,ESCALATE,ESCALATED,Case escalated to merchant,0.0,,
2026-09-02T11:25:09.186621,TX00381,39737.68,0.0204,ESCALATE,ESCALATED,Case escalated to merchant,0.0,,
2026-09-02T11:25:09.303779,TX00383,2778.94,0.4265,SEND_PAYMENT_LINK,PAYMENT_LINK_CREATED,Razorpay Test Mode order created: order_TX3nUepMCRdqAn,0.0,order_TX3nUepMCRdqAn,
2026-09-02T11:25:09.336770,TX00385,7970.58,0.0625,ESCALATE,ESCALATED,Case escalated to merchant,0.0,,
2026-09-02T11:25:09.368031,TX00386,41762.63,0.0605,ESCALATE,ESCALATED,Case escalated to merchant,0.0,,
2026-09-02T11:25:09.401995,TX00388,45662.04,0.2258,ESCALATE,ESCALATED,Case escalated to merchant,0.0,,
2026-09-02T11:25:09.433822,TX00390,9297.08,0.0684,ESCALATE,ESCALATED,Case escalated to merchant,0.0,,
2026-09-02T11:25:09.462432,TX00392,28908.33,0.1419,ESCALATE,ESCALATED,Case escalated to merchant,0.0,,
2026-09-02T11:25:09.496920,TX00393,38141.8,0.122,ESCALATE,ESCALATED,Case escalated to merchant,0.0,,
2026-09-02T11:25:09.531504,TX00398,34024.12,0.0443,ESCALATE,ESCALATED,Case escalated to merchant,0.0,,
2026-09-02T11:25:09.562330,TX00399,4013.1,0.0779,ESCALATE,ESCALATED,Case escalated to merchant,0.0,,
2026-09-02T11:25:09.593725,TX00400,21153.91,0.5843,RETRY_PAYMENT,SUCCESS,Payment retry succeeded,21153.91,,
2026-09-02T11:25:09.624537,TX00401,30163.77,0.0484,ESCALATE,ESCALATED,Case escalated to merchant,0.0,,
2026-09-02T11:25:09.658281,TX00403,15727.75,0.1168,ESCALATE,ESCALATED,Case escalated to merchant,0.0,,
2026-09-02T11:25:09.693539,TX00404,12638.65,0.2668,SEND_REMINDER,REMINDER_SENT,Payment reminder sent to customer,0.0,,
2026-09-02T11:25:09.737165,TX00408,46419.47,0.2239,ESCALATE,ESCALATED,Case escalated to merchant,0.0,,
2026-09-02T11:25:09.766144,TX00409,42274.14,0.0616,ESCALATE,ESCALATED,Case escalated to merchant,0.0,,
2026-09-02T11:25:09.797078,TX00410,11354.33,0.2294,ESCALATE,ESCALATED,Case escalated to merchant,0.0,,
2026-09-02T11:25:09.823325,TX00412,25712.56,0.1794,ESCALATE,ESCALATED,Case escalated to merchant,0.0,,
2026-09-02T11:25:09.953402,TX00414,2393.21,0.4061,SEND_PAYMENT_LINK,PAYMENT_LINK_CREATED,Razorpay Test Mode order created: order_TX3nVO8xmC9z7j,0.0,order_TX3nVO8xmC9z7j,
2026-09-02T11:25:10.063326,TX00417,11727.71,0.5649,SEND_PAYMENT_LINK,PAYMENT_LINK_CREATED,Razorpay Test Mode order created: order_TX3nVV3aLjzdy5,0.0,order_TX3nVV3aLjzdy5,
2026-09-02T11:25:10.161158,TX00418,34131.38,0.4063,SEND_PAYMENT_LINK,PAYMENT_LINK_CREATED,Razorpay Test Mode order created: order_TX3nVbIqOdHpDH,0.0,order_TX3nVbIqOdHpDH,
2026-09-02T11:25:10.270815,TX00424,48120.62,0.5479,SEND_PAYMENT_LINK,PAYMENT_LINK_CREATED,Razorpay Test Mode order created: order_TX3nViexiX5cSO,0.0,order_TX3nViexiX5cSO,
2026-09-02T11:25:10.302471,TX00425,22316.94,0.0776,ESCALATE,ESCALATED,Case escalated to merchant,0.0,,
2026-09-02T11:25:10.412789,TX00427,26676.72,0.4137,SEND_PAYMENT_LINK,PAYMENT_LINK_CREATED,Razorpay Test Mode order created: order_TX3nVsWMerrTKs,0.0,order_TX3nVsWMerrTKs,
2026-09-02T11:25:10.444305,TX00431,14542.67,0.5683,ESCALATE,ESCALATED,Case escalated to merchant,0.0,,
2026-09-02T11:25:10.481180,TX00437,26010.15,0.0513,ESCALATE,ESCALATED,Case escalated to merchant,0.0,,
2026-09-02T11:25:10.518085,TX00438,35563.72,0.0623,ESCALATE,ESCALATED,Case escalated to merchant,0.0,,
2026-09-02T11:25:10.550220,TX00439,4967.31,0.0367,ESCALATE,ESCALATED,Case escalated to merchant,0.0,,
2026-09-02T11:25:10.579988,TX00444,41857.62,0.0171,ESCALATE,ESCALATED,Case escalated to merchant,0.0,,
2026-09-02T11:25:11.039118,TX00447,19104.91,0.5752,SEND_PAYMENT_LINK,PAYMENT_LINK_CREATED,Razorpay Test Mode order created: order_TX3nWWTNuRayE6,0.0,order_TX3nWWTNuRayE6,
2026-09-02T11:25:11.365608,TX00449,14427.84,0.4498,SEND_PAYMENT_LINK,PAYMENT_LINK_CREATED,Razorpay Test Mode order created: order_TX3nWoJfRCM7Mf,0.0,order_TX3nWoJfRCM7Mf,
2026-09-02T11:25:11.436646,TX00451,15878.33,0.491,ESCALATE,ESCALATED,Case escalated to merchant,0.0,,
2026-09-02T11:25:11.503590,TX00453,39092.0,0.0963,ESCALATE,ESCALATED,Case escalated to merchant,0.0,,
2026-09-02T11:25:11.572516,TX00455,22306.41,0.0712,ESCALATE,ESCALATED,Case escalated to merchant,0.0,,
2026-09-02T11:25:11.663090,TX00457,32971.14,0.1046,ESCALATE,ESCALATED,Case escalated to merchant,0.0,,
2026-09-02T11:25:11.738484,TX00460,12009.79,0.0312,ESCALATE,ESCALATED,Case escalated to merchant,0.0,,
2026-09-02T11:25:11.807200,TX00461,5559.19,0.0785,ESCALATE,ESCALATED,Case escalated to merchant,0.0,,
2026-09-02T11:25:11.871224,TX00463,25123.77,0.0456,ESCALATE,ESCALATED,Case escalated to merchant,0.0,,
2026-09-02T11:25:11.934769,TX00465,12625.25,0.0428,ESCALATE,ESCALATED,Case escalated to merchant,0.0,,
2026-09-02T11:25:12.005326,TX00466,27464.08,0.1598,ESCALATE,ESCALATED,Case escalated to merchant,0.0,,
2026-09-02T11:25:12.097303,TX00468,45098.83,0.1351,ESCALATE,ESCALATED,Case escalated to merchant,0.0,,
2026-09-02T11:25:12.214959,TX00469,10917.18,0.1232,ESCALATE,ESCALATED,Case escalated to merchant,0.0,,
2026-09-02T11:25:12.301947,TX00471,28058.39,0.1402,ESCALATE,ESCALATED,Case escalated to merchant,0.0,,
2026-09-02T11:25:12.375634,TX00473,35699.73,0.0732,ESCALATE,ESCALATED,Case escalated to merchant,0.0,,
2026-09-02T11:25:12.450930,TX00474,34895.42,0.0322,ESCALATE,ESCALATED,Case escalated to merchant,0.0,,
2026-09-02T11:25:12.540329,TX00476,11848.07,0.06,ESCALATE,ESCALATED,Case escalated to merchant,0.0,,
2026-09-02T11:25:12.617525,TX00477,10702.13,0.0904,ESCALATE,ESCALATED,Case escalated to merchant,0.0,,
2026-09-02T11:25:12.695297,TX00478,42888.14,0.0373,ESCALATE,ESCALATED,Case escalated to merchant,0.0,,
2026-09-02T11:25:12.778202,TX00481,6793.75,0.1938,ESCALATE,ESCALATED,Case escalated to merchant,0.0,,
2026-09-02T11:25:12.852969,TX00484,22829.28,0.0777,ESCALATE,ESCALATED,Case escalated to merchant,0.0,,
2026-09-02T11:25:13.038496,TX00486,49881.62,0.6483,SEND_PAYMENT_LINK,PAYMENT_LINK_CREATED,Razorpay Test Mode order created: order_TX3nYl1eSB0o41,0.0,order_TX3nYl1eSB0o41,
2026-09-02T11:25:13.133857,TX00487,9718.38,0.111,ESCALATE,ESCALATED,Case escalated to merchant,0.0,,
2026-09-02T11:25:13.224033,TX00488,23090.61,0.0862,ESCALATE,ESCALATED,Case escalated to merchant,0.0,,
2026-09-02T11:25:13.293739,TX00492,3471.47,0.0275,ESCALATE,ESCALATED,Case escalated to merchant,0.0,,
2026-09-02T11:25:13.356762,TX00494,21108.47,0.0744,ESCALATE,ESCALATED,Case escalated to merchant,0.0,,
2026-09-02T11:25:13.427877,TX00495,24945.4,0.1823,ESCALATE,ESCALATED,Case escalated to merchant,0.0,,
2026-09-02T11:25:13.566117,TX00496,45863.71,0.4496,SEND_PAYMENT_LINK,PAYMENT_LINK_CREATED,Razorpay Test Mode order created: order_TX3nZL5dYjHer5,0.0,order_TX3nZL5dYjHer5,
2026-09-02T11:25:13.634390,TX00499,28357.91,0.0463,ESCALATE,ESCALATED,Case escalated to merchant,0.0,,
2026-09-02T11:25:13.776454,TX00503,34582.2,0.5037,SEND_PAYMENT_LINK,PAYMENT_LINK_CREATED,Razorpay Test Mode order created: order_TX3nZY8SRX2UB2,0.0,order_TX3nZY8SRX2UB2,
2026-09-02T11:25:13.838079,TX00504,17159.13,0.0455,ESCALATE,ESCALATED,Case escalated to merchant,0.0,,
2026-09-02T11:25:13.897051,TX00505,40287.19,0.0239,ESCALATE,ESCALATED,Case escalated to merchant,0.0,,
2026-09-02T11:25:13.963312,TX00506,2809.09,0.1016,ESCALATE,ESCALATED,Case escalated to merchant,0.0,,
2026-09-02T11:25:14.141680,TX00508,16914.04,0.5933,SEND_PAYMENT_LINK,PAYMENT_LINK_CREATED,Razorpay Test Mode order created: order_TX3nZxVFo4CHfU,0.0,order_TX3nZxVFo4CHfU,
2026-09-02T11:25:14.194813,TX00510,11902.72,0.1072,ESCALATE,ESCALATED,Case escalated to merchant,0.0,,
2026-09-02T11:25:14.246060,TX00515,14138.65,0.098,ESCALATE,ESCALATED,Case escalated to merchant,0.0,,
2026-09-02T11:25:14.294635,TX00519,10842.17,0.0567,ESCALATE,ESCALATED,Case escalated to merchant,0.0,,
2026-09-02T11:25:14.331763,TX00521,682.41,0.1614,ESCALATE,ESCALATED,Case escalated to merchant,0.0,,
2026-09-02T11:25:14.372873,TX00525,39124.45,0.1137,ESCALATE,ESCALATED,Case escalated to merchant,0.0,,
2026-09-02T11:25:14.413359,TX00526,15822.58,0.1125,ESCALATE,ESCALATED,Case escalated to merchant,0.0,,
2026-09-02T11:25:14.443345,TX00528,34946.27,0.2372,ESCALATE,ESCALATED,Case escalated to merchant,0.0,,
2026-09-02T11:25:14.482724,TX00529,18332.82,0.5944,ESCALATE,ESCALATED,Case escalated to merchant,0.0,,
2026-09-02T11:25:14.527498,TX00531,511.62,0.2436,ESCALATE,ESCALATED,Case escalated to merchant,0.0,,
2026-09-02T11:25:14.557010,TX00533,26861.32,0.1902,ESCALATE,ESCALATED,Case escalated to merchant,0.0,,
2026-09-02T11:25:14.595092,TX00537,25756.52,0.0508,ESCALATE,ESCALATED,Case escalated to merchant,0.0,,
2026-09-02T11:25:14.630201,TX00538,9883.49,0.0321,ESCALATE,ESCALATED,Case escalated to merchant,0.0,,
2026-09-02T11:25:14.716326,TX00539,4841.17,0.4725,SEND_PAYMENT_LINK,PAYMENT_LINK_CREATED,Razorpay Test Mode order created: order_TX3naatQyG0P9m,0.0,order_TX3naatQyG0P9m,
2026-09-02T11:25:14.745283,TX00545,4562.05,0.0353,ESCALATE,ESCALATED,Case escalated to merchant,0.0,,
2026-09-02T11:25:14.773732,TX00546,4677.83,0.5124,ESCALATE,ESCALATED,Case escalated to merchant,0.0,,
2026-09-02T11:25:14.836465,TX00548,2717.85,0.0498,ESCALATE,ESCALATED,Case escalated to merchant,0.0,,
2026-09-02T11:25:14.946567,TX00549,31397.56,0.4529,SEND_PAYMENT_LINK,PAYMENT_LINK_CREATED,Razorpay Test Mode order created: order_TX3naqMVlhL6mn,0.0,order_TX3naqMVlhL6mn,
2026-09-02T11:25:15.045445,TX00550,14508.87,0.5125,SEND_PAYMENT_LINK,PAYMENT_LINK_CREATED,Razorpay Test Mode order created: order_TX3nawizz99XiV,0.0,order_TX3nawizz99XiV,
2026-09-02T11:25:15.068793,TX00551,14131.35,0.0578,ESCALATE,ESCALATED,Case escalated to merchant,0.0,,
2026-09-02T11:25:15.099908,TX00552,16733.52,0.1156,ESCALATE,ESCALATED,Case escalated to merchant,0.0,,
2026-09-02T11:25:15.129688,TX00553,33207.25,0.0436,ESCALATE,ESCALATED,Case escalated to merchant,0.0,,
2026-09-02T11:25:15.155703,TX00556,36430.96,0.0433,ESCALATE,ESCALATED,Case escalated to merchant,0.0,,
2026-09-02T11:25:15.179280,TX00560,10969.28,0.158,ESCALATE,ESCALATED,Case escalated to merchant,0.0,,
2026-09-02T11:25:15.207047,TX00561,10587.7,0.0306,ESCALATE,ESCALATED,Case escalated to merchant,0.0,,
2026-09-02T11:25:15.248698,TX00564,27461.26,0.1313,ESCALATE,ESCALATED,Case escalated to merchant,0.0,,
2026-09-02T11:25:15.273439,TX00567,20504.25,0.0426,ESCALATE,ESCALATED,Case escalated to merchant,0.0,,
2026-09-02T11:25:15.299347,TX00570,41402.36,0.0767,ESCALATE,ESCALATED,Case escalated to merchant,0.0,,
2026-09-02T11:25:15.377597,TX00572,17009.12,0.3683,SEND_PAYMENT_LINK,PAYMENT_LINK_CREATED,Razorpay Test Mode order created: order_TX3nbJajp78k6c,0.0,order_TX3nbJajp78k6c,
2026-09-02T11:25:15.395778,TX00577,16998.09,0.0733,ESCALATE,ESCALATED,Case escalated to merchant,0.0,,
2026-09-02T11:25:15.421049,TX00578,15733.21,0.0551,ESCALATE,ESCALATED,Case escalated to merchant,0.0,,
2026-09-02T11:25:15.446699,TX00579,6281.15,0.1392,ESCALATE,ESCALATED,Case escalated to merchant,0.0,,
2026-09-02T11:25:15.475337,TX00581,32475.63,0.3887,ESCALATE,ESCALATED,Case escalated to merchant,0.0,,
2026-09-02T11:25:15.630327,TX00583,39567.92,0.4331,SEND_PAYMENT_LINK,PAYMENT_LINK_CREATED,Razorpay Test Mode order created: order_TX3nbaKrK0I0GX,0.0,order_TX3nbaKrK0I0GX,
2026-09-02T11:25:15.713213,TX00584,7227.16,0.395,SEND_PAYMENT_LINK,PAYMENT_LINK_CREATED,Razorpay Test Mode order created: order_TX3nbgDs7xlRB3,0.0,order_TX3nbgDs7xlRB3,
2026-09-02T11:25:15.733729,TX00588,32888.02,0.1091,ESCALATE,ESCALATED,Case escalated to merchant,0.0,,
2026-09-02T11:25:15.759019,TX00589,26850.59,0.0598,ESCALATE,ESCALATED,Case escalated to merchant,0.0,,
2026-09-02T11:25:15.790214,TX00593,1695.06,0.0274,ESCALATE,ESCALATED,Case escalated to merchant,0.0,,
2026-09-02T11:25:15.828190,TX00597,8619.28,0.0279,ESCALATE,ESCALATED,Case escalated to merchant,0.0,,
2026-09-02T11:25:15.854921,TX00599,38131.46,0.219,ESCALATE,ESCALATED,Case escalated to merchant,0.0,,
2026-09-02T11:25:15.879221,TX00606,31014.85,0.2567,ESCALATE,ESCALATED,Case escalated to merchant,0.0,,
2026-09-02T11:25:15.900117,TX00609,32314.09,0.3123,ESCALATE,ESCALATED,Case escalated to merchant,0.0,,
2026-09-02T11:25:15.930626,TX00610,1371.92,0.0266,ESCALATE,ESCALATED,Case escalated to merchant,0.0,,
2026-09-02T11:25:15.962389,TX00611,21595.22,0.6499,RETRY_PAYMENT,SUCCESS,Payment retry succeeded,21595.22,,
2026-09-02T11:25:15.995479,TX00612,14091.12,0.095,ESCALATE,ESCALATED,Case escalated to merchant,0.0,,
2026-09-02T11:25:16.027759,TX00614,5157.42,0.1159,ESCALATE,ESCALATED,Case escalated to merchant,0.0,,
2026-09-02T11:25:16.064519,TX00627,14534.0,0.0605,ESCALATE,ESCALATED,Case escalated to merchant,0.0,,
2026-09-02T11:25:16.100612,TX00629,48198.39,0.1333,ESCALATE,ESCALATED,Case escalated to merchant,0.0,,
2026-09-02T11:25:16.138431,TX00630,6926.99,0.4757,SEND_REMINDER,REMINDER_SENT,Payment reminder sent to customer,0.0,,
2026-09-02T11:25:16.177639,TX00632,44500.92,0.0466,ESCALATE,ESCALATED,Case escalated to merchant,0.0,,
2026-09-02T11:25:16.213885,TX00635,469.17,0.0962,ESCALATE,ESCALATED,Case escalated to merchant,0.0,,
2026-09-02T11:25:16.253991,TX00637,19029.42,0.103,ESCALATE,ESCALATED,Case escalated to merchant,0.0,,
2026-09-02T11:25:16.282305,TX00638,7341.09,0.0987,ESCALATE,ESCALATED,Case escalated to merchant,0.0,,
2026-09-02T11:25:16.313524,TX00644,32681.32,0.1218,ESCALATE,ESCALATED,Case escalated to merchant,0.0,,
2026-09-02T11:25:16.347234,TX00648,6275.97,0.0553,ESCALATE,ESCALATED,Case escalated to merchant,0.0,,
2026-09-02T11:25:16.376010,TX00651,49846.08,0.0687,ESCALATE,ESCALATED,Case escalated to merchant,0.0,,
2026-09-02T11:25:16.401389,TX00654,20686.45,0.1927,ESCALATE,ESCALATED,Case escalated to merchant,0.0,,
2026-09-02T11:25:16.444252,TX00655,6494.04,0.1153,ESCALATE,ESCALATED,Case escalated to merchant,0.0,,
2026-09-02T11:25:16.487103,TX00658,40376.53,0.024,ESCALATE,ESCALATED,Case escalated to merchant,0.0,,
2026-09-02T11:25:16.525192,TX00660,24239.13,0.5337,SEND_REMINDER,REMINDER_SENT,Payment reminder sent to customer,0.0,,
2026-09-02T11:25:16.632906,TX00664,24731.43,0.4257,SEND_PAYMENT_LINK,PAYMENT_LINK_CREATED,Razorpay Test Mode order created: order_TX3ncflWtCFWBb,0.0,order_TX3ncflWtCFWBb,
2026-09-02T11:25:16.655248,TX00665,31743.9,0.1149,ESCALATE,ESCALATED,Case escalated to merchant,0.0,,
2026-09-02T11:25:16.676459,TX00666,40315.19,0.0858,ESCALATE,ESCALATED,Case escalated to merchant,0.0,,
2026-09-02T11:25:16.708965,TX00667,20014.63,0.016,ESCALATE,ESCALATED,Case escalated to merchant,0.0,,
2026-09-02T11:25:16.739083,TX00670,8461.87,0.2272,ESCALATE,ESCALATED,Case escalated to merchant,0.0,,
2026-09-02T11:25:16.819895,TX00671,1429.27,0.0573,ESCALATE,ESCALATED,Case escalated to merchant,0.0,,
2026-09-02T11:25:16.855870,TX00672,18265.13,0.0444,ESCALATE,ESCALATED,Case escalated to merchant,0.0,,
2026-09-02T11:25:16.888108,TX00673,27425.48,0.0451,ESCALATE,ESCALATED,Case escalated to merchant,0.0,,
2026-09-02T11:25:16.925002,TX00676,40050.28,0.0775,ESCALATE,ESCALATED,Case escalated to merchant,0.0,,
2026-09-02T11:25:17.004114,TX00679,42609.4,0.4424,SEND_PAYMENT_LINK,PAYMENT_LINK_CREATED,Razorpay Test Mode order created: order_TX3nd5abrrkKaz,0.0,order_TX3nd5abrrkKaz,
2026-09-02T11:25:17.025840,TX00681,36396.57,0.2349,ESCALATE,ESCALATED,Case escalated to merchant,0.0,,
2026-09-02T11:25:17.047222,TX00683,49721.88,0.5288,ESCALATE,ESCALATED,Case escalated to merchant,0.0,,
2026-09-02T11:25:17.067628,TX00684,30352.97,0.1173,ESCALATE,ESCALATED,Case escalated to merchant,0.0,,
2026-09-02T11:25:17.100618,TX00685,15532.74,0.0112,ESCALATE,ESCALATED,Case escalated to merchant,0.0,,
2026-09-02T11:25:17.120996,TX00690,37865.45,0.0393,ESCALATE,ESCALATED,Case escalated to merchant,0.0,,
2026-09-02T11:25:17.147801,TX00694,6563.18,0.1241,ESCALATE,ESCALATED,Case escalated to merchant,0.0,,
2026-09-02T11:25:17.169264,TX00696,2315.0,0.0966,ESCALATE,ESCALATED,Case escalated to merchant,0.0,,
2026-09-02T11:25:17.193132,TX00697,34294.38,0.1029,ESCALATE,ESCALATED,Case escalated to merchant,0.0,,
2026-09-02T11:25:17.218043,TX00698,45154.73,0.1095,ESCALATE,ESCALATED,Case escalated to merchant,0.0,,
2026-09-02T11:25:17.249059,TX00699,41895.7,0.1055,ESCALATE,ESCALATED,Case escalated to merchant,0.0,,
2026-09-02T11:25:17.274321,TX00701,6488.3,0.1,ESCALATE,ESCALATED,Case escalated to merchant,0.0,,
2026-09-02T11:25:17.306533,TX00703,46227.86,0.3495,ESCALATE,ESCALATED,Case escalated to merchant,0.0,,
2026-09-02T11:25:17.336374,TX00704,23141.36,0.0652,ESCALATE,ESCALATED,Case escalated to merchant,0.0,,
2026-09-02T11:25:17.362419,TX00708,32316.16,0.2778,ESCALATE,ESCALATED,Case escalated to merchant,0.0,,
2026-09-02T11:25:17.393913,TX00713,16271.78,0.0356,ESCALATE,ESCALATED,Case escalated to merchant,0.0,,
2026-09-02T11:25:17.429485,TX00714,27806.96,0.0786,ESCALATE,ESCALATED,Case escalated to merchant,0.0,,
2026-09-02T11:25:17.470277,TX00719,41215.6,0.0474,ESCALATE,ESCALATED,Case escalated to merchant,0.0,,
2026-09-02T11:25:17.498313,TX00722,40650.45,0.0188,ESCALATE,ESCALATED,Case escalated to merchant,0.0,,
2026-09-02T11:25:17.537035,TX00723,19325.32,0.2794,SEND_REMINDER,REMINDER_SENT,Payment reminder sent to customer,0.0,,
2026-09-02T11:25:17.555722,TX00727,19617.01,0.1763,ESCALATE,ESCALATED,Case escalated to merchant,0.0,,
2026-09-02T11:25:17.576095,TX00728,24106.36,0.0668,ESCALATE,ESCALATED,Case escalated to merchant,0.0,,
2026-09-02T11:25:17.598144,TX00731,41520.2,0.0992,ESCALATE,ESCALATED,Case escalated to merchant,0.0,,
2026-09-02T11:25:17.625771,TX00732,48844.36,0.0644,ESCALATE,ESCALATED,Case escalated to merchant,0.0,,
2026-09-02T11:25:17.653182,TX00733,20355.31,0.0598,ESCALATE,ESCALATED,Case escalated to merchant,0.0,,
2026-09-02T11:25:17.744019,TX00738,16137.36,0.3062,SEND_PAYMENT_LINK,PAYMENT_LINK_CREATED,Razorpay Test Mode order created: order_TX3ndtq5lIyOqj,0.0,order_TX3ndtq5lIyOqj,
2026-09-02T11:25:17.773237,TX00741,24553.98,0.4937,ESCALATE,ESCALATED,Case escalated to merchant,0.0,,
2026-09-02T11:25:17.806657,TX00743,29696.61,0.1538,ESCALATE,ESCALATED,Case escalated to merchant,0.0,,
2026-09-02T11:25:17.837098,TX00745,18360.6,0.1484,ESCALATE,ESCALATED,Case escalated to merchant,0.0,,
2026-09-02T11:25:17.874471,TX00747,33397.53,0.0515,ESCALATE,ESCALATED,Case escalated to merchant,0.0,,
2026-09-02T11:25:17.903804,TX00750,12985.83,0.0691,ESCALATE,ESCALATED,Case escalated to merchant,0.0,,
2026-09-02T11:25:17.999502,TX00753,49735.27,0.5738,SEND_PAYMENT_LINK,PAYMENT_LINK_CREATED,Razorpay Test Mode order created: order_TX3neB5laEk5yx,0.0,order_TX3neB5laEk5yx,
2026-09-02T11:25:18.025989,TX00754,4806.52,0.0478,ESCALATE,ESCALATED,Case escalated to merchant,0.0,,
2026-09-02T11:25:18.068596,TX00759,24704.31,0.0983,ESCALATE,ESCALATED,Case escalated to merchant,0.0,,
2026-09-02T11:25:18.110699,TX00760,39866.12,0.0526,ESCALATE,ESCALATED,Case escalated to merchant,0.0,,
2026-09-02T11:25:18.154251,TX00762,11456.45,0.0705,ESCALATE,ESCALATED,Case escalated to merchant,0.0,,
2026-09-02T11:25:18.194760,TX00763,27642.34,0.0679,ESCALATE,ESCALATED,Case escalated to merchant,0.0,,
2026-09-02T11:25:18.243978,TX00764,26273.47,0.0866,ESCALATE,ESCALATED,Case escalated to merchant,0.0,,
2026-09-02T11:25:18.279753,TX00767,14036.69,0.1881,ESCALATE,ESCALATED,Case escalated to merchant,0.0,,
2026-09-02T11:25:18.325216,TX00773,3521.36,0.0325,ESCALATE,ESCALATED,Case escalated to merchant,0.0,,
2026-09-02T11:25:18.369185,TX00776,46640.72,0.0773,ESCALATE,ESCALATED,Case escalated to merchant,0.0,,
2026-09-02T11:25:18.416269,TX00779,20078.51,0.085,ESCALATE,ESCALATED,Case escalated to merchant,0.0,,
2026-09-02T11:25:18.450653,TX00781,32716.89,0.0429,ESCALATE,ESCALATED,Case escalated to merchant,0.0,,
2026-09-02T11:25:18.492113,TX00782,7865.19,0.0886,ESCALATE,ESCALATED,Case escalated to merchant,0.0,,
2026-09-02T11:25:18.533797,TX00785,6957.28,0.0698,ESCALATE,ESCALATED,Case escalated to merchant,0.0,,
2026-09-02T11:25:18.573994,TX00787,3916.99,0.0626,ESCALATE,ESCALATED,Case escalated to merchant,0.0,,
2026-09-02T11:25:18.614701,TX00788,45405.22,0.0417,ESCALATE,ESCALATED,Case escalated to merchant,0.0,,
2026-09-02T11:25:18.658205,TX00793,47090.53,0.0314,ESCALATE,ESCALATED,Case escalated to merchant,0.0,,
2026-09-02T11:25:18.696112,TX00794,26579.76,0.0955,ESCALATE,ESCALATED,Case escalated to merchant,0.0,,
2026-09-02T11:25:18.792790,TX00795,36672.94,0.4444,SEND_PAYMENT_LINK,PAYMENT_LINK_CREATED,Razorpay Test Mode order created: order_TX3nf2jsEr3xXk,0.0,order_TX3nf2jsEr3xXk,
2026-09-02T11:25:18.813980,TX00797,48763.96,0.6097,ESCALATE,ESCALATED,Case escalated to merchant,0.0,,
2026-09-02T11:25:18.834025,TX00798,41693.58,0.0552,ESCALATE,ESCALATED,Case escalated to merchant,0.0,,
2026-09-02T11:25:18.855994,TX00799,15290.27,0.0655,ESCALATE,ESCALATED,Case escalated to merchant,0.0,,
2026-09-02T11:25:18.877056,TX00801,31480.35,0.0972,ESCALATE,ESCALATED,Case escalated to merchant,0.0,,
2026-09-02T11:25:18.896556,TX00802,46546.0,0.4375,ESCALATE,ESCALATED,Case escalated to merchant,0.0,,
2026-09-02T11:25:18.914086,TX00804,15500.5,0.0553,ESCALATE,ESCALATED,Case escalated to merchant,0.0,,
2026-09-02T11:25:18.930476,TX00807,39542.74,0.1472,ESCALATE,ESCALATED,Case escalated to merchant,0.0,,
2026-09-02T11:25:18.968893,TX00809,29070.61,0.0216,ESCALATE,ESCALATED,Case escalated to merchant,0.0,,
2026-09-02T11:25:19.058167,TX00810,17412.12,0.4461,SEND_PAYMENT_LINK,PAYMENT_LINK_CREATED,Razorpay Test Mode order created: order_TX3nfJoZ41XYbj,0.0,order_TX3nfJoZ41XYbj,
2026-09-02T11:25:19.076865,TX00813,4020.8,0.0473,ESCALATE,ESCALATED,Case escalated to merchant,0.0,,
2026-09-02T11:25:19.169287,TX00814,8469.42,0.5214,SEND_PAYMENT_LINK,PAYMENT_LINK_CREATED,Razorpay Test Mode order created: order_TX3nfRtLp3SQKR,0.0,order_TX3nfRtLp3SQKR,
2026-09-02T11:25:19.186167,TX00815,3243.01,0.059,ESCALATE,ESCALATED,Case escalated to merchant,0.0,,
2026-09-02T11:25:19.206906,TX00816,25065.29,0.0451,ESCALATE,ESCALATED,Case escalated to merchant,0.0,,
2026-09-02T11:25:19.223845,TX00819,47064.2,0.1243,ESCALATE,ESCALATED,Case escalated to merchant,0.0,,
2026-09-02T11:25:19.240667,TX00822,49293.1,0.0433,ESCALATE,ESCALATED,Case escalated to merchant,0.0,,
2026-09-02T11:25:19.265181,TX00823,209.29,0.1333,ESCALATE,ESCALATED,Case escalated to merchant,0.0,,
2026-09-02T11:25:19.284682,TX00824,30776.18,0.1737,ESCALATE,ESCALATED,Case escalated to merchant,0.0,,
2026-09-02T11:25:19.302733,TX00826,22980.66,0.6737,RETRY_PAYMENT,SUCCESS,Payment retry succeeded,22980.66,,
2026-09-02T11:25:19.326242,TX00827,19968.01,0.0503,ESCALATE,ESCALATED,Case escalated to merchant,0.0,,
2026-09-02T11:25:19.343196,TX00828,22878.08,0.3799,ESCALATE,ESCALATED,Case escalated to merchant,0.0,,
2026-09-02T11:25:19.366174,TX00829,20865.03,0.0682,ESCALATE,ESCALATED,Case escalated to merchant,0.0,,
2026-09-02T11:25:19.448398,TX00831,6940.7,0.5642,SEND_PAYMENT_LINK,PAYMENT_LINK_CREATED,Razorpay Test Mode order created: order_TX3nfktHJxhJXI,0.0,order_TX3nfktHJxhJXI,
2026-09-02T11:25:19.475120,TX00832,10042.43,0.7314,SEND_REMINDER,REMINDER_SENT,Payment reminder sent to customer,0.0,,
2026-09-02T11:25:19.496244,TX00835,26357.87,0.0223,ESCALATE,ESCALATED,Case escalated to merchant,0.0,,
2026-09-02T11:25:19.517828,TX00842,31074.43,0.0273,ESCALATE,ESCALATED,Case escalated to merchant,0.0,,
2026-09-02T11:25:19.608394,TX00843,34970.28,0.3831,SEND_PAYMENT_LINK,PAYMENT_LINK_CREATED,Razorpay Test Mode order created: order_TX3nfw0DaM0zwZ,0.0,order_TX3nfw0DaM0zwZ,
2026-09-02T11:25:19.628989,TX00844,10902.84,0.1893,ESCALATE,ESCALATED,Case escalated to merchant,0.0,,
2026-09-02T11:25:19.658394,TX00846,18309.54,0.2987,ESCALATE,ESCALATED,Case escalated to merchant,0.0,,
2026-09-02T11:25:19.687498,TX00847,5109.99,0.4917,SEND_REMINDER,REMINDER_SENT,Payment reminder sent to customer,0.0,,
2026-09-02T11:25:19.708733,TX00848,6000.6,0.1218,ESCALATE,ESCALATED,Case escalated to merchant,0.0,,
2026-09-02T11:25:19.729108,TX00851,26592.52,0.0766,ESCALATE,ESCALATED,Case escalated to merchant,0.0,,
2026-09-02T11:25:19.749904,TX00852,33983.92,0.0511,ESCALATE,ESCALATED,Case escalated to merchant,0.0,,
2026-09-02T11:25:19.770089,TX00853,29719.99,0.083,ESCALATE,ESCALATED,Case escalated to merchant,0.0,,
2026-09-02T11:25:19.805040,TX00854,7588.34,0.2275,ESCALATE,ESCALATED,Case escalated to merchant,0.0,,
2026-09-02T11:25:19.826237,TX00856,43962.71,0.0351,ESCALATE,ESCALATED,Case escalated to merchant,0.0,,
2026-09-02T11:25:19.845696,TX00858,43522.9,0.0292,ESCALATE,ESCALATED,Case escalated to merchant,0.0,,
2026-09-02T11:25:19.864642,TX00859,18703.02,0.0491,ESCALATE,ESCALATED,Case escalated to merchant,0.0,,
2026-09-02T11:25:19.882535,TX00860,30797.12,0.0568,ESCALATE,ESCALATED,Case escalated to merchant,0.0,,
2026-09-02T11:25:19.901726,TX00863,23601.79,0.0476,ESCALATE,ESCALATED,Case escalated to merchant,0.0,,
2026-09-02T11:25:19.917720,TX00864,25224.05,0.531,ESCALATE,ESCALATED,Case escalated to merchant,0.0,,
2026-09-02T11:25:19.935461,TX00865,10198.39,0.2039,ESCALATE,ESCALATED,Case escalated to merchant,0.0,,
2026-09-02T11:25:19.950655,TX00868,45806.25,0.121,ESCALATE,ESCALATED,Case escalated to merchant,0.0,,
2026-09-02T11:25:19.967078,TX00869,18117.75,0.1241,ESCALATE,ESCALATED,Case escalated to merchant,0.0,,
2026-09-02T11:25:19.984583,TX00870,15487.22,0.0843,ESCALATE,ESCALATED,Case escalated to merchant,0.0,,
2026-09-02T11:25:20.001146,TX00872,33988.86,0.0485,ESCALATE,ESCALATED,Case escalated to merchant,0.0,,
2026-09-02T11:25:20.017079,TX00874,49389.93,0.1019,ESCALATE,ESCALATED,Case escalated to merchant,0.0,,
2026-09-02T11:25:20.089765,TX00875,16419.1,0.697,SEND_PAYMENT_LINK,PAYMENT_LINK_CREATED,Razorpay Test Mode order created: order_TX3ngSVPx7bCmS,0.0,order_TX3ngSVPx7bCmS,
2026-09-02T11:25:20.115227,TX00878,40123.88,0.0795,ESCALATE,ESCALATED,Case escalated to merchant,0.0,,
2026-09-02T11:25:20.222013,TX00879,23582.03,0.4028,SEND_PAYMENT_LINK,PAYMENT_LINK_CREATED,Razorpay Test Mode order created: order_TX3nga3gNTIgBe,0.0,order_TX3nga3gNTIgBe,
2026-09-02T11:25:20.254544,TX00882,722.58,0.0512,ESCALATE,ESCALATED,Case escalated to merchant,0.0,,
2026-09-02T11:25:20.276025,TX00883,44774.25,0.0562,ESCALATE,ESCALATED,Case escalated to merchant,0.0,,
2026-09-02T11:25:20.296840,TX00885,39339.08,0.0741,ESCALATE,ESCALATED,Case escalated to merchant,0.0,,
2026-09-02T11:25:20.321817,TX00889,842.78,0.2865,SEND_REMINDER,REMINDER_SENT,Payment reminder sent to customer,0.0,,
2026-09-02T11:25:20.338677,TX00891,28431.26,0.3283,ESCALATE,ESCALATED,Case escalated to merchant,0.0,,
2026-09-02T11:25:20.360093,TX00893,30596.8,0.0737,ESCALATE,ESCALATED,Case escalated to merchant,0.0,,
2026-09-02T11:25:20.382681,TX00894,1400.69,0.0717,ESCALATE,ESCALATED,Case escalated to merchant,0.0,,
2026-09-02T11:25:20.403666,TX00895,5999.65,0.1463,ESCALATE,ESCALATED,Case escalated to merchant,0.0,,
2026-09-02T11:25:20.423313,TX00896,6529.39,0.0979,ESCALATE,ESCALATED,Case escalated to merchant,0.0,,
2026-09-02T11:25:20.445028,TX00897,9626.33,0.0649,ESCALATE,ESCALATED,Case escalated to merchant,0.0,,
2026-09-02T11:25:20.466658,TX00898,23074.71,0.037,ESCALATE,ESCALATED,Case escalated to merchant,0.0,,
2026-09-02T11:25:20.487470,TX00901,41801.55,0.533,ESCALATE,ESCALATED,Case escalated to merchant,0.0,,
2026-09-02T11:25:20.504975,TX00906,25276.64,0.0224,ESCALATE,ESCALATED,Case escalated to merchant,0.0,,
2026-09-02T11:25:20.519969,TX00908,11065.08,0.0475,ESCALATE,ESCALATED,Case escalated to merchant,0.0,,
2026-09-02T11:25:20.533139,TX00909,46781.83,0.1253,ESCALATE,ESCALATED,Case escalated to merchant,0.0,,
2026-09-02T11:25:20.546825,TX00910,23412.59,0.0405,ESCALATE,ESCALATED,Case escalated to merchant,0.0,,
2026-09-02T11:25:20.560563,TX00913,12520.51,0.0959,ESCALATE,ESCALATED,Case escalated to merchant,0.0,,
2026-09-02T11:25:20.577282,TX00914,43341.36,0.3437,ESCALATE,ESCALATED,Case escalated to merchant,0.0,,
2026-09-02T11:25:20.592868,TX00915,8398.5,0.4109,SEND_REMINDER,REMINDER_SENT,Payment reminder sent to customer,0.0,,
2026-09-02T11:25:20.612706,TX00917,913.68,0.1345,ESCALATE,ESCALATED,Case escalated to merchant,0.0,,
2026-09-02T11:25:20.629873,TX00918,24021.11,0.1269,ESCALATE,ESCALATED,Case escalated to merchant,0.0,,
2026-09-02T11:25:20.647026,TX00920,41016.56,0.0402,ESCALATE,ESCALATED,Case escalated to merchant,0.0,,
2026-09-02T11:25:20.666297,TX00921,41277.72,0.0628,ESCALATE,ESCALATED,Case escalated to merchant,0.0,,
2026-09-02T11:25:20.691899,TX00922,39429.56,0.1112,ESCALATE,ESCALATED,Case escalated to merchant,0.0,,
2026-09-02T11:25:20.768115,TX00924,41894.41,0.5266,SEND_PAYMENT_LINK,PAYMENT_LINK_CREATED,Razorpay Test Mode order created: order_TX3nhCPD2yozWh,0.0,order_TX3nhCPD2yozWh,
2026-09-02T11:25:20.790421,TX00925,27241.31,0.0924,ESCALATE,ESCALATED,Case escalated to merchant,0.0,,
2026-09-02T11:25:20.820700,TX00926,18815.64,0.0423,ESCALATE,ESCALATED,Case escalated to merchant,0.0,,
2026-09-02T11:25:20.925279,TX00927,31341.43,0.4901,SEND_PAYMENT_LINK,PAYMENT_LINK_CREATED,Razorpay Test Mode order created: order_TX3nhMlSsUa7NY,0.0,order_TX3nhMlSsUa7NY,
2026-09-02T11:25:20.950715,TX00928,814.58,0.5856,ESCALATE,ESCALATED,Case escalated to merchant,0.0,,
2026-09-02T11:25:20.975918,TX00929,7319.45,0.5608,RETRY_PAYMENT,SUCCESS,Payment retry succeeded,7319.45,,
2026-09-02T11:25:21.008301,TX00930,37166.22,0.0285,ESCALATE,ESCALATED,Case escalated to merchant,0.0,,
2026-09-02T11:25:21.035942,TX00937,13676.88,0.1109,ESCALATE,ESCALATED,Case escalated to merchant,0.0,,
2026-09-02T11:25:21.066783,TX00941,1485.31,0.0953,ESCALATE,ESCALATED,Case escalated to merchant,0.0,,
2026-09-02T11:25:21.096857,TX00945,10251.72,0.0505,ESCALATE,ESCALATED,Case escalated to merchant,0.0,,
2026-09-02T11:25:21.123228,TX00946,13053.58,0.0973,ESCALATE,ESCALATED,Case escalated to merchant,0.0,,
2026-09-02T11:25:21.143621,TX00947,5854.32,0.0769,ESCALATE,ESCALATED,Case escalated to merchant,0.0,,
2026-09-02T11:25:21.178687,TX00949,38935.0,0.0241,ESCALATE,ESCALATED,Case escalated to merchant,0.0,,
2026-09-02T11:25:21.328490,TX00950,41152.49,0.3972,SEND_PAYMENT_LINK,PAYMENT_LINK_CREATED,Razorpay Test Mode order created: order_TX3nhnxKihu4Yx,0.0,order_TX3nhnxKihu4Yx,
2026-09-02T11:25:21.363124,TX00954,16653.5,0.3551,ESCALATE,ESCALATED,Case escalated to merchant,0.0,,
2026-09-02T11:25:21.390988,TX00958,46859.01,0.0991,ESCALATE,ESCALATED,Case escalated to merchant,0.0,,
2026-09-02T11:25:21.413022,TX00959,49204.77,0.0726,ESCALATE,ESCALATED,Case escalated to merchant,0.0,,
2026-09-02T11:25:21.434021,TX00960,39864.92,0.0622,ESCALATE,ESCALATED,Case escalated to merchant,0.0,,
2026-09-02T11:25:21.452696,TX00961,37886.55,0.0364,ESCALATE,ESCALATED,Case escalated to merchant,0.0,,
2026-09-02T11:25:21.478982,TX00965,34598.17,0.1375,ESCALATE,ESCALATED,Case escalated to merchant,0.0,,
2026-09-02T11:25:21.498550,TX00966,36493.55,0.0658,ESCALATE,ESCALATED,Case escalated to merchant,0.0,,
2026-09-02T11:25:21.517354,TX00967,2539.25,0.0295,ESCALATE,ESCALATED,Case escalated to merchant,0.0,,
2026-09-02T11:25:21.546851,TX00971,33685.01,0.1633,ESCALATE,ESCALATED,Case escalated to merchant,0.0,,
2026-09-02T11:25:21.574882,TX00972,8659.66,0.056,ESCALATE,ESCALATED,Case escalated to merchant,0.0,,
2026-09-02T11:25:21.598444,TX00973,2959.71,0.0373,ESCALATE,ESCALATED,Case escalated to merchant,0.0,,
2026-09-02T11:25:21.617849,TX00974,16691.1,0.0584,ESCALATE,ESCALATED,Case escalated to merchant,0.0,,
2026-09-02T11:25:21.643095,TX00978,29065.03,0.1146,ESCALATE,ESCALATED,Case escalated to merchant,0.0,,
2026-09-02T11:25:21.659399,TX00980,49429.29,0.0951,ESCALATE,ESCALATED,Case escalated to merchant,0.0,,
2026-09-02T11:25:21.686109,TX00981,2263.12,0.0296,ESCALATE,ESCALATED,Case escalated to merchant,0.0,,
2026-09-02T11:25:21.711284,TX00985,5914.73,0.1118,ESCALATE,ESCALATED,Case escalated to merchant,0.0,,
2026-09-02T11:25:21.732617,TX00988,2738.55,0.0836,ESCALATE,ESCALATED,Case escalated to merchant,0.0,,
2026-09-02T11:25:21.763031,TX00989,30952.95,0.0412,ESCALATE,ESCALATED,Case escalated to merchant,0.0,,
2026-09-02T11:25:21.786480,TX00991,29467.31,0.033,ESCALATE,ESCALATED,Case escalated to merchant,0.0,,
2026-09-02T11:25:21.812450,TX00992,5795.75,0.069,ESCALATE,ESCALATED,Case escalated to merchant,0.0,,
2026-09-02T11:25:21.832365,TX00993,16732.93,0.0965,ESCALATE,ESCALATED,Case escalated to merchant,0.0,,
2026-09-02T11:25:21.917188,TX00996,31461.72,0.5838,SEND_PAYMENT_LINK,PAYMENT_LINK_CREATED,Razorpay Test Mode order created: order_TX3niRynm5KvKr,0.0,order_TX3niRynm5KvKr,
2026-09-02T11:25:21.937515,TX00998,42219.0,0.353,ESCALATE,ESCALATED,Case escalated to merchant,0.0,,
2026-09-02T11:25:21.956635,TX00999,16381.16,0.022,ESCALATE,ESCALATED,Case escalated to merchant,0.0,,
2026-09-02T11:25:21.980537,TX01000,34427.32,0.0919,ESCALATE,ESCALATED,Case escalated to merchant,0.0,,
2026-09-02T11:25:22.122313,TX01004,31609.73,0.4701,SEND_PAYMENT_LINK,PAYMENT_LINK_CREATED,Razorpay Test Mode order created: order_TX3nief977PhPh,0.0,order_TX3nief977PhPh,
2026-09-02T11:25:22.145208,TX01011,36631.79,0.0223,ESCALATE,ESCALATED,Case escalated to merchant,0.0,,
2026-09-02T11:25:22.170022,TX01014,3585.07,0.099,ESCALATE,ESCALATED,Case escalated to merchant,0.0,,
2026-09-02T11:25:22.194179,TX01015,9225.03,0.0676,ESCALATE,ESCALATED,Case escalated to merchant,0.0,,
2026-09-02T11:25:22.220791,TX01018,32683.3,0.0826,ESCALATE,ESCALATED,Case escalated to merchant,0.0,,
2026-09-02T11:25:22.247127,TX01023,3147.02,0.1103,ESCALATE,ESCALATED,Case escalated to merchant,0.0,,
2026-09-02T11:25:22.273690,TX01024,31713.57,0.046,ESCALATE,ESCALATED,Case escalated to merchant,0.0,,
2026-09-02T11:25:22.296057,TX01025,38492.22,0.03,ESCALATE,ESCALATED,Case escalated to merchant,0.0,,
2026-09-02T11:25:22.320362,TX01028,36562.64,0.2713,ESCALATE,ESCALATED,Case escalated to merchant,0.0,,
2026-09-02T11:25:22.406212,TX01031,6552.99,0.2878,SEND_PAYMENT_LINK,PAYMENT_LINK_CREATED,Razorpay Test Mode order created: order_TX3niyjQ0ny3qh,0.0,order_TX3niyjQ0ny3qh,
2026-09-02T11:25:22.432466,TX01032,20572.44,0.5772,RETRY_PAYMENT,SUCCESS,Payment retry succeeded,20572.44,,
2026-09-02T11:25:22.461379,TX01034,15280.93,0.1507,ESCALATE,ESCALATED,Case escalated to merchant,0.0,,
2026-09-02T11:25:22.483561,TX01038,46945.51,0.0902,ESCALATE,ESCALATED,Case escalated to merchant,0.0,,
2026-09-02T11:25:22.510097,TX01039,17622.75,0.0466,ESCALATE,ESCALATED,Case escalated to merchant,0.0,,
2026-09-02T11:25:22.540561,TX01040,12341.34,0.0711,ESCALATE,ESCALATED,Case escalated to merchant,0.0,,
2026-09-02T11:25:22.567411,TX01043,15887.52,0.0456,ESCALATE,ESCALATED,Case escalated to merchant,0.0,,
2026-09-02T11:25:22.653497,TX01046,41409.44,0.5015,SEND_PAYMENT_LINK,PAYMENT_LINK_CREATED,Razorpay Test Mode order created: order_TX3njFX7laIS94,0.0,order_TX3njFX7laIS94,
2026-09-02T11:25:22.680844,TX01047,12876.12,0.1032,ESCALATE,ESCALATED,Case escalated to merchant,0.0,,
2026-09-02T11:25:22.705053,TX01051,16661.94,0.0998,ESCALATE,ESCALATED,Case escalated to merchant,0.0,,
2026-09-02T11:25:22.724696,TX01052,37287.89,0.0597,ESCALATE,ESCALATED,Case escalated to merchant,0.0,,
2026-09-02T11:25:22.747932,TX01053,20737.67,0.0757,ESCALATE,ESCALATED,Case escalated to merchant,0.0,,
2026-09-02T11:25:22.769757,TX01056,6699.13,0.0861,ESCALATE,ESCALATED,Case escalated to merchant,0.0,,
2026-09-02T11:25:22.794949,TX01057,22138.85,0.0306,ESCALATE,ESCALATED,Case escalated to merchant,0.0,,
2026-09-02T11:25:22.818914,TX01061,34762.07,0.0538,ESCALATE,ESCALATED,Case escalated to merchant,0.0,,
2026-09-02T11:25:23.072386,TX01062,9301.01,0.4252,SEND_PAYMENT_LINK,PAYMENT_LINK_CREATED,Razorpay Test Mode order created: order_TX3njfYkj2vEF6,0.0,order_TX3njfYkj2vEF6,
2026-09-02T11:25:23.111585,TX01063,16088.44,0.1803,ESCALATE,ESCALATED,Case escalated to merchant,0.0,,
2026-09-02T11:25:23.152900,TX01067,4747.18,0.0155,ESCALATE,ESCALATED,Case escalated to merchant,0.0,,
2026-09-02T11:25:23.179322,TX01069,5412.86,0.0882,ESCALATE,ESCALATED,Case escalated to merchant,0.0,,
2026-09-02T11:25:23.207989,TX01071,28777.76,0.0405,ESCALATE,ESCALATED,Case escalated to merchant,0.0,,
2026-09-02T11:25:23.234739,TX01072,3232.92,0.0996,ESCALATE,ESCALATED,Case escalated to merchant,0.0,,
2026-09-02T11:25:23.269884,TX01074,35777.82,0.0565,ESCALATE,ESCALATED,Case escalated to merchant,0.0,,
2026-09-02T11:25:23.364590,TX01078,32175.91,0.5152,SEND_PAYMENT_LINK,PAYMENT_LINK_CREATED,Razorpay Test Mode order created: order_TX3nk29AqSiA3G,0.0,order_TX3nk29AqSiA3G,
2026-09-02T11:25:23.406521,TX01079,13921.72,0.0525,ESCALATE,ESCALATED,Case escalated to merchant,0.0,,
2026-09-02T11:25:23.449287,TX01081,6260.43,0.1447,ESCALATE,ESCALATED,Case escalated to merchant,0.0,,
2026-09-02T11:25:23.483235,TX01082,29487.06,0.211,ESCALATE,ESCALATED,Case escalated to merchant,0.0,,
2026-09-02T11:25:23.509806,TX01083,15940.67,0.433,SEND_REMINDER,REMINDER_SENT,Payment reminder sent to customer,0.0,,
2026-09-02T11:25:23.530327,TX01086,30659.99,0.4424,ESCALATE,ESCALATED,Case escalated to merchant,0.0,,
2026-09-02T11:25:23.613421,TX01089,16505.56,0.3939,SEND_PAYMENT_LINK,PAYMENT_LINK_CREATED,Razorpay Test Mode order created: order_TX3nkHlkfcb294,0.0,order_TX3nkHlkfcb294,
2026-09-02T11:25:23.659818,TX01091,9222.36,0.182,ESCALATE,ESCALATED,Case escalated to merchant,0.0,,
2026-09-02T11:25:23.699143,TX01093,19359.68,0.1136,ESCALATE,ESCALATED,Case escalated to merchant,0.0,,
2026-09-02T11:25:23.738693,TX01097,3555.37,0.0422,ESCALATE,ESCALATED,Case escalated to merchant,0.0,,
2026-09-02T11:25:23.781043,TX01098,41610.73,0.1745,ESCALATE,ESCALATED,Case escalated to merchant,0.0,,
2026-09-02T11:25:23.820548,TX01101,38679.02,0.1333,ESCALATE,ESCALATED,Case escalated to merchant,0.0,,
2026-09-02T11:25:23.863021,TX01103,29033.09,0.0321,ESCALATE,ESCALATED,Case escalated to merchant,0.0,,
2026-09-02T11:25:23.910420,TX01105,18146.7,0.0721,ESCALATE,ESCALATED,Case escalated to merchant,0.0,,
2026-09-02T11:25:23.937425,TX01106,30321.0,0.0386,ESCALATE,ESCALATED,Case escalated to merchant,0.0,,
2026-09-02T11:25:23.969663,TX01107,19495.07,0.0424,ESCALATE,ESCALATED,Case escalated to merchant,0.0,,
2026-09-02T11:25:24.003456,TX01108,43201.3,0.084,ESCALATE,ESCALATED,Case escalated to merchant,0.0,,
2026-09-02T11:25:24.095469,TX01111,13446.69,0.3792,SEND_PAYMENT_LINK,PAYMENT_LINK_CREATED,Razorpay Test Mode order created: order_TX3nkpcOztYv4r,0.0,order_TX3nkpcOztYv4r,
2026-09-02T11:25:24.132371,TX01113,27958.77,0.0967,ESCALATE,ESCALATED,Case escalated to merchant,0.0,,
2026-09-02T11:25:24.169912,TX01114,35409.36,0.0629,ESCALATE,ESCALATED,Case escalated to merchant,0.0,,
2026-09-02T11:25:24.203204,TX01120,36848.71,0.1551,ESCALATE,ESCALATED,Case escalated to merchant,0.0,,
2026-09-02T11:25:24.319922,TX01126,7053.96,0.2871,SEND_PAYMENT_LINK,PAYMENT_LINK_CREATED,Razorpay Test Mode order created: order_TX3nl3v6Nz0HvM,0.0,order_TX3nl3v6Nz0HvM,
2026-09-02T11:25:24.345804,TX01128,45180.54,0.1075,ESCALATE,ESCALATED,Case escalated to merchant,0.0,,
2026-09-02T11:25:24.373077,TX01129,1425.98,0.133,ESCALATE,ESCALATED,Case escalated to merchant,0.0,,
2026-09-02T11:25:24.399671,TX01130,10630.9,0.1162,ESCALATE,ESCALATED,Case escalated to merchant,0.0,,
2026-09-02T11:25:24.423715,TX01135,25708.29,0.0886,ESCALATE,ESCALATED,Case escalated to merchant,0.0,,
2026-09-02T11:25:24.453019,TX01136,34087.88,0.0248,ESCALATE,ESCALATED,Case escalated to merchant,0.0,,
2026-09-02T11:25:24.483757,TX01137,46598.56,0.1728,ESCALATE,ESCALATED,Case escalated to merchant,0.0,,
2026-09-02T11:25:24.938216,TX01139,40227.01,0.4167,SEND_PAYMENT_LINK,PAYMENT_LINK_CREATED,Razorpay Test Mode order created: order_TX3nlKsLTu25rv,0.0,order_TX3nlKsLTu25rv,
2026-09-02T11:25:24.974793,TX01141,19419.79,0.082,ESCALATE,ESCALATED,Case escalated to merchant,0.0,,
2026-09-02T11:25:25.011464,TX01142,18822.57,0.0894,ESCALATE,ESCALATED,Case escalated to merchant,0.0,,
2026-09-02T11:25:25.047682,TX01145,7763.93,0.0912,ESCALATE,ESCALATED,Case escalated to merchant,0.0,,
2026-09-02T11:25:25.079261,TX01150,21523.56,0.1042,ESCALATE,ESCALATED,Case escalated to merchant,0.0,,
2026-09-02T11:25:25.119377,TX01151,31674.56,0.5413,ESCALATE,ESCALATED,Case escalated to merchant,0.0,,
2026-09-02T11:25:25.563346,TX01152,36360.34,0.5072,SEND_PAYMENT_LINK,PAYMENT_LINK_CREATED,Razorpay Test Mode order created: order_TX3nmNvO0V1CqP,0.0,order_TX3nmNvO0V1CqP,
2026-09-02T11:25:25.591529,TX01154,7531.91,0.0633,ESCALATE,ESCALATED,Case escalated to merchant,0.0,,
2026-09-02T11:25:25.615205,TX01155,10487.73,0.1285,ESCALATE,ESCALATED,Case escalated to merchant,0.0,,
2026-09-02T11:25:25.637827,TX01158,20034.37,0.042,ESCALATE,ESCALATED,Case escalated to merchant,0.0,,
2026-09-02T11:25:25.657433,TX01165,16321.8,0.0825,ESCALATE,ESCALATED,Case escalated to merchant,0.0,,
2026-09-02T11:25:25.670257,TX01167,7329.44,0.0836,ESCALATE,ESCALATED,Case escalated to merchant,0.0,,
2026-09-02T11:25:25.685220,TX01169,32150.11,0.0353,ESCALATE,ESCALATED,Case escalated to merchant,0.0,,
2026-09-02T11:25:25.699279,TX01170,1473.38,0.0602,ESCALATE,ESCALATED,Case escalated to merchant,0.0,,
2026-09-02T11:25:25.716734,TX01171,39440.91,0.0636,ESCALATE,ESCALATED,Case escalated to merchant,0.0,,
2026-09-02T11:25:25.734827,TX01172,45181.76,0.0453,ESCALATE,ESCALATED,Case escalated to merchant,0.0,,
2026-09-02T11:25:25.752616,TX01173,13517.28,0.1254,ESCALATE,ESCALATED,Case escalated to merchant,0.0,,
2026-09-02T11:25:25.767491,TX01174,40657.06,0.0608,ESCALATE,ESCALATED,Case escalated to merchant,0.0,,
2026-09-02T11:25:25.781999,TX01177,24385.21,0.0562,ESCALATE,ESCALATED,Case escalated to merchant,0.0,,
2026-09-02T11:25:25.806351,TX01179,46325.02,0.0603,ESCALATE,ESCALATED,Case escalated to merchant,0.0,,
2026-09-02T11:25:25.829087,TX01180,43591.5,0.0287,ESCALATE,ESCALATED,Case escalated to merchant,0.0,,
2026-09-02T11:25:25.871361,TX01182,13830.18,0.4549,SEND_REMINDER,REMINDER_SENT,Payment reminder sent to customer,0.0,,
2026-09-02T11:25:25.903341,TX01187,2877.86,0.08,ESCALATE,ESCALATED,Case escalated to merchant,0.0,,
2026-09-02T11:25:26.017843,TX01188,33533.98,0.4591,SEND_PAYMENT_LINK,PAYMENT_LINK_CREATED,Razorpay Test Mode order created: order_TX3nmtvbMi20V3,0.0,order_TX3nmtvbMi20V3,
2026-09-02T11:25:26.050605,TX01190,12329.84,0.0375,ESCALATE,ESCALATED,Case escalated to merchant,0.0,,
2026-09-02T11:25:26.082707,TX01191,15441.15,0.0803,ESCALATE,ESCALATED,Case escalated to merchant,0.0,,
2026-09-02T11:25:26.111491,TX01194,455.95,0.4839,SEND_REMINDER,REMINDER_SENT,Payment reminder sent to customer,0.0,,
2026-09-02T11:25:26.136740,TX01195,22381.39,0.4613,SEND_REMINDER,REMINDER_SENT,Payment reminder sent to customer,0.0,,
2026-09-02T11:25:26.222302,TX01198,11934.02,0.566,SEND_PAYMENT_LINK,PAYMENT_LINK_CREATED,Razorpay Test Mode order created: order_TX3nn9WRe4Sx4v,0.0,order_TX3nn9WRe4Sx4v,
2026-09-02T11:25:26.241690,TX01199,47189.99,0.0546,ESCALATE,ESCALATED,Case escalated to merchant,0.0,,
2026-09-02T11:25:26.258171,TX01201,14614.16,0.0575,ESCALATE,ESCALATED,Case escalated to merchant,0.0,,
2026-09-02T11:25:26.274380,TX01203,40201.6,0.1538,ESCALATE,ESCALATED,Case escalated to merchant,0.0,,
2026-09-02T11:25:26.293582,TX01207,32412.49,0.0458,ESCALATE,ESCALATED,Case escalated to merchant,0.0,,
2026-09-02T11:25:26.319070,TX01208,31323.99,0.0439,ESCALATE,ESCALATED,Case escalated to merchant,0.0,,
2026-09-02T11:25:26.342002,TX01209,31989.86,0.0345,ESCALATE,ESCALATED,Case escalated to merchant,0.0,,
2026-09-02T11:25:26.361798,TX01210,15495.85,0.1025,ESCALATE,ESCALATED,Case escalated to merchant,0.0,,
2026-09-02T11:25:26.440662,TX01212,47981.71,0.5808,SEND_PAYMENT_LINK,PAYMENT_LINK_CREATED,Razorpay Test Mode order created: order_TX3nnNorUXIbGP,0.0,order_TX3nnNorUXIbGP,
2026-09-02T11:25:26.465956,TX01214,4589.98,0.4047,SEND_REMINDER,REMINDER_SENT,Payment reminder sent to customer,0.0,,
2026-09-02T11:25:26.541093,TX01218,31875.16,0.5,SEND_PAYMENT_LINK,PAYMENT_LINK_CREATED,Razorpay Test Mode order created: order_TX3nnV2t2RxMtt,0.0,order_TX3nnV2t2RxMtt,
2026-09-02T11:25:26.564533,TX01219,20209.3,0.1069,ESCALATE,ESCALATED,Case escalated to merchant,0.0,,
2026-09-02T11:25:26.584709,TX01220,28975.83,0.0323,ESCALATE,ESCALATED,Case escalated to merchant,0.0,,
2026-09-02T11:25:26.607896,TX01222,23964.56,0.1275,ESCALATE,ESCALATED,Case escalated to merchant,0.0,,
2026-09-02T11:25:26.650375,TX01224,49065.83,0.2053,ESCALATE,ESCALATED,Case escalated to merchant,0.0,,
2026-09-02T11:25:26.674886,TX01225,46637.95,0.0995,ESCALATE,ESCALATED,Case escalated to merchant,0.0,,
2026-09-02T11:25:26.704601,TX01233,7134.49,0.0187,ESCALATE,ESCALATED,Case escalated to merchant,0.0,,
2026-09-02T11:25:26.726780,TX01234,30678.02,0.1515,ESCALATE,ESCALATED,Case escalated to merchant,0.0,,
2026-09-02T11:25:26.752486,TX01239,43152.33,0.0551,ESCALATE,ESCALATED,Case escalated to merchant,0.0,,
2026-09-02T11:25:26.769630,TX01240,11807.03,0.1196,ESCALATE,ESCALATED,Case escalated to merchant,0.0,,
2026-09-02T11:25:26.786687,TX01241,34820.34,0.0423,ESCALATE,ESCALATED,Case escalated to merchant,0.0,,
2026-09-02T11:25:26.804057,TX01243,43201.53,0.1003,ESCALATE,ESCALATED,Case escalated to merchant,0.0,,
2026-09-02T11:25:26.819469,TX01245,48883.98,0.0755,ESCALATE,ESCALATED,Case escalated to merchant,0.0,,
2026-09-02T11:25:26.838247,TX01246,29214.91,0.0536,ESCALATE,ESCALATED,Case escalated to merchant,0.0,,
2026-09-02T11:25:26.854002,TX01247,49774.61,0.0379,ESCALATE,ESCALATED,Case escalated to merchant,0.0,,
2026-09-02T11:25:26.869222,TX01248,45593.43,0.0638,ESCALATE,ESCALATED,Case escalated to merchant,0.0,,
2026-09-02T11:25:26.887037,TX01250,2996.87,0.5849,SEND_REMINDER,REMINDER_SENT,Payment reminder sent to customer,0.0,,
2026-09-02T11:25:26.901245,TX01254,8539.5,0.4996,SEND_REMINDER,REMINDER_SENT,Payment reminder sent to customer,0.0,,
2026-09-02T11:25:26.918137,TX01255,23237.16,0.0333,ESCALATE,ESCALATED,Case escalated to merchant,0.0,,
2026-09-02T11:25:26.935083,TX01256,1856.74,0.6876,RETRY_PAYMENT,SUCCESS,Payment retry succeeded,1856.74,,
2026-09-02T11:25:26.949089,TX01257,6270.03,0.2589,SEND_REMINDER,REMINDER_SENT,Payment reminder sent to customer,0.0,,
2026-09-02T11:25:26.965396,TX01259,3343.87,0.0684,ESCALATE,ESCALATED,Case escalated to merchant,0.0,,
2026-09-02T11:25:27.054827,TX01260,19958.4,0.4327,SEND_PAYMENT_LINK,PAYMENT_LINK_CREATED,Razorpay Test Mode order created: order_TX3no31AhBVSqC,0.0,order_TX3no31AhBVSqC,
2026-09-02T11:25:27.099192,TX01263,43484.91,0.0365,ESCALATE,ESCALATED,Case escalated to merchant,0.0,,
2026-09-02T11:25:27.142959,TX01264,26597.11,0.0561,ESCALATE,ESCALATED,Case escalated to merchant,0.0,,
2026-09-02T11:25:27.178883,TX01265,23505.43,0.0207,ESCALATE,ESCALATED,Case escalated to merchant,0.0,,
2026-09-02T11:25:27.215763,TX01266,20653.32,0.0581,ESCALATE,ESCALATED,Case escalated to merchant,0.0,,
2026-09-02T11:25:27.245867,TX01267,40917.64,0.0595,ESCALATE,ESCALATED,Case escalated to merchant,0.0,,
2026-09-02T11:25:27.271358,TX01268,44773.82,0.0878,ESCALATE,ESCALATED,Case escalated to merchant,0.0,,
2026-09-02T11:25:27.300305,TX01269,42691.47,0.4892,ESCALATE,ESCALATED,Case escalated to merchant,0.0,,
2026-09-02T11:25:27.320379,TX01270,33742.62,0.3159,ESCALATE,ESCALATED,Case escalated to merchant,0.0,,
2026-09-02T11:25:27.335852,TX01272,13988.12,0.096,ESCALATE,ESCALATED,Case escalated to merchant,0.0,,
2026-09-02T11:25:27.365770,TX01274,46555.04,0.1315,ESCALATE,ESCALATED,Case escalated to merchant,0.0,,
2026-09-02T11:25:27.388493,TX01278,42313.55,0.2362,ESCALATE,ESCALATED,Case escalated to merchant,0.0,,
2026-09-02T11:25:27.412456,TX01289,41146.96,0.0805,ESCALATE,ESCALATED,Case escalated to merchant,0.0,,
2026-09-02T11:25:27.521865,TX01296,15523.6,0.4743,SEND_PAYMENT_LINK,PAYMENT_LINK_CREATED,Razorpay Test Mode order created: order_TX3noZDOiXAYtg,0.0,order_TX3noZDOiXAYtg,
2026-09-02T11:25:27.535326,TX01297,12260.3,0.0624,ESCALATE,ESCALATED,Case escalated to merchant,0.0,,
2026-09-02T11:25:27.550349,TX01299,37252.62,0.6215,RETRY_PAYMENT,BLOCKED,High-value transaction requires escalation,0.0,,
2026-09-02T11:25:27.572490,TX01301,11878.07,0.043,ESCALATE,ESCALATED,Case escalated to merchant,0.0,,
2026-09-02T11:25:27.594044,TX01303,45908.48,0.0457,ESCALATE,ESCALATED,Case escalated to merchant,0.0,,
2026-09-02T11:25:27.619649,TX01305,11785.3,0.0455,ESCALATE,ESCALATED,Case escalated to merchant,0.0,,
2026-09-02T11:25:27.640913,TX01308,31308.27,0.0903,ESCALATE,ESCALATED,Case escalated to merchant,0.0,,
2026-09-02T11:25:27.665907,TX01310,22719.68,0.049,ESCALATE,ESCALATED,Case escalated to merchant,0.0,,
2026-09-02T11:25:27.691682,TX01311,37006.75,0.3309,ESCALATE,ESCALATED,Case escalated to merchant,0.0,,
2026-09-02T11:25:27.718007,TX01315,38704.54,0.3004,ESCALATE,ESCALATED,Case escalated to merchant,0.0,,
2026-09-02T11:25:27.734092,TX01317,1779.78,0.128,ESCALATE,ESCALATED,Case escalated to merchant,0.0,,
2026-09-02T11:25:27.749564,TX01318,26841.34,0.1053,ESCALATE,ESCALATED,Case escalated to merchant,0.0,,
2026-09-02T11:25:27.770408,TX01320,40441.78,0.1981,ESCALATE,ESCALATED,Case escalated to merchant,0.0,,
2026-09-02T11:25:27.876084,TX01321,16172.08,0.4729,SEND_PAYMENT_LINK,PAYMENT_LINK_CREATED,Razorpay Test Mode order created: order_TX3novYmcCALh4,0.0,order_TX3novYmcCALh4,
2026-09-02T11:25:27.899994,TX01324,39168.51,0.0212,ESCALATE,ESCALATED,Case escalated to merchant,0.0,,
2026-09-02T11:25:27.920717,TX01328,13500.34,0.0299,ESCALATE,ESCALATED,Case escalated to merchant,0.0,,
2026-09-02T11:25:27.946773,TX01329,26826.11,0.1606,ESCALATE,ESCALATED,Case escalated to merchant,0.0,,
2026-09-02T11:25:27.971801,TX01330,42966.32,0.082,ESCALATE,ESCALATED,Case escalated to merchant,0.0,,
2026-09-02T11:25:27.990532,TX01332,47711.3,0.1261,ESCALATE,ESCALATED,Case escalated to merchant,0.0,,
2026-09-02T11:25:28.006554,TX01333,6269.6,0.1155,ESCALATE,ESCALATED,Case escalated to merchant,0.0,,
2026-09-02T11:25:28.030281,TX01336,3618.7,0.0575,ESCALATE,ESCALATED,Case escalated to merchant,0.0,,
2026-09-02T11:25:28.056236,TX01337,49596.08,0.1531,ESCALATE,ESCALATED,Case escalated to merchant,0.0,,
2026-09-02T11:25:28.078911,TX01338,47579.56,0.0673,ESCALATE,ESCALATED,Case escalated to merchant,0.0,,
2026-09-02T11:25:28.096672,TX01339,7023.64,0.0616,ESCALATE,ESCALATED,Case escalated to merchant,0.0,,
2026-09-02T11:25:28.116611,TX01340,26971.71,0.4993,ESCALATE,ESCALATED,Case escalated to merchant,0.0,,
2026-09-02T11:25:28.242828,TX01342,21522.13,0.4563,SEND_PAYMENT_LINK,PAYMENT_LINK_CREATED,Razorpay Test Mode order created: order_TX3npJw1dp1OYO,0.0,order_TX3npJw1dp1OYO,
2026-09-02T11:25:28.260914,TX01343,3258.97,0.0322,ESCALATE,ESCALATED,Case escalated to merchant,0.0,,
2026-09-02T11:25:28.282877,TX01344,11351.44,0.0735,ESCALATE,ESCALATED,Case escalated to merchant,0.0,,
2026-09-02T11:25:28.305296,TX01346,22044.65,0.1061,ESCALATE,ESCALATED,Case escalated to merchant,0.0,,
2026-09-02T11:25:28.417733,TX01347,48879.31,0.4277,SEND_PAYMENT_LINK,PAYMENT_LINK_CREATED,Razorpay Test Mode order created: order_TX3npY8y5mBMOt,0.0,order_TX3npY8y5mBMOt,
2026-09-02T11:25:28.445145,TX01350,26944.66,0.3608,SEND_REMINDER,REMINDER_SENT,Payment reminder sent to customer,0.0,,
2026-09-02T11:25:28.471045,TX01352,17098.28,0.0681,ESCALATE,ESCALATED,Case escalated to merchant,0.0,,
2026-09-02T11:25:28.496507,TX01353,35503.18,0.0351,ESCALATE,ESCALATED,Case escalated to merchant,0.0,,
2026-09-02T11:25:28.524861,TX01355,15868.52,0.4723,SEND_REMINDER,REMINDER_SENT,Payment reminder sent to customer,0.0,,
2026-09-02T11:25:28.545942,TX01356,33766.07,0.1499,ESCALATE,ESCALATED,Case escalated to merchant,0.0,,
2026-09-02T11:25:28.562873,TX01359,35953.05,0.1192,ESCALATE,ESCALATED,Case escalated to merchant,0.0,,
2026-09-02T11:25:28.645507,TX01365,43259.69,0.5886,SEND_PAYMENT_LINK,PAYMENT_LINK_CREATED,Razorpay Test Mode order created: order_TX3npnbNlOEJzh,0.0,order_TX3npnbNlOEJzh,
2026-09-02T11:25:28.671197,TX01366,6109.3,0.0319,ESCALATE,ESCALATED,Case escalated to merchant,0.0,,
2026-09-02T11:25:28.700244,TX01369,36946.44,0.0447,ESCALATE,ESCALATED,Case escalated to merchant,0.0,,
2026-09-02T11:25:28.723543,TX01371,22115.54,0.0646,ESCALATE,ESCALATED,Case escalated to merchant,0.0,,
2026-09-02T11:25:28.752473,TX01372,24245.99,0.0875,ESCALATE,ESCALATED,Case escalated to merchant,0.0,,
2026-09-02T11:25:28.785691,TX01373,10771.82,0.0845,ESCALATE,ESCALATED,Case escalated to merchant,0.0,,
2026-09-02T11:25:28.813745,TX01379,49043.53,0.0767,ESCALATE,ESCALATED,Case escalated to merchant,0.0,,
2026-09-02T11:25:28.839644,TX01380,30375.12,0.0686,ESCALATE,ESCALATED,Case escalated to merchant,0.0,,
2026-09-02T11:25:28.870352,TX01381,25284.68,0.0346,ESCALATE,ESCALATED,Case escalated to merchant,0.0,,
2026-09-02T11:25:28.910940,TX01382,43945.11,0.277,ESCALATE,ESCALATED,Case escalated to merchant,0.0,,
2026-09-02T11:25:28.945531,TX01384,37775.94,0.0754,ESCALATE,ESCALATED,Case escalated to merchant,0.0,,
2026-09-02T11:25:28.978077,TX01387,35106.58,0.0971,ESCALATE,ESCALATED,Case escalated to merchant,0.0,,
2026-09-02T11:25:29.012873,TX01388,9874.82,0.0848,ESCALATE,ESCALATED,Case escalated to merchant,0.0,,
2026-09-02T11:25:29.042224,TX01389,22470.61,0.6047,RETRY_PAYMENT,SUCCESS,Payment retry succeeded,22470.61,,
2026-09-02T11:25:29.069174,TX01395,20194.58,0.0779,ESCALATE,ESCALATED,Case escalated to merchant,0.0,,
2026-09-02T11:25:29.094052,TX01396,39697.8,0.1971,ESCALATE,ESCALATED,Case escalated to merchant,0.0,,
2026-09-02T11:25:29.176020,TX01398,9460.88,0.5341,SEND_PAYMENT_LINK,PAYMENT_LINK_CREATED,Razorpay Test Mode order created: order_TX3nqNJzY8s7IH,0.0,order_TX3nqNJzY8s7IH,
2026-09-02T11:25:29.199700,TX01400,10652.9,0.0682,ESCALATE,ESCALATED,Case escalated to merchant,0.0,,
2026-09-02T11:25:29.220220,TX01402,48486.87,0.0814,ESCALATE,ESCALATED,Case escalated to merchant,0.0,,
2026-09-02T11:25:29.235008,TX01403,36788.49,0.6723,RETRY_PAYMENT,BLOCKED,High-value transaction requires escalation,0.0,,
2026-09-02T11:25:29.259687,TX01404,35039.91,0.0501,ESCALATE,ESCALATED,Case escalated to merchant,0.0,,
2026-09-02T11:25:29.360496,TX01406,5967.99,0.4051,SEND_PAYMENT_LINK,PAYMENT_LINK_CREATED,Razorpay Test Mode order created: order_TX3nqZ65NNSSj7,0.0,order_TX3nqZ65NNSSj7,
2026-09-02T11:25:29.379875,TX01410,25505.46,0.0667,ESCALATE,ESCALATED,Case escalated to merchant,0.0,,
2026-09-02T11:25:29.398375,TX01411,31088.02,0.0463,ESCALATE,ESCALATED,Case escalated to merchant,0.0,,
2026-09-02T11:25:29.419851,TX01414,38444.9,0.0399,ESCALATE,ESCALATED,Case escalated to merchant,0.0,,
2026-09-02T11:25:29.441515,TX01418,26649.25,0.0515,ESCALATE,ESCALATED,Case escalated to merchant,0.0,,
2026-09-02T11:25:29.463989,TX01420,41331.86,0.068,ESCALATE,ESCALATED,Case escalated to merchant,0.0,,
2026-09-02T11:25:29.486173,TX01427,31034.57,0.0677,ESCALATE,ESCALATED,Case escalated to merchant,0.0,,
2026-09-02T11:25:29.507907,TX01429,34502.76,0.0516,ESCALATE,ESCALATED,Case escalated to merchant,0.0,,
2026-09-02T11:25:29.532281,TX01430,27686.43,0.517,ESCALATE,ESCALATED,Case escalated to merchant,0.0,,
2026-09-02T11:25:29.556095,TX01431,12243.54,0.0205,ESCALATE,ESCALATED,Case escalated to merchant,0.0,,
2026-09-02T11:25:29.641067,TX01432,21414.68,0.4114,SEND_PAYMENT_LINK,PAYMENT_LINK_CREATED,Razorpay Test Mode order created: order_TX3nqsYEkAp0Qw,0.0,order_TX3nqsYEkAp0Qw,
2026-09-02T11:25:29.658706,TX01433,48393.59,0.1261,ESCALATE,ESCALATED,Case escalated to merchant,0.0,,
2026-09-02T11:25:29.680915,TX01435,28306.89,0.1043,ESCALATE,ESCALATED,Case escalated to merchant,0.0,,
2026-09-02T11:25:29.705452,TX01436,46661.24,0.0698,ESCALATE,ESCALATED,Case escalated to merchant,0.0,,
2026-09-02T11:25:29.734413,TX01437,29408.29,0.062,ESCALATE,ESCALATED,Case escalated to merchant,0.0,,
2026-09-02T11:25:29.759842,TX01438,26398.91,0.5771,RETRY_PAYMENT,SUCCESS,Payment retry succeeded,26398.91,,
2026-09-02T11:25:29.783139,TX01439,38013.68,0.1072,ESCALATE,ESCALATED,Case escalated to merchant,0.0,,
2026-09-02T11:25:29.807446,TX01441,9819.37,0.0611,ESCALATE,ESCALATED,Case escalated to merchant,0.0,,
2026-09-02T11:25:29.833697,TX01444,19035.58,0.5972,RETRY_PAYMENT,SUCCESS,Payment retry succeeded,19035.58,,
2026-09-02T11:25:29.858836,TX01447,10127.41,0.0403,ESCALATE,ESCALATED,Case escalated to merchant,0.0,,
2026-09-02T11:25:29.880975,TX01448,20735.85,0.1114,ESCALATE,ESCALATED,Case escalated to merchant,0.0,,
2026-09-02T11:25:29.905018,TX01449,3799.39,0.084,ESCALATE,ESCALATED,Case escalated to merchant,0.0,,
2026-09-02T11:25:29.930831,TX01451,42712.0,0.0248,ESCALATE,ESCALATED,Case escalated to merchant,0.0,,
2026-09-02T11:25:29.954968,TX01453,18147.62,0.0414,ESCALATE,ESCALATED,Case escalated to merchant,0.0,,
2026-09-02T11:25:29.976029,TX01456,27365.42,0.0156,ESCALATE,ESCALATED,Case escalated to merchant,0.0,,
2026-09-02T11:25:30.004965,TX01457,10511.44,0.053,ESCALATE,ESCALATED,Case escalated to merchant,0.0,,
2026-09-02T11:25:30.103727,TX01462,12428.42,0.4977,SEND_PAYMENT_LINK,PAYMENT_LINK_CREATED,Razorpay Test Mode order created: order_TX3nrOFa09eAK9,0.0,order_TX3nrOFa09eAK9,
2026-09-02T11:25:30.123635,TX01467,29161.9,0.1008,ESCALATE,ESCALATED,Case escalated to merchant,0.0,,
2026-09-02T11:25:30.218948,TX01468,35791.84,0.5478,SEND_PAYMENT_LINK,PAYMENT_LINK_CREATED,Razorpay Test Mode order created: order_TX3nrVkGU83EzC,0.0,order_TX3nrVkGU83EzC,
2026-09-02T11:25:30.239030,TX01471,14261.92,0.0167,ESCALATE,ESCALATED,Case escalated to merchant,0.0,,
2026-09-02T11:25:30.263834,TX01477,10222.94,0.0923,ESCALATE,ESCALATED,Case escalated to merchant,0.0,,
2026-09-02T11:25:30.290316,TX01478,44533.78,0.0254,ESCALATE,ESCALATED,Case escalated to merchant,0.0,,
2026-09-02T11:25:30.370485,TX01479,5922.34,0.4295,SEND_PAYMENT_LINK,PAYMENT_LINK_CREATED,Razorpay Test Mode order created: order_TX3nrgJWR6iUBJ,0.0,order_TX3nrgJWR6iUBJ,
2026-09-02T11:25:30.394062,TX01481,25200.01,0.0462,ESCALATE,ESCALATED,Case escalated to merchant,0.0,,
2026-09-02T11:25:30.416608,TX01482,29239.77,0.0926,ESCALATE,ESCALATED,Case escalated to merchant,0.0,,
2026-09-02T11:25:30.442871,TX01483,29032.47,0.1155,ESCALATE,ESCALATED,Case escalated to merchant,0.0,,
2026-09-02T11:25:30.471609,TX01485,15839.38,0.0792,ESCALATE,ESCALATED,Case escalated to merchant,0.0,,
2026-09-02T11:25:30.507531,TX01487,10985.64,0.134,ESCALATE,ESCALATED,Case escalated to merchant,0.0,,
2026-09-02T11:25:30.545721,TX01489,4538.04,0.0181,ESCALATE,ESCALATED,Case escalated to merchant,0.0,,
2026-09-02T11:25:30.576592,TX01490,24471.75,0.0442,ESCALATE,ESCALATED,Case escalated to merchant,0.0,,
2026-09-02T11:25:30.598690,TX01498,15101.75,0.1211,ESCALATE,ESCALATED,Case escalated to merchant,0.0,,
2026-09-02T11:25:30.626492,TX01504,49291.26,0.0938,ESCALATE,ESCALATED,Case escalated to merchant,0.0,,
2026-09-02T11:25:30.648856,TX01506,30148.93,0.0526,ESCALATE,ESCALATED,Case escalated to merchant,0.0,,
2026-09-02T11:25:30.676967,TX01507,17093.17,0.0498,ESCALATE,ESCALATED,Case escalated to merchant,0.0,,
2026-09-02T11:25:30.719978,TX01511,22408.59,0.0821,ESCALATE,ESCALATED,Case escalated to merchant,0.0,,
2026-09-02T11:25:30.755763,TX01513,3312.85,0.0623,ESCALATE,ESCALATED,Case escalated to merchant,0.0,,
2026-09-02T11:25:30.796058,TX01514,19495.83,0.0768,ESCALATE,ESCALATED,Case escalated to merchant,0.0,,
2026-09-02T11:25:30.822839,TX01515,29254.39,0.1066,ESCALATE,ESCALATED,Case escalated to merchant,0.0,,
2026-09-02T11:25:30.854230,TX01518,24118.65,0.0444,ESCALATE,ESCALATED,Case escalated to merchant,0.0,,
2026-09-02T11:25:30.944289,TX01519,33152.85,0.453,SEND_PAYMENT_LINK,PAYMENT_LINK_CREATED,Razorpay Test Mode order created: order_TX3nsIl211CNvG,0.0,order_TX3nsIl211CNvG,
2026-09-02T11:25:31.019355,TX01520,11112.48,0.2661,SEND_PAYMENT_LINK,PAYMENT_LINK_CREATED,Razorpay Test Mode order created: order_TX3nsO3T5McGpc,0.0,order_TX3nsO3T5McGpc,
2026-09-02T11:25:31.043703,TX01521,5819.59,0.0808,ESCALATE,ESCALATED,Case escalated to merchant,0.0,,
2026-09-02T11:25:31.130494,TX01522,29902.41,0.5688,SEND_PAYMENT_LINK,PAYMENT_LINK_CREATED,Razorpay Test Mode order created: order_TX3nsVgKtvvZZ1,0.0,order_TX3nsVgKtvvZZ1,
2026-09-02T11:25:31.164237,TX01523,24337.54,0.0381,ESCALATE,ESCALATED,Case escalated to merchant,0.0,,
2026-09-02T11:25:31.195476,TX01524,1538.01,0.131,ESCALATE,ESCALATED,Case escalated to merchant,0.0,,
2026-09-02T11:25:31.216702,TX01526,5485.05,0.1054,ESCALATE,ESCALATED,Case escalated to merchant,0.0,,
2026-09-02T11:25:31.240473,TX01529,30734.97,0.0759,ESCALATE,ESCALATED,Case escalated to merchant,0.0,,
2026-09-02T11:25:31.276030,TX01533,26874.6,0.0307,ESCALATE,ESCALATED,Case escalated to merchant,0.0,,
2026-09-02T11:25:31.314213,TX01534,30990.88,0.0356,ESCALATE,ESCALATED,Case escalated to merchant,0.0,,
2026-09-02T11:25:31.350419,TX01540,1299.88,0.0527,ESCALATE,ESCALATED,Case escalated to merchant,0.0,,
2026-09-02T11:25:31.383649,TX01546,42876.83,0.1844,ESCALATE,ESCALATED,Case escalated to merchant,0.0,,
2026-09-02T11:25:31.413162,TX01548,24719.64,0.4974,SEND_REMINDER,REMINDER_SENT,Payment reminder sent to customer,0.0,,
2026-09-02T11:25:31.440863,TX01549,35103.11,0.1147,ESCALATE,ESCALATED,Case escalated to merchant,0.0,,
2026-09-02T11:25:31.468061,TX01552,15608.76,0.2264,ESCALATE,ESCALATED,Case escalated to merchant,0.0,,
2026-09-02T11:25:31.501502,TX01554,25880.69,0.0892,ESCALATE,ESCALATED,Case escalated to merchant,0.0,,
2026-09-02T11:25:31.538929,TX01555,24963.24,0.0423,ESCALATE,ESCALATED,Case escalated to merchant,0.0,,
2026-09-02T11:25:31.573372,TX01557,5586.12,0.071,ESCALATE,ESCALATED,Case escalated to merchant,0.0,,
2026-09-02T11:25:31.615648,TX01558,42136.92,0.0706,ESCALATE,ESCALATED,Case escalated to merchant,0.0,,
2026-09-02T11:25:31.648434,TX01560,16426.06,0.104,ESCALATE,ESCALATED,Case escalated to merchant,0.0,,
2026-09-02T11:25:31.752593,TX01563,29279.18,0.5059,SEND_PAYMENT_LINK,PAYMENT_LINK_CREATED,Razorpay Test Mode order created: order_TX3ntAT8JT6vDV,0.0,order_TX3ntAT8JT6vDV,
2026-09-02T11:25:31.788594,TX01564,10508.28,0.374,ESCALATE,ESCALATED,Case escalated to merchant,0.0,,
2026-09-02T11:25:31.824934,TX01565,42600.01,0.0782,ESCALATE,ESCALATED,Case escalated to merchant,0.0,,
2026-09-02T11:25:31.866579,TX01575,14466.39,0.0996,ESCALATE,ESCALATED,Case escalated to merchant,0.0,,
2026-09-02T11:25:31.904855,TX01576,26000.24,0.4579,SEND_REMINDER,REMINDER_SENT,Payment reminder sent to customer,0.0,,
2026-09-02T11:25:31.936069,TX01578,41859.24,0.1069,ESCALATE,ESCALATED,Case escalated to merchant,0.0,,
2026-09-02T11:25:32.024430,TX01579,35275.9,0.3774,SEND_PAYMENT_LINK,PAYMENT_LINK_CREATED,Razorpay Test Mode order created: order_TX3ntU6URD7anP,0.0,order_TX3ntU6URD7anP,
2026-09-02T11:25:32.065718,TX01580,46444.12,0.127,ESCALATE,ESCALATED,Case escalated to merchant,0.0,,
2026-09-02T11:25:32.098945,TX01583,13401.05,0.036,ESCALATE,ESCALATED,Case escalated to merchant,0.0,,
2026-09-02T11:25:32.125236,TX01585,9804.95,0.1257,ESCALATE,ESCALATED,Case escalated to merchant,0.0,,
2026-09-02T11:25:32.228180,TX01586,4817.2,0.5799,SEND_PAYMENT_LINK,PAYMENT_LINK_CREATED,Razorpay Test Mode order created: order_TX3nthq5fNWnBH,0.0,order_TX3nthq5fNWnBH,
2026-09-02T11:25:32.257939,TX01587,26704.7,0.2343,ESCALATE,ESCALATED,Case escalated to merchant,0.0,,
2026-09-02T11:25:32.275448,TX01591,40616.29,0.0842,ESCALATE,ESCALATED,Case escalated to merchant,0.0,,
2026-09-02T11:25:32.300123,TX01593,3054.05,0.0879,ESCALATE,ESCALATED,Case escalated to merchant,0.0,,
2026-09-02T11:25:32.324317,TX01598,29217.77,0.2031,ESCALATE,ESCALATED,Case escalated to merchant,0.0,,
2026-09-02T11:25:32.340942,TX01600,6246.46,0.0223,ESCALATE,ESCALATED,Case escalated to merchant,0.0,,
2026-09-02T11:25:32.355372,TX01601,36112.39,0.0658,ESCALATE,ESCALATED,Case escalated to merchant,0.0,,
2026-09-02T11:25:32.372710,TX01602,9352.48,0.5301,ESCALATE,ESCALATED,Case escalated to merchant,0.0,,
2026-09-02T11:25:32.387993,TX01603,16553.6,0.4388,ESCALATE,ESCALATED,Case escalated to merchant,0.0,,
2026-09-02T11:25:32.405872,TX01606,12591.19,0.0535,ESCALATE,ESCALATED,Case escalated to merchant,0.0,,
2026-09-02T11:25:32.421549,TX01610,36455.01,0.0175,ESCALATE,ESCALATED,Case escalated to merchant,0.0,,
2026-09-02T11:25:32.489739,TX01614,19400.57,0.3991,SEND_PAYMENT_LINK,PAYMENT_LINK_CREATED,Razorpay Test Mode order created: order_TX3ntzhZeuuK7V,0.0,order_TX3ntzhZeuuK7V,
2026-09-02T11:25:32.515980,TX01616,42828.85,0.1034,ESCALATE,ESCALATED,Case escalated to merchant,0.0,,
2026-09-02T11:25:32.537619,TX01617,37547.69,0.0524,ESCALATE,ESCALATED,Case escalated to merchant,0.0,,
2026-09-02T11:25:32.567778,TX01618,40294.82,0.4876,ESCALATE,ESCALATED,Case escalated to merchant,0.0,,
2026-09-02T11:25:32.606113,TX01620,3672.03,0.1359,ESCALATE,ESCALATED,Case escalated to merchant,0.0,,
2026-09-02T11:25:32.720148,TX01623,14536.41,0.5349,SEND_PAYMENT_LINK,PAYMENT_LINK_CREATED,Razorpay Test Mode order created: order_TX3nuFJRCskh9p,0.0,order_TX3nuFJRCskh9p,
2026-09-02T11:25:32.747174,TX01624,36289.87,0.0668,ESCALATE,ESCALATED,Case escalated to merchant,0.0,,
2026-09-02T11:25:32.781361,TX01625,41853.5,0.1095,ESCALATE,ESCALATED,Case escalated to merchant,0.0,,
2026-09-02T11:25:32.810554,TX01626,43151.98,0.0886,ESCALATE,ESCALATED,Case escalated to merchant,0.0,,
2026-09-02T11:25:32.921754,TX01628,42640.18,0.4386,SEND_PAYMENT_LINK,PAYMENT_LINK_CREATED,Razorpay Test Mode order created: order_TX3nuSQ5Vk5tY6,0.0,order_TX3nuSQ5Vk5tY6,
2026-09-02T11:25:33.001359,TX01630,2673.14,0.4798,SEND_PAYMENT_LINK,PAYMENT_LINK_CREATED,Razorpay Test Mode order created: order_TX3nuY2KbcGtsW,0.0,order_TX3nuY2KbcGtsW,
2026-09-02T11:25:33.021864,TX01638,22987.25,0.0953,ESCALATE,ESCALATED,Case escalated to merchant,0.0,,
2026-09-02T11:25:33.093612,TX01643,42314.23,0.4663,SEND_PAYMENT_LINK,PAYMENT_LINK_CREATED,Razorpay Test Mode order created: order_TX3nueby7zfhWy,0.0,order_TX3nueby7zfhWy,
2026-09-02T11:25:33.114732,TX01644,5889.01,0.2597,SEND_REMINDER,REMINDER_SENT,Payment reminder sent to customer,0.0,,
2026-09-02T11:25:33.134333,TX01646,41433.23,0.068,ESCALATE,ESCALATED,Case escalated to merchant,0.0,,
2026-09-02T11:25:33.148492,TX01647,19024.1,0.0336,ESCALATE,ESCALATED,Case escalated to merchant,0.0,,
2026-09-02T11:25:33.173546,TX01649,23419.41,0.0504,ESCALATE,ESCALATED,Case escalated to merchant,0.0,,
2026-09-02T11:25:33.191204,TX01654,36009.97,0.0527,ESCALATE,ESCALATED,Case escalated to merchant,0.0,,
2026-09-02T11:25:33.210984,TX01658,5208.02,0.4303,SEND_REMINDER,REMINDER_SENT,Payment reminder sent to customer,0.0,,
2026-09-02T11:25:33.227855,TX01659,19784.42,0.0632,ESCALATE,ESCALATED,Case escalated to merchant,0.0,,
2026-09-02T11:25:33.246119,TX01660,30912.29,0.0728,ESCALATE,ESCALATED,Case escalated to merchant,0.0,,
2026-09-02T11:25:33.272712,TX01662,17440.6,0.1852,ESCALATE,ESCALATED,Case escalated to merchant,0.0,,
2026-09-02T11:25:33.292138,TX01667,11721.61,0.124,ESCALATE,ESCALATED,Case escalated to merchant,0.0,,
2026-09-02T11:25:33.381321,TX01668,20331.23,0.2571,SEND_PAYMENT_LINK,PAYMENT_LINK_CREATED,Razorpay Test Mode order created: order_TX3nuy3S2jD6tx,0.0,order_TX3nuy3S2jD6tx,
2026-09-02T11:25:33.417229,TX01669,49664.61,0.057,ESCALATE,ESCALATED,Case escalated to merchant,0.0,,
2026-09-02T11:25:33.505023,TX01673,14373.1,0.5277,SEND_PAYMENT_LINK,PAYMENT_LINK_CREATED,Razorpay Test Mode order created: order_TX3nv6GdELijAB,0.0,order_TX3nv6GdELijAB,
2026-09-02T11:25:33.626981,TX01674,25957.03,0.4641,SEND_PAYMENT_LINK,PAYMENT_LINK_CREATED,Razorpay Test Mode order created: order_TX3nvDUvgnqafN,0.0,order_TX3nvDUvgnqafN,
2026-09-02T11:25:33.652417,TX01675,42439.44,0.0734,ESCALATE,ESCALATED,Case escalated to merchant,0.0,,
2026-09-02T11:25:33.686890,TX01677,14644.19,0.0411,ESCALATE,ESCALATED,Case escalated to merchant,0.0,,
2026-09-02T11:25:33.710330,TX01678,10232.9,0.5635,RETRY_PAYMENT,SUCCESS,Payment retry succeeded,10232.9,,
2026-09-02T11:25:33.734069,TX01679,13407.39,0.0294,ESCALATE,ESCALATED,Case escalated to merchant,0.0,,
2026-09-02T11:25:33.758014,TX01680,8654.01,0.0828,ESCALATE,ESCALATED,Case escalated to merchant,0.0,,
2026-09-02T11:25:33.789159,TX01681,4962.91,0.0588,ESCALATE,ESCALATED,Case escalated to merchant,0.0,,
2026-09-02T11:25:33.946630,TX01682,21072.98,0.5044,SEND_PAYMENT_LINK,PAYMENT_LINK_CREATED,Razorpay Test Mode order created: order_TX3nvZvDP0H1dp,0.0,order_TX3nvZvDP0H1dp,
2026-09-02T11:25:33.989593,TX01683,5842.32,0.2482,ESCALATE,ESCALATED,Case escalated to merchant,0.0,,
2026-09-02T11:25:34.120117,TX01688,16005.96,0.3262,SEND_PAYMENT_LINK,PAYMENT_LINK_CREATED,Razorpay Test Mode order created: order_TX3nvljRF3EMmt,0.0,order_TX3nvljRF3EMmt,
2026-09-02T11:25:34.149292,TX01692,37638.19,0.1182,ESCALATE,ESCALATED,Case escalated to merchant,0.0,,
2026-09-02T11:25:34.184062,TX01697,34806.94,0.1257,ESCALATE,ESCALATED,Case escalated to merchant,0.0,,
2026-09-02T11:25:34.219097,TX01699,19825.69,0.0754,ESCALATE,ESCALATED,Case escalated to merchant,0.0,,
2026-09-02T11:25:34.250032,TX01700,42577.4,0.0569,ESCALATE,ESCALATED,Case escalated to merchant,0.0,,
2026-09-02T11:25:34.283759,TX01701,17423.77,0.0318,ESCALATE,ESCALATED,Case escalated to merchant,0.0,,
2026-09-02T11:25:34.306615,TX01706,26959.56,0.0059,ESCALATE,ESCALATED,Case escalated to merchant,0.0,,
2026-09-02T11:25:34.331454,TX01709,13723.21,0.122,ESCALATE,ESCALATED,Case escalated to merchant,0.0,,
2026-09-02T11:25:34.365245,TX01710,15947.51,0.6042,RETRY_PAYMENT,SUCCESS,Payment retry succeeded,15947.51,,
2026-09-02T11:25:34.383312,TX01714,20238.18,0.0271,ESCALATE,ESCALATED,Case escalated to merchant,0.0,,
2026-09-02T11:25:34.398771,TX01715,15040.74,0.1418,ESCALATE,ESCALATED,Case escalated to merchant,0.0,,
2026-09-02T11:25:34.416807,TX01716,31348.81,0.1515,ESCALATE,ESCALATED,Case escalated to merchant,0.0,,
2026-09-02T11:25:34.431852,TX01717,7911.91,0.0607,ESCALATE,ESCALATED,Case escalated to merchant,0.0,,
2026-09-02T11:25:34.447628,TX01721,47221.6,0.0212,ESCALATE,ESCALATED,Case escalated to merchant,0.0,,
2026-09-02T11:25:34.464157,TX01722,49776.45,0.5497,ESCALATE,ESCALATED,Case escalated to merchant,0.0,,
2026-09-02T11:25:34.483903,TX01725,22252.9,0.097,ESCALATE,ESCALATED,Case escalated to merchant,0.0,,
2026-09-02T11:25:34.499210,TX01727,10459.08,0.0421,ESCALATE,ESCALATED,Case escalated to merchant,0.0,,
2026-09-02T11:25:34.513682,TX01731,41962.72,0.2041,ESCALATE,ESCALATED,Case escalated to merchant,0.0,,
2026-09-02T11:25:34.528835,TX01732,40466.81,0.2184,ESCALATE,ESCALATED,Case escalated to merchant,0.0,,
2026-09-02T11:25:34.545252,TX01734,637.11,0.0728,ESCALATE,ESCALATED,Case escalated to merchant,0.0,,
2026-09-02T11:25:34.560662,TX01735,19230.22,0.6496,RETRY_PAYMENT,SUCCESS,Payment retry succeeded,19230.22,,
2026-09-02T11:25:34.579535,TX01736,15230.11,0.0195,ESCALATE,ESCALATED,Case escalated to merchant,0.0,,
2026-09-02T11:25:34.593880,TX01738,25367.19,0.0106,ESCALATE,ESCALATED,Case escalated to merchant,0.0,,
2026-09-02T11:25:34.610832,TX01743,48852.88,0.5383,ESCALATE,ESCALATED,Case escalated to merchant,0.0,,
2026-09-02T11:25:34.628648,TX01746,24508.25,0.3469,SEND_REMINDER,REMINDER_SENT,Payment reminder sent to customer,0.0,,
2026-09-02T11:25:34.644789,TX01747,40690.53,0.0462,ESCALATE,ESCALATED,Case escalated to merchant,0.0,,
2026-09-02T11:25:34.661012,TX01748,5141.63,0.0186,ESCALATE,ESCALATED,Case escalated to merchant,0.0,,
2026-09-02T11:25:34.681691,TX01750,31499.41,0.1543,ESCALATE,ESCALATED,Case escalated to merchant,0.0,,
2026-09-02T11:25:34.712619,TX01752,31447.9,0.1165,ESCALATE,ESCALATED,Case escalated to merchant,0.0,,
2026-09-02T11:25:34.745515,TX01753,46198.51,0.1293,ESCALATE,ESCALATED,Case escalated to merchant,0.0,,
2026-09-02T11:25:34.776643,TX01754,49876.4,0.1385,ESCALATE,ESCALATED,Case escalated to merchant,0.0,,
2026-09-02T11:25:34.818071,TX01760,10333.7,0.1201,ESCALATE,ESCALATED,Case escalated to merchant,0.0,,
2026-09-02T11:25:34.849707,TX01762,45942.38,0.0269,ESCALATE,ESCALATED,Case escalated to merchant,0.0,,
2026-09-02T11:25:34.875339,TX01765,20376.4,0.0666,ESCALATE,ESCALATED,Case escalated to merchant,0.0,,
2026-09-02T11:25:34.897327,TX01766,12102.92,0.0446,ESCALATE,ESCALATED,Case escalated to merchant,0.0,,
2026-09-02T11:25:34.917732,TX01769,42555.11,0.04,ESCALATE,ESCALATED,Case escalated to merchant,0.0,,
2026-09-02T11:25:34.936475,TX01772,32748.62,0.0679,ESCALATE,ESCALATED,Case escalated to merchant,0.0,,
2026-09-02T11:25:34.951087,TX01775,24563.52,0.5238,ESCALATE,ESCALATED,Case escalated to merchant,0.0,,
2026-09-02T11:25:34.970755,TX01776,6840.55,0.1642,ESCALATE,ESCALATED,Case escalated to merchant,0.0,,
2026-09-02T11:25:34.987168,TX01780,11673.25,0.1006,ESCALATE,ESCALATED,Case escalated to merchant,0.0,,
2026-09-02T11:25:35.012996,TX01781,14604.35,0.0184,ESCALATE,ESCALATED,Case escalated to merchant,0.0,,
2026-09-02T11:25:35.034786,TX01786,43305.45,0.1354,ESCALATE,ESCALATED,Case escalated to merchant,0.0,,
2026-09-02T11:25:35.059863,TX01792,4058.65,0.0261,ESCALATE,ESCALATED,Case escalated to merchant,0.0,,
2026-09-02T11:25:35.087121,TX01793,14259.23,0.0812,ESCALATE,ESCALATED,Case escalated to merchant,0.0,,
2026-09-02T11:25:35.107795,TX01794,29347.78,0.3534,ESCALATE,ESCALATED,Case escalated to merchant,0.0,,
2026-09-02T11:25:35.132753,TX01795,12969.37,0.0395,ESCALATE,ESCALATED,Case escalated to merchant,0.0,,
2026-09-02T11:25:35.156617,TX01796,46712.1,0.0387,ESCALATE,ESCALATED,Case escalated to merchant,0.0,,
2026-09-02T11:25:35.177793,TX01797,6726.72,0.211,SEND_REMINDER,REMINDER_SENT,Payment reminder sent to customer,0.0,,
2026-09-02T11:25:35.203794,TX01798,39910.24,0.3459,ESCALATE,ESCALATED,Case escalated to merchant,0.0,,
2026-09-02T11:25:35.229073,TX01802,25821.58,0.1532,ESCALATE,ESCALATED,Case escalated to merchant,0.0,,
2026-09-02T11:25:35.314738,TX01803,42870.4,0.5646,SEND_PAYMENT_LINK,PAYMENT_LINK_CREATED,Razorpay Test Mode order created: order_TX3nx4zDfYmW6D,0.0,order_TX3nx4zDfYmW6D,
2026-09-02T11:25:35.337371,TX01811,23878.09,0.0209,ESCALATE,ESCALATED,Case escalated to merchant,0.0,,
2026-09-02T11:25:35.358722,TX01812,37895.0,0.1016,ESCALATE,ESCALATED,Case escalated to merchant,0.0,,
2026-09-02T11:25:35.380843,TX01813,34518.23,0.0254,ESCALATE,ESCALATED,Case escalated to merchant,0.0,,
2026-09-02T11:25:35.407924,TX01814,43209.32,0.2,ESCALATE,ESCALATED,Case escalated to merchant,0.0,,
2026-09-02T11:25:35.433401,TX01815,49841.1,0.1248,ESCALATE,ESCALATED,Case escalated to merchant,0.0,,
2026-09-02T11:25:35.457389,TX01816,21457.54,0.0521,ESCALATE,ESCALATED,Case escalated to merchant,0.0,,
2026-09-02T11:25:35.538612,TX01817,5735.31,0.5133,SEND_PAYMENT_LINK,PAYMENT_LINK_CREATED,Razorpay Test Mode order created: order_TX3nxJgHpjmjRg,0.0,order_TX3nxJgHpjmjRg,
2026-09-02T11:25:35.616314,TX01818,1714.71,0.2722,SEND_PAYMENT_LINK,PAYMENT_LINK_CREATED,Razorpay Test Mode order created: order_TX3nxOpheIeR0R,0.0,order_TX3nxOpheIeR0R,
2026-09-02T11:25:35.637632,TX01821,11191.49,0.2491,SEND_REMINDER,REMINDER_SENT,Payment reminder sent to customer,0.0,,
2026-09-02T11:25:35.658609,TX01826,20204.51,0.2177,ESCALATE,ESCALATED,Case escalated to merchant,0.0,,
2026-09-02T11:25:35.682150,TX01830,30830.22,0.0629,ESCALATE,ESCALATED,Case escalated to merchant,0.0,,
2026-09-02T11:25:35.782681,TX01831,8948.47,0.4888,SEND_PAYMENT_LINK,PAYMENT_LINK_CREATED,Razorpay Test Mode order created: order_TX3nxaWEMzfEzb,0.0,order_TX3nxaWEMzfEzb,
2026-09-02T11:25:35.803703,TX01832,25756.86,0.0727,ESCALATE,ESCALATED,Case escalated to merchant,0.0,,
2026-09-02T11:25:35.927856,TX01833,35825.97,0.4551,SEND_PAYMENT_LINK,PAYMENT_LINK_CREATED,Razorpay Test Mode order created: order_TX3nxk95j8ZTy9,0.0,order_TX3nxk95j8ZTy9,
2026-09-02T11:25:35.948282,TX01837,3950.01,0.072,ESCALATE,ESCALATED,Case escalated to merchant,0.0,,
2026-09-02T11:25:35.968425,TX01838,18917.45,0.1004,ESCALATE,ESCALATED,Case escalated to merchant,0.0,,
2026-09-02T11:25:35.990892,TX01842,16595.68,0.1064,ESCALATE,ESCALATED,Case escalated to merchant,0.0,,
2026-09-02T11:25:36.019212,TX01846,17723.86,0.178,ESCALATE,ESCALATED,Case escalated to merchant,0.0,,
2026-09-02T11:25:36.041708,TX01847,35339.64,0.388,ESCALATE,ESCALATED,Case escalated to merchant,0.0,,
2026-09-02T11:25:36.127021,TX01849,6407.44,0.3647,SEND_PAYMENT_LINK,PAYMENT_LINK_CREATED,Razorpay Test Mode order created: order_TX3nxxfdY3Gi4r,0.0,order_TX3nxxfdY3Gi4r,
2026-09-02T11:25:36.146860,TX01851,31868.36,0.0924,ESCALATE,ESCALATED,Case escalated to merchant,0.0,,
2026-09-02T11:25:36.172377,TX01853,4144.81,0.1072,ESCALATE,ESCALATED,Case escalated to merchant,0.0,,
2026-09-02T11:25:36.275971,TX01856,9601.94,0.5957,SEND_PAYMENT_LINK,PAYMENT_LINK_CREATED,Razorpay Test Mode order created: order_TX3ny7rtTaZbjw,0.0,order_TX3ny7rtTaZbjw,
2026-09-02T11:25:36.301231,TX01863,30553.39,0.0934,ESCALATE,ESCALATED,Case escalated to merchant,0.0,,
2026-09-02T11:25:36.325937,TX01864,28507.91,0.0495,ESCALATE,ESCALATED,Case escalated to merchant,0.0,,
2026-09-02T11:25:36.351683,TX01866,49337.04,0.0332,ESCALATE,ESCALATED,Case escalated to merchant,0.0,,
2026-09-02T11:25:36.377429,TX01867,12693.5,0.0709,ESCALATE,ESCALATED,Case escalated to merchant,0.0,,
2026-09-02T11:25:36.398261,TX01870,39302.46,0.0618,ESCALATE,ESCALATED,Case escalated to merchant,0.0,,
2026-09-02T11:25:36.422163,TX01871,24472.83,0.0641,ESCALATE,ESCALATED,Case escalated to merchant,0.0,,
2026-09-02T11:25:36.492628,TX01875,2715.27,0.413,SEND_PAYMENT_LINK,PAYMENT_LINK_CREATED,Razorpay Test Mode order created: order_TX3nyMcPUEEmlh,0.0,order_TX3nyMcPUEEmlh,
2026-09-02T11:25:36.570850,TX01877,44543.96,0.485,SEND_PAYMENT_LINK,PAYMENT_LINK_CREATED,Razorpay Test Mode order created: order_TX3nyRjfQ9vAs8,0.0,order_TX3nyRjfQ9vAs8,
2026-09-02T11:25:36.664131,TX01881,47616.77,0.4957,SEND_PAYMENT_LINK,PAYMENT_LINK_CREATED,Razorpay Test Mode order created: order_TX3nyXOWhBnww9,0.0,order_TX3nyXOWhBnww9,
2026-09-02T11:25:36.684891,TX01884,29463.82,0.0323,ESCALATE,ESCALATED,Case escalated to merchant,0.0,,
2026-09-02T11:25:36.712571,TX01885,41065.47,0.0466,ESCALATE,ESCALATED,Case escalated to merchant,0.0,,
2026-09-02T11:25:36.739418,TX01888,36554.09,0.0344,ESCALATE,ESCALATED,Case escalated to merchant,0.0,,
2026-09-02T11:25:36.822512,TX01889,18016.19,0.2866,SEND_PAYMENT_LINK,PAYMENT_LINK_CREATED,Razorpay Test Mode order created: order_TX3nyijOkulha7,0.0,order_TX3nyijOkulha7,
2026-09-02T11:25:36.938704,TX01891,3901.86,0.4143,SEND_PAYMENT_LINK,PAYMENT_LINK_CREATED,Razorpay Test Mode order created: order_TX3nypbBgzrm6z,0.0,order_TX3nypbBgzrm6z,
2026-09-02T11:25:36.965277,TX01893,43510.13,0.1949,ESCALATE,ESCALATED,Case escalated to merchant,0.0,,
2026-09-02T11:25:36.988928,TX01895,35701.54,0.0393,ESCALATE,ESCALATED,Case escalated to merchant,0.0,,
2026-09-02T11:25:37.073714,TX01897,13083.81,0.4962,SEND_PAYMENT_LINK,PAYMENT_LINK_CREATED,Razorpay Test Mode order created: order_TX3nyzspEQOuvZ,0.0,order_TX3nyzspEQOuvZ,
2026-09-02T11:25:37.096097,TX01898,17490.17,0.142,ESCALATE,ESCALATED,Case escalated to merchant,0.0,,
2026-09-02T11:25:37.117502,TX01902,34049.3,0.0644,ESCALATE,ESCALATED,Case escalated to merchant,0.0,,
2026-09-02T11:25:37.141005,TX01903,28595.05,0.1326,ESCALATE,ESCALATED,Case escalated to merchant,0.0,,
2026-09-02T11:25:37.170093,TX01904,30587.76,0.037,ESCALATE,ESCALATED,Case escalated to merchant,0.0,,
2026-09-02T11:25:37.187931,TX01906,39452.41,0.614,RETRY_PAYMENT,BLOCKED,High-value transaction requires escalation,0.0,,
2026-09-02T11:25:37.207673,TX01911,10814.48,0.0559,ESCALATE,ESCALATED,Case escalated to merchant,0.0,,
2026-09-02T11:25:37.224222,TX01912,43385.43,0.1273,ESCALATE,ESCALATED,Case escalated to merchant,0.0,,
2026-09-02T11:25:37.242658,TX01916,5029.54,0.1324,ESCALATE,ESCALATED,Case escalated to merchant,0.0,,
2026-09-02T11:25:37.261951,TX01919,3075.51,0.1341,ESCALATE,ESCALATED,Case escalated to merchant,0.0,,
2026-09-02T11:25:37.281550,TX01920,42281.61,0.0706,ESCALATE,ESCALATED,Case escalated to merchant,0.0,,
2026-09-02T11:25:37.302934,TX01921,3140.7,0.7293,SEND_REMINDER,REMINDER_SENT,Payment reminder sent to customer,0.0,,
2026-09-02T11:25:37.321896,TX01922,13728.88,0.0211,ESCALATE,ESCALATED,Case escalated to merchant,0.0,,
2026-09-02T11:25:37.345859,TX01923,5367.07,0.0538,ESCALATE,ESCALATED,Case escalated to merchant,0.0,,
2026-09-02T11:25:37.367989,TX01925,4709.86,0.0539,ESCALATE,ESCALATED,Case escalated to merchant,0.0,,
2026-09-02T11:25:37.490527,TX01927,6839.68,0.4759,SEND_PAYMENT_LINK,PAYMENT_LINK_CREATED,Razorpay Test Mode order created: order_TX3nzRRO679uBZ,0.0,order_TX3nzRRO679uBZ,
2026-09-02T11:25:37.519297,TX01929,40896.11,0.0203,ESCALATE,ESCALATED,Case escalated to merchant,0.0,,
2026-09-02T11:25:37.543185,TX01932,1641.43,0.1121,ESCALATE,ESCALATED,Case escalated to merchant,0.0,,
2026-09-02T11:25:37.560098,TX01934,1812.98,0.0596,ESCALATE,ESCALATED,Case escalated to merchant,0.0,,
2026-09-02T11:25:37.583861,TX01936,25790.55,0.1042,ESCALATE,ESCALATED,Case escalated to merchant,0.0,,
2026-09-02T11:25:37.609231,TX01937,39872.91,0.1448,ESCALATE,ESCALATED,Case escalated to merchant,0.0,,
2026-09-02T11:25:37.629959,TX01938,17031.48,0.103,ESCALATE,ESCALATED,Case escalated to merchant,0.0,,
2026-09-02T11:25:37.651651,TX01942,11952.63,0.038,ESCALATE,ESCALATED,Case escalated to merchant,0.0,,
2026-09-02T11:25:37.672288,TX01943,7348.53,0.1335,ESCALATE,ESCALATED,Case escalated to merchant,0.0,,
2026-09-02T11:25:37.692729,TX01944,9433.36,0.1153,ESCALATE,ESCALATED,Case escalated to merchant,0.0,,
2026-09-02T11:25:37.713823,TX01948,4164.33,0.1063,ESCALATE,ESCALATED,Case escalated to merchant,0.0,,
2026-09-02T11:25:37.732059,TX01951,43651.49,0.0479,ESCALATE,ESCALATED,Case escalated to merchant,0.0,,
2026-09-02T11:25:37.751627,TX01953,22615.47,0.0652,ESCALATE,ESCALATED,Case escalated to merchant,0.0,,
2026-09-02T11:25:37.773094,TX01957,6744.34,0.1124,ESCALATE,ESCALATED,Case escalated to merchant,0.0,,
2026-09-02T11:25:37.793664,TX01962,30059.94,0.0426,ESCALATE,ESCALATED,Case escalated to merchant,0.0,,
2026-09-02T11:25:37.814260,TX01964,25794.98,0.1027,ESCALATE,ESCALATED,Case escalated to merchant,0.0,,
2026-09-02T11:25:37.837433,TX01966,41904.99,0.1752,ESCALATE,ESCALATED,Case escalated to merchant,0.0,,
2026-09-02T11:25:37.860847,TX01967,16284.89,0.0324,ESCALATE,ESCALATED,Case escalated to merchant,0.0,,
2026-09-02T11:25:37.879005,TX01968,44472.81,0.0797,ESCALATE,ESCALATED,Case escalated to merchant,0.0,,
2026-09-02T11:25:37.902809,TX01969,8199.55,0.5664,RETRY_PAYMENT,SUCCESS,Payment retry succeeded,8199.55,,
2026-09-02T11:25:37.925718,TX01971,13485.25,0.0514,ESCALATE,ESCALATED,Case escalated to merchant,0.0,,
2026-09-02T11:25:37.948430,TX01974,5499.31,0.0824,ESCALATE,ESCALATED,Case escalated to merchant,0.0,,
2026-09-02T11:25:37.974821,TX01976,7120.66,0.0917,ESCALATE,ESCALATED,Case escalated to merchant,0.0,,
2026-09-02T11:25:38.000520,TX01979,47436.31,0.1278,ESCALATE,ESCALATED,Case escalated to merchant,0.0,,
2026-09-02T11:25:38.110080,TX01980,35615.77,0.4292,SEND_PAYMENT_LINK,PAYMENT_LINK_CREATED,Razorpay Test Mode order created: order_TX3o06ICinu9yB,0.0,order_TX3o06ICinu9yB,
2026-09-02T11:25:38.129617,TX01981,538.47,0.0548,ESCALATE,ESCALATED,Case escalated to merchant,0.0,,
2026-09-02T11:25:38.152255,TX01982,38240.05,0.1528,ESCALATE,ESCALATED,Case escalated to merchant,0.0,,
2026-09-02T11:25:38.176668,TX01983,25801.28,0.0769,ESCALATE,ESCALATED,Case escalated to merchant,0.0,,
2026-09-02T11:25:38.198371,TX01985,26220.34,0.1892,ESCALATE,ESCALATED,Case escalated to merchant,0.0,,
2026-09-02T11:25:38.213845,TX01990,42527.34,0.1562,ESCALATE,ESCALATED,Case escalated to merchant,0.0,,
2026-09-02T11:25:38.232391,TX01991,19168.34,0.2758,ESCALATE,ESCALATED,Case escalated to merchant,0.0,,
2026-09-02T11:25:38.250365,TX01992,24902.93,0.3033,SEND_REMINDER,REMINDER_SENT,Payment reminder sent to customer,0.0,,
2026-09-02T11:25:38.279466,TX01993,586.78,0.0899,ESCALATE,ESCALATED,Case escalated to merchant,0.0,,
2026-09-02T11:25:38.304229,TX01997,19891.83,0.0343,ESCALATE,ESCALATED,Case escalated to merchant,0.0,,
2026-09-02T11:25:38.324830,TX02000,20986.1,0.0924,ESCALATE,ESCALATED,Case escalated to merchant,0.0,,
2026-09-02T11:25:38.345509,TX02001,15621.51,0.0317,ESCALATE,ESCALATED,Case escalated to merchant,0.0,,
2026-09-02T11:25:38.364886,TX02002,46903.72,0.0696,ESCALATE,ESCALATED,Case escalated to merchant,0.0,,
2026-09-02T11:25:38.382484,TX02003,33921.82,0.0752,ESCALATE,ESCALATED,Case escalated to merchant,0.0,,
2026-09-02T11:25:38.404845,TX02006,24280.78,0.0866,ESCALATE,ESCALATED,Case escalated to merchant,0.0,,
2026-09-02T11:25:38.425534,TX02007,11160.49,0.0328,ESCALATE,ESCALATED,Case escalated to merchant,0.0,,
2026-09-02T11:25:38.446086,TX02008,12848.44,0.025,ESCALATE,ESCALATED,Case escalated to merchant,0.0,,
2026-09-02T11:25:38.465602,TX02010,4660.39,0.0469,ESCALATE,ESCALATED,Case escalated to merchant,0.0,,
2026-09-02T11:25:38.592718,TX02017,7138.11,0.4909,SEND_PAYMENT_LINK,PAYMENT_LINK_CREATED,Razorpay Test Mode order created: order_TX3o0eilwGpBVe,0.0,order_TX3o0eilwGpBVe,
2026-09-02T11:25:38.628267,TX02018,43338.11,0.0804,ESCALATE,ESCALATED,Case escalated to merchant,0.0,,
2026-09-02T11:25:38.649342,TX02021,22330.9,0.566,SEND_REMINDER,REMINDER_SENT,Payment reminder sent to customer,0.0,,
2026-09-02T11:25:38.681772,TX02024,18061.34,0.0356,ESCALATE,ESCALATED,Case escalated to merchant,0.0,,
2026-09-02T11:25:38.705616,TX02026,21725.11,0.0846,ESCALATE,ESCALATED,Case escalated to merchant,0.0,,
2026-09-02T11:25:38.734845,TX02027,4756.08,0.0194,ESCALATE,ESCALATED,Case escalated to merchant,0.0,,
2026-09-02T11:25:38.756758,TX02028,37380.84,0.4803,ESCALATE,ESCALATED,Case escalated to merchant,0.0,,
2026-09-02T11:25:38.779633,TX02029,827.3,0.0591,ESCALATE,ESCALATED,Case escalated to merchant,0.0,,
2026-09-02T11:25:38.800956,TX02030,32295.36,0.0927,ESCALATE,ESCALATED,Case escalated to merchant,0.0,,
2026-09-02T11:25:38.821153,TX02032,11773.72,0.479,SEND_REMINDER,REMINDER_SENT,Payment reminder sent to customer,0.0,,
2026-09-02T11:25:38.850348,TX02034,49648.58,0.1149,ESCALATE,ESCALATED,Case escalated to merchant,0.0,,
2026-09-02T11:25:38.875311,TX02035,38930.33,0.0568,ESCALATE,ESCALATED,Case escalated to merchant,0.0,,
2026-09-02T11:25:38.898938,TX02037,8966.03,0.1173,ESCALATE,ESCALATED,Case escalated to merchant,0.0,,
2026-09-02T11:25:38.917811,TX02040,7025.23,0.6662,RETRY_PAYMENT,SUCCESS,Payment retry succeeded,7025.23,,
2026-09-02T11:25:38.939990,TX02044,45505.24,0.0939,ESCALATE,ESCALATED,Case escalated to merchant,0.0,,
2026-09-02T11:25:38.962553,TX02047,5399.89,0.1147,ESCALATE,ESCALATED,Case escalated to merchant,0.0,,
2026-09-02T11:25:38.984744,TX02050,23006.57,0.0826,ESCALATE,ESCALATED,Case escalated to merchant,0.0,,
2026-09-02T11:25:39.005592,TX02052,21674.28,0.086,ESCALATE,ESCALATED,Case escalated to merchant,0.0,,
2026-09-02T11:25:39.022992,TX02054,303.41,0.0392,ESCALATE,ESCALATED,Case escalated to merchant,0.0,,
2026-09-02T11:25:39.045326,TX02055,13183.3,0.0127,ESCALATE,ESCALATED,Case escalated to merchant,0.0,,
2026-09-02T11:25:39.066956,TX02058,8873.0,0.5726,SEND_REMINDER,REMINDER_SENT,Payment reminder sent to customer,0.0,,
2026-09-02T11:25:39.088963,TX02060,35780.09,0.2984,ESCALATE,ESCALATED,Case escalated to merchant,0.0,,
2026-09-02T11:25:39.205655,TX02061,22342.46,0.3938,SEND_PAYMENT_LINK,PAYMENT_LINK_CREATED,Razorpay Test Mode order created: order_TX3o1JTsjB34L3,0.0,order_TX3o1JTsjB34L3,
2026-09-02T11:25:39.233949,TX02062,1548.64,0.0826,ESCALATE,ESCALATED,Case escalated to merchant,0.0,,
2026-09-02T11:25:39.259858,TX02063,22573.55,0.0567,ESCALATE,ESCALATED,Case escalated to merchant,0.0,,
2026-09-02T11:25:39.280594,TX02066,6405.75,0.1211,ESCALATE,ESCALATED,Case escalated to merchant,0.0,,
2026-09-02T11:25:39.306086,TX02067,32693.3,0.0657,ESCALATE,ESCALATED,Case escalated to merchant,0.0,,
2026-09-02T11:25:39.325487,TX02068,2825.44,0.2098,ESCALATE,ESCALATED,Case escalated to merchant,0.0,,
2026-09-02T11:25:39.348456,TX02069,22419.29,0.4727,ESCALATE,ESCALATED,Case escalated to merchant,0.0,,
2026-09-02T11:25:39.425616,TX02070,27788.18,0.5777,SEND_PAYMENT_LINK,PAYMENT_LINK_CREATED,Razorpay Test Mode order created: order_TX3o1YrTZPmfs6,0.0,order_TX3o1YrTZPmfs6,
2026-09-02T11:25:39.447502,TX02072,22862.77,0.0823,ESCALATE,ESCALATED,Case escalated to merchant,0.0,,
2026-09-02T11:25:39.469554,TX02076,15229.64,0.1477,ESCALATE,ESCALATED,Case escalated to merchant,0.0,,
2026-09-02T11:25:39.535974,TX02077,45007.21,0.4229,SEND_PAYMENT_LINK,PAYMENT_LINK_CREATED,Razorpay Test Mode order created: order_TX3o1gg0WDkOiy,0.0,order_TX3o1gg0WDkOiy,
2026-09-02T11:25:39.557424,TX02080,2130.1,0.0976,ESCALATE,ESCALATED,Case escalated to merchant,0.0,,
2026-09-02T11:25:39.574777,TX02081,25077.51,0.0357,ESCALATE,ESCALATED,Case escalated to merchant,0.0,,
2026-09-02T11:25:39.592175,TX02082,38285.86,0.0618,ESCALATE,ESCALATED,Case escalated to merchant,0.0,,
2026-09-02T11:25:39.607797,TX02083,13424.77,0.1219,ESCALATE,ESCALATED,Case escalated to merchant,0.0,,
2026-09-02T11:25:39.627627,TX02084,40377.32,0.0892,ESCALATE,ESCALATED,Case escalated to merchant,0.0,,
2026-09-02T11:25:39.646674,TX02088,43335.95,0.0347,ESCALATE,ESCALATED,Case escalated to merchant,0.0,,
2026-09-02T11:25:39.667756,TX02090,14967.57,0.0907,ESCALATE,ESCALATED,Case escalated to merchant,0.0,,
2026-09-02T11:25:39.691740,TX02096,29334.75,0.1126,ESCALATE,ESCALATED,Case escalated to merchant,0.0,,
2026-09-02T11:25:39.765842,TX02098,26304.97,0.6696,SEND_PAYMENT_LINK,PAYMENT_LINK_CREATED,Razorpay Test Mode order created: order_TX3o1wBuot6vv7,0.0,order_TX3o1wBuot6vv7,
2026-09-02T11:25:39.785904,TX02102,21896.47,0.0478,ESCALATE,ESCALATED,Case escalated to merchant,0.0,,
2026-09-02T11:25:39.818832,TX02105,32226.6,0.0522,ESCALATE,ESCALATED,Case escalated to merchant,0.0,,
2026-09-02T11:25:39.843510,TX02107,31151.63,0.1413,ESCALATE,ESCALATED,Case escalated to merchant,0.0,,
2026-09-02T11:25:39.863655,TX02109,22353.0,0.0813,ESCALATE,ESCALATED,Case escalated to merchant,0.0,,
2026-09-02T11:25:39.883366,TX02111,6850.0,0.0344,ESCALATE,ESCALATED,Case escalated to merchant,0.0,,
2026-09-02T11:25:39.903661,TX02112,19457.48,0.0909,ESCALATE,ESCALATED,Case escalated to merchant,0.0,,
2026-09-02T11:25:39.922971,TX02116,25448.58,0.1258,ESCALATE,ESCALATED,Case escalated to merchant,0.0,,
2026-09-02T11:25:39.941837,TX02119,42938.7,0.0326,ESCALATE,ESCALATED,Case escalated to merchant,0.0,,
2026-09-02T11:25:39.961460,TX02123,39496.99,0.0897,ESCALATE,ESCALATED,Case escalated to merchant,0.0,,
2026-09-02T11:25:39.980323,TX02124,30224.07,0.1956,ESCALATE,ESCALATED,Case escalated to merchant,0.0,,
2026-09-02T11:25:40.003120,TX02126,49910.36,0.3133,ESCALATE,ESCALATED,Case escalated to merchant,0.0,,
2026-09-02T11:25:40.023147,TX02132,4770.52,0.0191,ESCALATE,ESCALATED,Case escalated to merchant,0.0,,
2026-09-02T11:25:40.044169,TX02133,34111.47,0.3327,ESCALATE,ESCALATED,Case escalated to merchant,0.0,,
2026-09-02T11:25:40.064393,TX02136,27051.72,0.028,ESCALATE,ESCALATED,Case escalated to merchant,0.0,,
2026-09-02T11:25:40.086535,TX02138,38440.24,0.538,ESCALATE,ESCALATED,Case escalated to merchant,0.0,,
2026-09-02T11:25:40.114016,TX02142,5031.51,0.1031,ESCALATE,ESCALATED,Case escalated to merchant,0.0,,
2026-09-02T11:25:40.172076,TX02143,3399.08,0.0277,ESCALATE,ESCALATED,Case escalated to merchant,0.0,,
2026-09-02T11:25:40.190769,TX02145,41286.76,0.0567,ESCALATE,ESCALATED,Case escalated to merchant,0.0,,
2026-09-02T11:25:40.210608,TX02148,39256.71,0.0333,ESCALATE,ESCALATED,Case escalated to merchant,0.0,,
2026-09-02T11:25:40.274965,TX02149,47354.63,0.5998,SEND_PAYMENT_LINK,PAYMENT_LINK_CREATED,Razorpay Test Mode order created: order_TX3o2UYZTMlUEL,0.0,order_TX3o2UYZTMlUEL,
2026-09-02T11:25:40.292651,TX02152,46587.65,0.0597,ESCALATE,ESCALATED,Case escalated to merchant,0.0,,
2026-09-02T11:25:40.309849,TX02153,17043.9,0.0634,ESCALATE,ESCALATED,Case escalated to merchant,0.0,,
2026-09-02T11:25:40.328379,TX02154,45711.04,0.1205,ESCALATE,ESCALATED,Case escalated to merchant,0.0,,
2026-09-02T11:25:40.346598,TX02156,33158.17,0.084,ESCALATE,ESCALATED,Case escalated to merchant,0.0,,
2026-09-02T11:25:40.366426,TX02158,37527.37,0.0253,ESCALATE,ESCALATED,Case escalated to merchant,0.0,,
2026-09-02T11:25:40.386490,TX02162,17283.98,0.2082,SEND_REMINDER,REMINDER_SENT,Payment reminder sent to customer,0.0,,
2026-09-02T11:25:40.405406,TX02163,33413.41,0.2891,ESCALATE,ESCALATED,Case escalated to merchant,0.0,,
2026-09-02T11:25:40.424778,TX02165,793.52,0.127,ESCALATE,ESCALATED,Case escalated to merchant,0.0,,
2026-09-02T11:25:40.443870,TX02166,7156.68,0.5395,ESCALATE,ESCALATED,Case escalated to merchant,0.0,,
2026-09-02T11:25:40.463009,TX02168,48645.13,0.0592,ESCALATE,ESCALATED,Case escalated to merchant,0.0,,
2026-09-02T11:25:40.483841,TX02169,49156.62,0.1195,ESCALATE,ESCALATED,Case escalated to merchant,0.0,,
2026-09-02T11:25:40.504627,TX02175,7033.91,0.0719,ESCALATE,ESCALATED,Case escalated to merchant,0.0,,
2026-09-02T11:25:40.523504,TX02176,46895.54,0.0535,ESCALATE,ESCALATED,Case escalated to merchant,0.0,,
2026-09-02T11:25:40.541505,TX02178,22418.23,0.0621,ESCALATE,ESCALATED,Case escalated to merchant,0.0,,
2026-09-02T11:25:40.561257,TX02179,33648.68,0.0878,ESCALATE,ESCALATED,Case escalated to merchant,0.0,,
2026-09-02T11:25:40.586409,TX02180,16828.34,0.019,ESCALATE,ESCALATED,Case escalated to merchant,0.0,,
2026-09-02T11:25:40.608923,TX02182,31626.26,0.028,ESCALATE,ESCALATED,Case escalated to merchant,0.0,,
2026-09-02T11:25:40.631486,TX02183,1444.21,0.0695,ESCALATE,ESCALATED,Case escalated to merchant,0.0,,
2026-09-02T11:25:40.651771,TX02187,31667.63,0.0552,ESCALATE,ESCALATED,Case escalated to merchant,0.0,,
2026-09-02T11:25:40.668132,TX02189,29210.18,0.3715,SEND_REMINDER,REMINDER_SENT,Payment reminder sent to customer,0.0,,
2026-09-02T11:25:40.688644,TX02190,34252.65,0.2427,ESCALATE,ESCALATED,Case escalated to merchant,0.0,,
2026-09-02T11:25:40.710044,TX02192,36427.13,0.6034,RETRY_PAYMENT,BLOCKED,High-value transaction requires escalation,0.0,,
2026-09-02T11:25:40.729234,TX02195,20177.17,0.159,ESCALATE,ESCALATED,Case escalated to merchant,0.0,,
2026-09-02T11:25:40.749410,TX02196,47400.24,0.1035,ESCALATE,ESCALATED,Case escalated to merchant,0.0,,
2026-09-02T11:25:40.770978,TX02198,6418.53,0.0469,ESCALATE,ESCALATED,Case escalated to merchant,0.0,,
2026-09-02T11:25:40.870739,TX02203,27159.86,0.2626,SEND_PAYMENT_LINK,PAYMENT_LINK_CREATED,Razorpay Test Mode order created: order_TX3o37R0XopbhU,0.0,order_TX3o37R0XopbhU,
2026-09-02T11:25:40.903197,TX02204,14346.11,0.151,ESCALATE,ESCALATED,Case escalated to merchant,0.0,,
2026-09-02T11:25:40.933638,TX02209,41952.3,0.0829,ESCALATE,ESCALATED,Case escalated to merchant,0.0,,
2026-09-02T11:25:40.963501,TX02210,35837.91,0.0812,ESCALATE,ESCALATED,Case escalated to merchant,0.0,,
2026-09-02T11:25:40.983610,TX02211,34409.68,0.0501,ESCALATE,ESCALATED,Case escalated to merchant,0.0,,
2026-09-02T11:25:41.127619,TX02219,4055.1,0.3843,SEND_PAYMENT_LINK,PAYMENT_LINK_CREATED,Razorpay Test Mode order created: order_TX3o3Om3rNQdFC,0.0,order_TX3o3Om3rNQdFC,
2026-09-02T11:25:41.164474,TX02220,25739.2,0.218,ESCALATE,ESCALATED,Case escalated to merchant,0.0,,
2026-09-02T11:25:41.184360,TX02222,16562.82,0.1345,ESCALATE,ESCALATED,Case escalated to merchant,0.0,,
2026-09-02T11:25:41.209985,TX02225,38889.31,0.1342,ESCALATE,ESCALATED,Case escalated to merchant,0.0,,
2026-09-02T11:25:41.233717,TX02227,33087.33,0.0798,ESCALATE,ESCALATED,Case escalated to merchant,0.0,,
2026-09-02T11:25:41.258587,TX02229,33707.02,0.074,ESCALATE,ESCALATED,Case escalated to merchant,0.0,,
2026-09-02T11:25:41.278629,TX02230,24962.01,0.1433,ESCALATE,ESCALATED,Case escalated to merchant,0.0,,
2026-09-02T11:25:41.297112,TX02231,47525.29,0.1094,ESCALATE,ESCALATED,Case escalated to merchant,0.0,,
2026-09-02T11:25:41.317891,TX02232,15136.94,0.0542,ESCALATE,ESCALATED,Case escalated to merchant,0.0,,
2026-09-02T11:25:41.341431,TX02233,1154.56,0.0972,ESCALATE,ESCALATED,Case escalated to merchant,0.0,,
2026-09-02T11:25:41.381194,TX02234,21713.07,0.1174,ESCALATE,ESCALATED,Case escalated to merchant,0.0,,
2026-09-02T11:25:41.480200,TX02237,10653.92,0.3547,SEND_PAYMENT_LINK,PAYMENT_LINK_CREATED,Razorpay Test Mode order created: order_TX3o3nG8LNnXQP,0.0,order_TX3o3nG8LNnXQP,
2026-09-02T11:25:41.509644,TX02238,39488.57,0.0497,ESCALATE,ESCALATED,Case escalated to merchant,0.0,,
2026-09-02T11:25:41.529397,TX02239,38773.69,0.0601,ESCALATE,ESCALATED,Case escalated to merchant,0.0,,
2026-09-02T11:25:41.608046,TX02242,2594.33,0.2801,SEND_PAYMENT_LINK,PAYMENT_LINK_CREATED,Razorpay Test Mode order created: order_TX3o3w5ZKDKKG8,0.0,order_TX3o3w5ZKDKKG8,
2026-09-02T11:25:41.631037,TX02243,24282.01,0.1054,ESCALATE,ESCALATED,Case escalated to merchant,0.0,,
2026-09-02T11:25:41.649472,TX02244,929.43,0.1683,ESCALATE,ESCALATED,Case escalated to merchant,0.0,,
2026-09-02T11:25:41.668778,TX02249,37735.26,0.1219,ESCALATE,ESCALATED,Case escalated to merchant,0.0,,
2026-09-02T11:25:41.685388,TX02254,41668.15,0.0519,ESCALATE,ESCALATED,Case escalated to merchant,0.0,,
2026-09-02T11:25:41.703646,TX02257,46415.11,0.1357,ESCALATE,ESCALATED,Case escalated to merchant,0.0,,
2026-09-02T11:25:41.723392,TX02259,315.71,0.0395,ESCALATE,ESCALATED,Case escalated to merchant,0.0,,
2026-09-02T11:25:41.786255,TX02261,45325.65,0.4143,SEND_PAYMENT_LINK,PAYMENT_LINK_CREATED,Razorpay Test Mode order created: order_TX3o48xpFduLXA,0.0,order_TX3o48xpFduLXA,
2026-09-02T11:25:41.807234,TX02268,47375.54,0.0513,ESCALATE,ESCALATED,Case escalated to merchant,0.0,,
2026-09-02T11:25:41.834937,TX02269,10439.95,0.6515,ESCALATE,ESCALATED,Case escalated to merchant,0.0,,
2026-09-02T11:25:41.864058,TX02272,27374.3,0.4332,ESCALATE,ESCALATED,Case escalated to merchant,0.0,,
2026-09-02T11:25:41.950414,TX02273,34261.96,0.3808,SEND_PAYMENT_LINK,PAYMENT_LINK_CREATED,Razorpay Test Mode order created: order_TX3o4K0hqBpVF3,0.0,order_TX3o4K0hqBpVF3,
2026-09-02T11:25:41.974666,TX02278,40951.73,0.2693,ESCALATE,ESCALATED,Case escalated to merchant,0.0,,
2026-09-02T11:25:41.996856,TX02279,16916.98,0.0509,ESCALATE,ESCALATED,Case escalated to merchant,0.0,,
2026-09-02T11:25:42.025261,TX02280,28814.19,0.2563,ESCALATE,ESCALATED,Case escalated to merchant,0.0,,
2026-09-02T11:25:42.053368,TX02283,5539.68,0.0812,ESCALATE,ESCALATED,Case escalated to merchant,0.0,,
2026-09-02T11:25:42.078725,TX02287,42032.94,0.0501,ESCALATE,ESCALATED,Case escalated to merchant,0.0,,
2026-09-02T11:25:42.099483,TX02290,11995.1,0.1224,ESCALATE,ESCALATED,Case escalated to merchant,0.0,,
2026-09-02T11:25:42.119482,TX02291,8413.71,0.1904,ESCALATE,ESCALATED,Case escalated to merchant,0.0,,
2026-09-02T11:25:42.142387,TX02293,18421.79,0.0368,ESCALATE,ESCALATED,Case escalated to merchant,0.0,,
2026-09-02T11:25:42.162626,TX02296,2923.72,0.048,ESCALATE,ESCALATED,Case escalated to merchant,0.0,,
2026-09-02T11:25:42.183331,TX02299,8775.43,0.0669,ESCALATE,ESCALATED,Case escalated to merchant,0.0,,
2026-09-02T11:25:42.208538,TX02300,21662.99,0.0828,ESCALATE,ESCALATED,Case escalated to merchant,0.0,,
2026-09-02T11:25:42.228113,TX02307,23457.49,0.0217,ESCALATE,ESCALATED,Case escalated to merchant,0.0,,
2026-09-02T11:25:42.251445,TX02312,13896.23,0.1477,ESCALATE,ESCALATED,Case escalated to merchant,0.0,,
2026-09-02T11:25:42.269960,TX02314,42883.43,0.0449,ESCALATE,ESCALATED,Case escalated to merchant,0.0,,
2026-09-02T11:25:42.304576,TX02315,40891.93,0.0495,ESCALATE,ESCALATED,Case escalated to merchant,0.0,,
2026-09-02T11:25:42.339399,TX02316,22527.65,0.0526,ESCALATE,ESCALATED,Case escalated to merchant,0.0,,
2026-09-02T11:25:42.381678,TX02318,11043.89,0.0313,ESCALATE,ESCALATED,Case escalated to merchant,0.0,,
2026-09-02T11:25:42.411638,TX02326,31280.85,0.0669,ESCALATE,ESCALATED,Case escalated to merchant,0.0,,
2026-09-02T11:25:42.439906,TX02329,13717.26,0.0703,ESCALATE,ESCALATED,Case escalated to merchant,0.0,,
2026-09-02T11:25:42.466724,TX02331,8295.55,0.0575,ESCALATE,ESCALATED,Case escalated to merchant,0.0,,
2026-09-02T11:25:42.498884,TX02332,17606.24,0.0527,ESCALATE,ESCALATED,Case escalated to merchant,0.0,,
2026-09-02T11:25:42.526098,TX02335,34091.92,0.0103,ESCALATE,ESCALATED,Case escalated to merchant,0.0,,
2026-09-02T11:25:42.550506,TX02336,15117.9,0.2056,ESCALATE,ESCALATED,Case escalated to merchant,0.0,,
2026-09-02T11:25:42.638976,TX02337,22995.64,0.5984,SEND_PAYMENT_LINK,PAYMENT_LINK_CREATED,Razorpay Test Mode order created: order_TX3o54654W703F,0.0,order_TX3o54654W703F,
2026-09-02T11:25:42.657879,TX02339,44927.69,0.0447,ESCALATE,ESCALATED,Case escalated to merchant,0.0,,
2026-09-02T11:25:42.683748,TX02344,2500.58,0.0611,ESCALATE,ESCALATED,Case escalated to merchant,0.0,,
2026-09-02T11:25:42.706175,TX02345,29063.92,0.0975,ESCALATE,ESCALATED,Case escalated to merchant,0.0,,
2026-09-02T11:25:42.732660,TX02346,45647.73,0.1121,ESCALATE,ESCALATED,Case escalated to merchant,0.0,,
2026-09-02T11:25:42.757505,TX02348,550.74,0.1403,ESCALATE,ESCALATED,Case escalated to merchant,0.0,,
2026-09-02T11:25:42.872953,TX02349,40313.7,0.5649,SEND_PAYMENT_LINK,PAYMENT_LINK_CREATED,Razorpay Test Mode order created: order_TX3o5JyX4kp0iO,0.0,order_TX3o5JyX4kp0iO,
2026-09-02T11:25:42.896310,TX02351,20802.56,0.1114,ESCALATE,ESCALATED,Case escalated to merchant,0.0,,
2026-09-02T11:25:42.920054,TX02352,34008.59,0.091,ESCALATE,ESCALATED,Case escalated to merchant,0.0,,
2026-09-02T11:25:42.940938,TX02353,11992.52,0.1621,ESCALATE,ESCALATED,Case escalated to merchant,0.0,,
2026-09-02T11:25:42.976204,TX02355,38547.06,0.0629,ESCALATE,ESCALATED,Case escalated to merchant,0.0,,
2026-09-02T11:25:42.997796,TX02356,31582.72,0.0968,ESCALATE,ESCALATED,Case escalated to merchant,0.0,,
2026-09-02T11:25:43.022453,TX02358,17346.54,0.0451,ESCALATE,ESCALATED,Case escalated to merchant,0.0,,
2026-09-02T11:25:43.041088,TX02360,36770.63,0.0876,ESCALATE,ESCALATED,Case escalated to merchant,0.0,,
2026-09-02T11:25:43.058025,TX02361,26182.32,0.123,ESCALATE,ESCALATED,Case escalated to merchant,0.0,,
2026-09-02T11:25:43.163490,TX02362,10817.56,0.4383,SEND_PAYMENT_LINK,PAYMENT_LINK_CREATED,Razorpay Test Mode order created: order_TX3o5cpAJ8ziX3,0.0,order_TX3o5cpAJ8ziX3,
2026-09-02T11:25:43.184297,TX02363,39130.1,0.0972,ESCALATE,ESCALATED,Case escalated to merchant,0.0,,
2026-09-02T11:25:43.208092,TX02366,4807.92,0.1294,ESCALATE,ESCALATED,Case escalated to merchant,0.0,,
2026-09-02T11:25:43.232370,TX02371,45323.83,0.053,ESCALATE,ESCALATED,Case escalated to merchant,0.0,,
2026-09-02T11:25:43.256088,TX02372,7059.16,0.1286,ESCALATE,ESCALATED,Case escalated to merchant,0.0,,
2026-09-02T11:25:43.273451,TX02379,12336.67,0.1126,ESCALATE,ESCALATED,Case escalated to merchant,0.0,,
2026-09-02T11:25:43.303250,TX02380,15433.56,0.0647,ESCALATE,ESCALATED,Case escalated to merchant,0.0,,
2026-09-02T11:25:43.329563,TX02382,3346.52,0.1811,ESCALATE,ESCALATED,Case escalated to merchant,0.0,,
2026-09-02T11:25:43.358463,TX02383,30634.85,0.5241,ESCALATE,ESCALATED,Case escalated to merchant,0.0,,
2026-09-02T11:25:43.388949,TX02386,37691.8,0.0602,ESCALATE,ESCALATED,Case escalated to merchant,0.0,,
2026-09-02T11:25:43.494326,TX02388,6565.03,0.7068,SEND_PAYMENT_LINK,PAYMENT_LINK_CREATED,Razorpay Test Mode order created: order_TX3o5zalvnsb1L,0.0,order_TX3o5zalvnsb1L,
2026-09-02T11:25:43.529679,TX02389,29195.42,0.0835,ESCALATE,ESCALATED,Case escalated to merchant,0.0,,
2026-09-02T11:25:43.554515,TX02391,1913.28,0.0695,ESCALATE,ESCALATED,Case escalated to merchant,0.0,,
2026-09-02T11:25:43.585000,TX02392,31819.5,0.103,ESCALATE,ESCALATED,Case escalated to merchant,0.0,,
2026-09-02T11:25:43.618547,TX02395,19636.72,0.0736,ESCALATE,ESCALATED,Case escalated to merchant,0.0,,
2026-09-02T11:25:43.758794,TX02396,44572.88,0.5234,SEND_PAYMENT_LINK,PAYMENT_LINK_CREATED,Razorpay Test Mode order created: order_TX3o6I3SZG7SaM,0.0,order_TX3o6I3SZG7SaM,
2026-09-02T11:25:43.856778,TX02397,40717.72,0.4589,SEND_PAYMENT_LINK,PAYMENT_LINK_CREATED,Razorpay Test Mode order created: order_TX3o6OCAvaj1q0,0.0,order_TX3o6OCAvaj1q0,
2026-09-02T11:25:43.880235,TX02398,35804.65,0.0317,ESCALATE,ESCALATED,Case escalated to merchant,0.0,,
2026-09-02T11:25:43.899225,TX02403,1634.3,0.6598,ESCALATE,ESCALATED,Case escalated to merchant,0.0,,
2026-09-02T11:25:43.927080,TX02404,32257.25,0.6884,RETRY_PAYMENT,BLOCKED,High-value transaction requires escalation,0.0,,
2026-09-02T11:25:43.947897,TX02405,14001.79,0.2487,SEND_REMINDER,REMINDER_SENT,Payment reminder sent to customer,0.0,,
2026-09-02T11:25:43.963827,TX02406,22593.91,0.0326,ESCALATE,ESCALATED,Case escalated to merchant,0.0,,
2026-09-02T11:25:44.061576,TX02410,44122.38,0.4289,SEND_PAYMENT_LINK,PAYMENT_LINK_CREATED,Razorpay Test Mode order created: order_TX3o6c4rEtDyQm,0.0,order_TX3o6c4rEtDyQm,
2026-09-02T11:25:44.159929,TX02412,9778.85,0.4168,SEND_PAYMENT_LINK,PAYMENT_LINK_CREATED,Razorpay Test Mode order created: order_TX3o6ikwO6kxCg,0.0,order_TX3o6ikwO6kxCg,
2026-09-02T11:25:44.191824,TX02413,35925.16,0.323,ESCALATE,ESCALATED,Case escalated to merchant,0.0,,
2026-09-02T11:25:44.222409,TX02416,1151.14,0.0666,ESCALATE,ESCALATED,Case escalated to merchant,0.0,,
2026-09-02T11:25:44.267829,TX02418,47285.64,0.1206,ESCALATE,ESCALATED,Case escalated to merchant,0.0,,
2026-09-02T11:25:44.297851,TX02419,31679.58,0.0398,ESCALATE,ESCALATED,Case escalated to merchant,0.0,,
2026-09-02T11:25:44.329507,TX02423,37577.1,0.0268,ESCALATE,ESCALATED,Case escalated to merchant,0.0,,
2026-09-02T11:25:44.358820,TX02425,7446.76,0.4983,SEND_REMINDER,REMINDER_SENT,Payment reminder sent to customer,0.0,,
2026-09-02T11:25:44.451345,TX02426,43923.32,0.3601,SEND_PAYMENT_LINK,PAYMENT_LINK_CREATED,Razorpay Test Mode order created: order_TX3o73C1l3r8QD,0.0,order_TX3o73C1l3r8QD,
2026-09-02T11:25:44.487183,TX02427,13605.65,0.0673,ESCALATE,ESCALATED,Case escalated to merchant,0.0,,
2026-09-02T11:25:44.526435,TX02429,19268.57,0.0334,ESCALATE,ESCALATED,Case escalated to merchant,0.0,,
2026-09-02T11:25:44.550975,TX02430,9058.63,0.1194,ESCALATE,ESCALATED,Case escalated to merchant,0.0,,
2026-09-02T11:25:44.570544,TX02432,22120.98,0.0911,ESCALATE,ESCALATED,Case escalated to merchant,0.0,,
2026-09-02T11:25:44.657231,TX02433,3651.53,0.4448,SEND_PAYMENT_LINK,PAYMENT_LINK_CREATED,Razorpay Test Mode order created: order_TX3o7G7hg67fF9,0.0,order_TX3o7G7hg67fF9,
2026-09-02T11:25:44.688398,TX02434,28995.28,0.1484,ESCALATE,ESCALATED,Case escalated to merchant,0.0,,
2026-09-02T11:25:44.714571,TX02436,36998.74,0.2273,ESCALATE,ESCALATED,Case escalated to merchant,0.0,,
2026-09-02T11:25:44.739346,TX02438,27153.66,0.0282,ESCALATE,ESCALATED,Case escalated to merchant,0.0,,
2026-09-02T11:25:44.811493,TX02439,2834.79,0.3015,SEND_PAYMENT_LINK,PAYMENT_LINK_CREATED,Razorpay Test Mode order created: order_TX3o7RRVvsMhF0,0.0,order_TX3o7RRVvsMhF0,
2026-09-02T11:25:44.906510,TX02442,45604.05,0.6513,SEND_PAYMENT_LINK,PAYMENT_LINK_CREATED,Razorpay Test Mode order created: order_TX3o7Y3KqD2I5k,0.0,order_TX3o7Y3KqD2I5k,
2026-09-02T11:25:44.943126,TX02446,6707.5,0.1069,ESCALATE,ESCALATED,Case escalated to merchant,0.0,,
2026-09-02T11:25:44.978203,TX02447,14691.77,0.0405,ESCALATE,ESCALATED,Case escalated to merchant,0.0,,
2026-09-02T11:25:45.017386,TX02448,43474.16,0.5084,ESCALATE,ESCALATED,Case escalated to merchant,0.0,,
2026-09-02T11:25:45.048768,TX02449,45241.75,0.0697,ESCALATE,ESCALATED,Case escalated to merchant,0.0,,
2026-09-02T11:25:45.144915,TX02450,237.24,0.5987,SEND_PAYMENT_LINK,PAYMENT_LINK_CREATED,Razorpay Test Mode order created: order_TX3o7meGRtVhgg,0.0,order_TX3o7meGRtVhgg,
2026-09-02T11:25:45.178938,TX02453,31013.6,0.0182,ESCALATE,ESCALATED,Case escalated to merchant,0.0,,
2026-09-02T11:25:45.336573,TX02454,4267.65,0.314,SEND_PAYMENT_LINK,PAYMENT_LINK_CREATED,Razorpay Test Mode order created: order_TX3o7xgsrAkza0,0.0,order_TX3o7xgsrAkza0,
2026-09-02T11:25:45.373685,TX02455,11042.7,0.1025,ESCALATE,ESCALATED,Case escalated to merchant,0.0,,
2026-09-02T11:25:45.408971,TX02456,12666.95,0.0658,ESCALATE,ESCALATED,Case escalated to merchant,0.0,,
2026-09-02T11:25:45.442879,TX02457,41619.89,0.3467,ESCALATE,ESCALATED,Case escalated to merchant,0.0,,
2026-09-02T11:25:45.475696,TX02459,24444.04,0.0749,ESCALATE,ESCALATED,Case escalated to merchant,0.0,,
2026-09-02T11:25:45.501658,TX02462,44953.65,0.1428,ESCALATE,ESCALATED,Case escalated to merchant,0.0,,
2026-09-02T11:25:45.591377,TX02463,22934.14,0.4294,SEND_PAYMENT_LINK,PAYMENT_LINK_CREATED,Razorpay Test Mode order created: order_TX3o8HQCTNLbrB,0.0,order_TX3o8HQCTNLbrB,
2026-09-02T11:25:45.629722,TX02465,46510.79,0.0171,ESCALATE,ESCALATED,Case escalated to merchant,0.0,,
2026-09-02T11:25:45.665967,TX02466,23043.51,0.0945,ESCALATE,ESCALATED,Case escalated to merchant,0.0,,
2026-09-02T11:25:45.701237,TX02467,9245.24,0.1645,ESCALATE,ESCALATED,Case escalated to merchant,0.0,,
2026-09-02T11:25:45.736149,TX02468,15259.31,0.0665,ESCALATE,ESCALATED,Case escalated to merchant,0.0,,
2026-09-02T11:25:45.769251,TX02470,23521.37,0.0999,ESCALATE,ESCALATED,Case escalated to merchant,0.0,,
2026-09-02T11:25:45.795920,TX02471,42685.78,0.0897,ESCALATE,ESCALATED,Case escalated to merchant,0.0,,
2026-09-02T11:25:45.819404,TX02472,46692.31,0.1045,ESCALATE,ESCALATED,Case escalated to merchant,0.0,,
2026-09-02T11:25:45.842392,TX02473,46643.59,0.1099,ESCALATE,ESCALATED,Case escalated to merchant,0.0,,
2026-09-02T11:25:45.859651,TX02476,1605.79,0.0887,ESCALATE,ESCALATED,Case escalated to merchant,0.0,,
2026-09-02T11:25:45.874912,TX02478,18066.04,0.4504,ESCALATE,ESCALATED,Case escalated to merchant,0.0,,
2026-09-02T11:25:45.903850,TX02482,15460.83,0.1392,ESCALATE,ESCALATED,Case escalated to merchant,0.0,,
2026-09-02T11:25:45.928133,TX02484,48231.51,0.0322,ESCALATE,ESCALATED,Case escalated to merchant,0.0,,
2026-09-02T11:25:45.957262,TX02486,24085.33,0.2056,SEND_REMINDER,REMINDER_SENT,Payment reminder sent to customer,0.0,,
2026-09-02T11:25:45.988850,TX02489,20751.38,0.161,ESCALATE,ESCALATED,Case escalated to merchant,0.0,,
2026-09-02T11:25:46.031462,TX02490,5202.79,0.094,ESCALATE,ESCALATED,Case escalated to merchant,0.0,,
2026-09-02T11:25:46.067316,TX02492,1428.56,0.298,SEND_REMINDER,REMINDER_SENT,Payment reminder sent to customer,0.0,,
2026-09-02T11:25:46.102434,TX02499,31836.2,0.0732,ESCALATE,ESCALATED,Case escalated to merchant,0.0,,
2026-09-02T11:25:46.145171,TX02501,10498.52,0.11,ESCALATE,ESCALATED,Case escalated to merchant,0.0,,
2026-09-02T11:25:46.182164,TX02505,35179.79,0.0842,ESCALATE,ESCALATED,Case escalated to merchant,0.0,,
2026-09-02T11:25:46.215533,TX02506,15112.99,0.1565,ESCALATE,ESCALATED,Case escalated to merchant,0.0,,
2026-09-02T11:25:46.244196,TX02507,13589.07,0.0875,ESCALATE,ESCALATED,Case escalated to merchant,0.0,,
2026-09-02T11:25:46.262286,TX02509,42935.32,0.0786,ESCALATE,ESCALATED,Case escalated to merchant,0.0,,
2026-09-02T11:25:46.276154,TX02510,20515.3,0.0366,ESCALATE,ESCALATED,Case escalated to merchant,0.0,,
2026-09-02T11:25:46.288690,TX02514,1769.35,0.0912,ESCALATE,ESCALATED,Case escalated to merchant,0.0,,
2026-09-02T11:25:46.301851,TX02516,31727.64,0.1531,ESCALATE,ESCALATED,Case escalated to merchant,0.0,,
2026-09-02T11:25:46.313979,TX02520,5964.85,0.0528,ESCALATE,ESCALATED,Case escalated to merchant,0.0,,
2026-09-02T11:25:46.326910,TX02523,26107.55,0.0365,ESCALATE,ESCALATED,Case escalated to merchant,0.0,,
2026-09-02T11:25:46.339852,TX02532,27192.95,0.0465,ESCALATE,ESCALATED,Case escalated to merchant,0.0,,
2026-09-02T11:25:46.353906,TX02537,28458.67,0.0757,ESCALATE,ESCALATED,Case escalated to merchant,0.0,,
2026-09-02T11:25:46.438825,TX02538,18974.98,0.3484,SEND_PAYMENT_LINK,PAYMENT_LINK_CREATED,Razorpay Test Mode order created: order_TX3o9DeYxttiLb,0.0,order_TX3o9DeYxttiLb,
2026-09-02T11:25:46.481307,TX02540,13822.39,0.0683,ESCALATE,ESCALATED,Case escalated to merchant,0.0,,
2026-09-02T11:25:46.523420,TX02542,49146.43,0.0808,ESCALATE,ESCALATED,Case escalated to merchant,0.0,,
2026-09-02T11:25:46.555023,TX02543,26916.23,0.1057,ESCALATE,ESCALATED,Case escalated to merchant,0.0,,
2026-09-02T11:25:46.578876,TX02544,25230.98,0.1089,ESCALATE,ESCALATED,Case escalated to merchant,0.0,,
2026-09-02T11:25:46.605314,TX02550,17215.39,0.0495,ESCALATE,ESCALATED,Case escalated to merchant,0.0,,
2026-09-02T11:25:46.638006,TX02552,45178.9,0.0388,ESCALATE,ESCALATED,Case escalated to merchant,0.0,,
2026-09-02T11:25:46.675862,TX02553,35742.57,0.0509,ESCALATE,ESCALATED,Case escalated to merchant,0.0,,
2026-09-02T11:25:46.706083,TX02554,40943.65,0.0805,ESCALATE,ESCALATED,Case escalated to merchant,0.0,,
2026-09-02T11:25:46.776812,TX02557,38324.06,0.3663,SEND_PAYMENT_LINK,PAYMENT_LINK_CREATED,Razorpay Test Mode order created: order_TX3o9aXSulFC3c,0.0,order_TX3o9aXSulFC3c,
2026-09-02T11:25:46.815669,TX02558,10667.56,0.0271,ESCALATE,ESCALATED,Case escalated to merchant,0.0,,
2026-09-02T11:25:46.857509,TX02559,16307.45,0.0808,ESCALATE,ESCALATED,Case escalated to merchant,0.0,,
2026-09-02T11:25:46.892000,TX02560,40997.86,0.0292,ESCALATE,ESCALATED,Case escalated to merchant,0.0,,
2026-09-02T11:25:46.929991,TX02564,30467.37,0.1385,ESCALATE,ESCALATED,Case escalated to merchant,0.0,,
2026-09-02T11:25:46.968449,TX02565,4372.79,0.0455,ESCALATE,ESCALATED,Case escalated to merchant,0.0,,
2026-09-02T11:25:46.996328,TX02566,32224.44,0.0778,ESCALATE,ESCALATED,Case escalated to merchant,0.0,,
2026-09-02T11:25:47.125232,TX02567,38174.2,0.5039,SEND_PAYMENT_LINK,PAYMENT_LINK_CREATED,Razorpay Test Mode order created: order_TX3o9vCSCpS7wh,0.0,order_TX3o9vCSCpS7wh,
2026-09-02T11:25:47.254682,TX02568,29329.56,0.3299,SEND_PAYMENT_LINK,PAYMENT_LINK_CREATED,Razorpay Test Mode order created: order_TX3oA6I5AtYtqZ,0.0,order_TX3oA6I5AtYtqZ,
2026-09-02T11:25:47.286775,TX02571,6148.55,0.5948,RETRY_PAYMENT,SUCCESS,Payment retry succeeded,6148.55,,
2026-09-02T11:25:47.410476,TX02577,26139.93,0.3534,SEND_PAYMENT_LINK,PAYMENT_LINK_CREATED,Razorpay Test Mode order created: order_TX3oAGSY1xKLTF,0.0,order_TX3oAGSY1xKLTF,
2026-09-02T11:25:47.447767,TX02578,33529.44,0.0737,ESCALATE,ESCALATED,Case escalated to merchant,0.0,,
2026-09-02T11:25:47.487175,TX02579,40787.76,0.1841,ESCALATE,ESCALATED,Case escalated to merchant,0.0,,
2026-09-02T11:25:47.526191,TX02581,14985.4,0.1041,ESCALATE,ESCALATED,Case escalated to merchant,0.0,,
2026-09-02T11:25:47.556791,TX02582,231.25,0.1137,ESCALATE,ESCALATED,Case escalated to merchant,0.0,,
2026-09-02T11:25:47.579065,TX02583,48162.09,0.5901,ESCALATE,ESCALATED,Case escalated to merchant,0.0,,
2026-09-02T11:25:47.595979,TX02584,45893.74,0.0605,ESCALATE,ESCALATED,Case escalated to merchant,0.0,,
2026-09-02T11:25:47.608564,TX02585,38275.5,0.1378,ESCALATE,ESCALATED,Case escalated to merchant,0.0,,
2026-09-02T11:25:47.620905,TX02587,22485.64,0.4118,SEND_REMINDER,REMINDER_SENT,Payment reminder sent to customer,0.0,,
2026-09-02T11:25:47.634184,TX02590,30885.91,0.072,ESCALATE,ESCALATED,Case escalated to merchant,0.0,,
2026-09-02T11:25:47.647612,TX02593,34898.39,0.3492,ESCALATE,ESCALATED,Case escalated to merchant,0.0,,
2026-09-02T11:25:47.660815,TX02594,5012.7,0.0746,ESCALATE,ESCALATED,Case escalated to merchant,0.0,,
2026-09-02T11:25:47.674821,TX02596,16138.82,0.1391,ESCALATE,ESCALATED,Case escalated to merchant,0.0,,
2026-09-02T11:25:47.689012,TX02603,22674.0,0.3645,SEND_REMINDER,REMINDER_SENT,Payment reminder sent to customer,0.0,,
2026-09-02T11:25:47.706655,TX02604,6025.76,0.1674,ESCALATE,ESCALATED,Case escalated to merchant,0.0,,
2026-09-02T11:25:47.719800,TX02605,22772.72,0.1041,ESCALATE,ESCALATED,Case escalated to merchant,0.0,,
2026-09-02T11:25:47.733090,TX02606,42688.16,0.0908,ESCALATE,ESCALATED,Case escalated to merchant,0.0,,
2026-09-02T11:25:47.748081,TX02608,4130.71,0.0208,ESCALATE,ESCALATED,Case escalated to merchant,0.0,,
2026-09-02T11:25:47.761908,TX02609,9745.23,0.06,ESCALATE,ESCALATED,Case escalated to merchant,0.0,,
2026-09-02T11:25:47.774957,TX02612,18064.61,0.0962,ESCALATE,ESCALATED,Case escalated to merchant,0.0,,
2026-09-02T11:25:47.789093,TX02613,26557.52,0.1023,ESCALATE,ESCALATED,Case escalated to merchant,0.0,,
2026-09-02T11:25:47.803029,TX02614,29302.92,0.0363,ESCALATE,ESCALATED,Case escalated to merchant,0.0,,
2026-09-02T11:25:47.817768,TX02617,40312.22,0.0531,ESCALATE,ESCALATED,Case escalated to merchant,0.0,,
2026-09-02T11:25:47.831663,TX02618,17062.84,0.1724,ESCALATE,ESCALATED,Case escalated to merchant,0.0,,
2026-09-02T11:25:47.845441,TX02621,29477.54,0.0909,ESCALATE,ESCALATED,Case escalated to merchant,0.0,,
2026-09-02T11:25:47.860923,TX02622,46740.1,0.0599,ESCALATE,ESCALATED,Case escalated to merchant,0.0,,
2026-09-02T11:25:47.875258,TX02625,45435.69,0.0781,ESCALATE,ESCALATED,Case escalated to merchant,0.0,,
2026-09-02T11:25:47.889413,TX02626,30307.79,0.0796,ESCALATE,ESCALATED,Case escalated to merchant,0.0,,
2026-09-02T11:25:47.902992,TX02629,48920.87,0.0756,ESCALATE,ESCALATED,Case escalated to merchant,0.0,,
2026-09-02T11:25:47.916688,TX02631,5492.04,0.5233,ESCALATE,ESCALATED,Case escalated to merchant,0.0,,
2026-09-02T11:25:47.930560,TX02632,38965.73,0.1901,ESCALATE,ESCALATED,Case escalated to merchant,0.0,,
2026-09-02T11:25:47.946404,TX02634,22478.06,0.1789,ESCALATE,ESCALATED,Case escalated to merchant,0.0,,
2026-09-02T11:25:48.069988,TX02635,10680.89,0.4072,SEND_PAYMENT_LINK,PAYMENT_LINK_CREATED,Razorpay Test Mode order created: order_TX3oB06qvilawg,0.0,order_TX3oB06qvilawg,
2026-09-02T11:25:48.114548,TX02636,34541.24,0.1015,ESCALATE,ESCALATED,Case escalated to merchant,0.0,,
2026-09-02T11:25:48.160562,TX02638,14660.02,0.0529,ESCALATE,ESCALATED,Case escalated to merchant,0.0,,
2026-09-02T11:25:48.194397,TX02640,15064.96,0.082,ESCALATE,ESCALATED,Case escalated to merchant,0.0,,
2026-09-02T11:25:48.237367,TX02641,33683.62,0.088,ESCALATE,ESCALATED,Case escalated to merchant,0.0,,
2026-09-02T11:25:48.278088,TX02643,14049.99,0.0742,ESCALATE,ESCALATED,Case escalated to merchant,0.0,,
2026-09-02T11:25:48.311683,TX02644,9384.87,0.0529,ESCALATE,ESCALATED,Case escalated to merchant,0.0,,
2026-09-02T11:25:48.392229,TX02647,36604.32,0.441,SEND_PAYMENT_LINK,PAYMENT_LINK_CREATED,Razorpay Test Mode order created: order_TX3oBLqwEkOtsY,0.0,order_TX3oBLqwEkOtsY,
2026-09-02T11:25:48.426741,TX02650,12030.49,0.67,RETRY_PAYMENT,SUCCESS,Payment retry succeeded,12030.49,,
2026-09-02T11:25:48.475168,TX02651,24566.11,0.0321,ESCALATE,ESCALATED,Case escalated to merchant,0.0,,
2026-09-02T11:25:48.518924,TX02652,14447.28,0.0721,ESCALATE,ESCALATED,Case escalated to merchant,0.0,,
2026-09-02T11:25:48.565105,TX02656,29254.63,0.073,ESCALATE,ESCALATED,Case escalated to merchant,0.0,,
2026-09-02T11:25:48.602370,TX02657,23237.99,0.0748,ESCALATE,ESCALATED,Case escalated to merchant,0.0,,
2026-09-02T11:25:48.632018,TX02660,9341.49,0.149,ESCALATE,ESCALATED,Case escalated to merchant,0.0,,
2026-09-02T11:25:48.671011,TX02661,41081.78,0.2361,ESCALATE,ESCALATED,Case escalated to merchant,0.0,,
2026-09-02T11:25:48.701233,TX02663,9611.49,0.1258,ESCALATE,ESCALATED,Case escalated to merchant,0.0,,
2026-09-02T11:25:48.714568,TX02665,13522.85,0.0555,ESCALATE,ESCALATED,Case escalated to merchant,0.0,,
2026-09-02T11:25:48.743519,TX02666,26056.51,0.0462,ESCALATE,ESCALATED,Case escalated to merchant,0.0,,
2026-09-02T11:25:48.851167,TX02667,11871.63,0.4691,SEND_PAYMENT_LINK,PAYMENT_LINK_CREATED,Razorpay Test Mode order created: order_TX3oBpEHxpaiKB,0.0,order_TX3oBpEHxpaiKB,
2026-09-02T11:25:48.883623,TX02670,29247.15,0.1458,ESCALATE,ESCALATED,Case escalated to merchant,0.0,,
2026-09-02T11:25:48.915747,TX02672,16212.34,0.1996,ESCALATE,ESCALATED,Case escalated to merchant,0.0,,
2026-09-02T11:25:48.955289,TX02673,1925.61,0.0342,ESCALATE,ESCALATED,Case escalated to merchant,0.0,,
2026-09-02T11:25:48.987113,TX02674,6535.8,0.6122,ESCALATE,ESCALATED,Case escalated to merchant,0.0,,
2026-09-02T11:25:49.011840,TX02676,24778.47,0.0353,ESCALATE,ESCALATED,Case escalated to merchant,0.0,,
2026-09-02T11:25:49.042234,TX02677,22787.93,0.0492,ESCALATE,ESCALATED,Case escalated to merchant,0.0,,
2026-09-02T11:25:49.065765,TX02682,5681.67,0.0945,ESCALATE,ESCALATED,Case escalated to merchant,0.0,,
2026-09-02T11:25:49.089682,TX02683,19292.72,0.027,ESCALATE,ESCALATED,Case escalated to merchant,0.0,,
2026-09-02T11:25:49.108998,TX02684,41890.67,0.0943,ESCALATE,ESCALATED,Case escalated to merchant,0.0,,
2026-09-02T11:25:49.129319,TX02685,43291.67,0.0463,ESCALATE,ESCALATED,Case escalated to merchant,0.0,,
2026-09-02T11:25:49.236621,TX02686,30221.75,0.4869,SEND_PAYMENT_LINK,PAYMENT_LINK_CREATED,Razorpay Test Mode order created: order_TX3oCFaPCxCjpQ,0.0,order_TX3oCFaPCxCjpQ,
2026-09-02T11:25:49.408560,TX02687,36431.31,0.4744,SEND_PAYMENT_LINK,PAYMENT_LINK_CREATED,Razorpay Test Mode order created: order_TX3oCSXbftSThm,0.0,order_TX3oCSXbftSThm,
2026-09-02T11:25:49.441255,TX02689,29488.68,0.1207,ESCALATE,ESCALATED,Case escalated to merchant,0.0,,
2026-09-02T11:25:49.471796,TX02691,10195.5,0.0361,ESCALATE,ESCALATED,Case escalated to merchant,0.0,,
2026-09-02T11:25:49.497169,TX02693,9910.84,0.0857,ESCALATE,ESCALATED,Case escalated to merchant,0.0,,
2026-09-02T11:25:49.522442,TX02694,15811.17,0.0528,ESCALATE,ESCALATED,Case escalated to merchant,0.0,,
2026-09-02T11:25:49.546796,TX02696,31989.83,0.4789,ESCALATE,ESCALATED,Case escalated to merchant,0.0,,
2026-09-02T11:25:49.575228,TX02697,35029.36,0.0717,ESCALATE,ESCALATED,Case escalated to merchant,0.0,,
2026-09-02T11:25:49.602461,TX02700,26735.79,0.0989,ESCALATE,ESCALATED,Case escalated to merchant,0.0,,
2026-09-02T11:25:49.629373,TX02709,49680.19,0.0842,ESCALATE,ESCALATED,Case escalated to merchant,0.0,,
2026-09-02T11:25:49.686841,TX02710,8909.22,0.0743,ESCALATE,ESCALATED,Case escalated to merchant,0.0,,
2026-09-02T11:25:49.712688,TX02712,8835.12,0.0631,ESCALATE,ESCALATED,Case escalated to merchant,0.0,,
2026-09-02T11:25:49.733066,TX02714,25366.61,0.3837,ESCALATE,ESCALATED,Case escalated to merchant,0.0,,
2026-09-02T11:25:49.819646,TX02716,10303.08,0.4118,SEND_PAYMENT_LINK,PAYMENT_LINK_CREATED,Razorpay Test Mode order created: order_TX3oCu2YSIJPlK,0.0,order_TX3oCu2YSIJPlK,
2026-09-02T11:25:49.985083,TX02717,37332.29,0.4573,SEND_PAYMENT_LINK,PAYMENT_LINK_CREATED,Razorpay Test Mode order created: order_TX3oD57UzOQ5QE,0.0,order_TX3oD57UzOQ5QE,
2026-09-02T11:25:50.015338,TX02720,24775.3,0.1371,ESCALATE,ESCALATED,Case escalated to merchant,0.0,,
2026-09-02T11:25:50.047936,TX02729,32547.24,0.3141,ESCALATE,ESCALATED,Case escalated to merchant,0.0,,
2026-09-02T11:25:50.078386,TX02730,15270.63,0.4687,ESCALATE,ESCALATED,Case escalated to merchant,0.0,,
2026-09-02T11:25:50.111973,TX02731,23107.09,0.0774,ESCALATE,ESCALATED,Case escalated to merchant,0.0,,
2026-09-02T11:25:50.149777,TX02732,14111.11,0.1013,ESCALATE,ESCALATED,Case escalated to merchant,0.0,,
2026-09-02T11:25:50.177634,TX02733,18595.68,0.4752,SEND_REMINDER,REMINDER_SENT,Payment reminder sent to customer,0.0,,
2026-09-02T11:25:50.207702,TX02734,8145.09,0.0503,ESCALATE,ESCALATED,Case escalated to merchant,0.0,,
2026-09-02T11:25:50.237348,TX02735,44300.86,0.2625,ESCALATE,ESCALATED,Case escalated to merchant,0.0,,
2026-09-02T11:25:50.264419,TX02737,44143.98,0.0529,ESCALATE,ESCALATED,Case escalated to merchant,0.0,,
2026-09-02T11:25:50.291410,TX02739,16716.56,0.0161,ESCALATE,ESCALATED,Case escalated to merchant,0.0,,
2026-09-02T11:25:50.322795,TX02741,25486.06,0.1311,ESCALATE,ESCALATED,Case escalated to merchant,0.0,,
2026-09-02T11:25:50.354269,TX02750,4807.33,0.1503,ESCALATE,ESCALATED,Case escalated to merchant,0.0,,
2026-09-02T11:25:50.385430,TX02753,49992.49,0.0807,ESCALATE,ESCALATED,Case escalated to merchant,0.0,,
2026-09-02T11:25:50.417182,TX02754,308.77,0.0247,ESCALATE,ESCALATED,Case escalated to merchant,0.0,,
2026-09-02T11:25:50.455073,TX02757,46047.28,0.0792,ESCALATE,ESCALATED,Case escalated to merchant,0.0,,
2026-09-02T11:25:50.489144,TX02760,30624.13,0.0287,ESCALATE,ESCALATED,Case escalated to merchant,0.0,,
2026-09-02T11:25:50.520183,TX02762,44721.56,0.3988,ESCALATE,ESCALATED,Case escalated to merchant,0.0,,
2026-09-02T11:25:50.614595,TX02764,13280.95,0.5035,SEND_PAYMENT_LINK,PAYMENT_LINK_CREATED,Razorpay Test Mode order created: order_TX3oDm4fiQgYBU,0.0,order_TX3oDm4fiQgYBU,
2026-09-02T11:25:50.646281,TX02765,38410.5,0.1333,ESCALATE,ESCALATED,Case escalated to merchant,0.0,,
2026-09-02T11:25:50.681092,TX02767,24287.8,0.035,ESCALATE,ESCALATED,Case escalated to merchant,0.0,,
2026-09-02T11:25:50.718136,TX02768,15914.56,0.0674,ESCALATE,ESCALATED,Case escalated to merchant,0.0,,
2026-09-02T11:25:50.744224,TX02770,34152.92,0.0577,ESCALATE,ESCALATED,Case escalated to merchant,0.0,,
2026-09-02T11:25:50.779188,TX02772,34687.2,0.5256,ESCALATE,ESCALATED,Case escalated to merchant,0.0,,
2026-09-02T11:25:50.812100,TX02778,28373.95,0.0246,ESCALATE,ESCALATED,Case escalated to merchant,0.0,,
2026-09-02T11:25:50.843307,TX02779,962.47,0.0626,ESCALATE,ESCALATED,Case escalated to merchant,0.0,,
2026-09-02T11:25:50.872710,TX02782,20439.64,0.4473,ESCALATE,ESCALATED,Case escalated to merchant,0.0,,
2026-09-02T11:25:50.954244,TX02788,3706.19,0.3287,SEND_PAYMENT_LINK,PAYMENT_LINK_CREATED,Razorpay Test Mode order created: order_TX3oE9MlDXIqqs,0.0,order_TX3oE9MlDXIqqs,
2026-09-02T11:25:51.061057,TX02789,17875.57,0.3389,SEND_PAYMENT_LINK,PAYMENT_LINK_CREATED,Razorpay Test Mode order created: order_TX3oEF4HLYvKci,0.0,order_TX3oEF4HLYvKci,
2026-09-02T11:25:51.093610,TX02791,24765.39,0.0709,ESCALATE,ESCALATED,Case escalated to merchant,0.0,,
2026-09-02T11:25:51.120914,TX02792,397.21,0.5678,RETRY_PAYMENT,SUCCESS,Payment retry succeeded,397.21,,
2026-09-02T11:25:51.147598,TX02800,33358.38,0.0423,ESCALATE,ESCALATED,Case escalated to merchant,0.0,,
2026-09-02T11:25:51.248445,TX02801,10932.54,0.5533,SEND_PAYMENT_LINK,PAYMENT_LINK_CREATED,Razorpay Test Mode order created: order_TX3oERYLZPk4XI,0.0,order_TX3oERYLZPk4XI,
2026-09-02T11:25:51.282158,TX02803,36514.71,0.0481,ESCALATE,ESCALATED,Case escalated to merchant,0.0,,
2026-09-02T11:25:51.323641,TX02804,25114.47,0.034,ESCALATE,ESCALATED,Case escalated to merchant,0.0,,
2026-09-02T11:25:51.434220,TX02805,20874.75,0.3976,SEND_PAYMENT_LINK,PAYMENT_LINK_CREATED,Razorpay Test Mode order created: order_TX3oEfkLjQawSa,0.0,order_TX3oEfkLjQawSa,
2026-09-02T11:25:51.467907,TX02808,725.47,0.0464,ESCALATE,ESCALATED,Case escalated to merchant,0.0,,
2026-09-02T11:25:51.504149,TX02811,44615.28,0.5912,ESCALATE,ESCALATED,Case escalated to merchant,0.0,,
2026-09-02T11:25:51.542075,TX02812,14500.81,0.0604,ESCALATE,ESCALATED,Case escalated to merchant,0.0,,
2026-09-02T11:25:51.573908,TX02813,16521.81,0.0773,ESCALATE,ESCALATED,Case escalated to merchant,0.0,,
2026-09-02T11:25:51.602172,TX02816,2053.64,0.5149,SEND_REMINDER,REMINDER_SENT,Payment reminder sent to customer,0.0,,
2026-09-02T11:25:51.684049,TX02820,44164.59,0.5713,SEND_PAYMENT_LINK,PAYMENT_LINK_CREATED,Razorpay Test Mode order created: order_TX3oEwP4c102EE,0.0,order_TX3oEwP4c102EE,
2026-09-02T11:25:51.720027,TX02821,23754.93,0.1211,ESCALATE,ESCALATED,Case escalated to merchant,0.0,,
2026-09-02T11:25:51.752627,TX02822,26080.31,0.2098,ESCALATE,ESCALATED,Case escalated to merchant,0.0,,
2026-09-02T11:25:51.774915,TX02826,2732.5,0.1292,ESCALATE,ESCALATED,Case escalated to merchant,0.0,,
2026-09-02T11:25:51.868171,TX02829,44995.74,0.5394,SEND_PAYMENT_LINK,PAYMENT_LINK_CREATED,Razorpay Test Mode order created: order_TX3oF8C4xCOwFo,0.0,order_TX3oF8C4xCOwFo,
2026-09-02T11:25:51.969147,TX02832,33288.3,0.6248,SEND_PAYMENT_LINK,PAYMENT_LINK_CREATED,Razorpay Test Mode order created: order_TX3oFFpAGF63ta,0.0,order_TX3oFFpAGF63ta,
2026-09-02T11:25:52.057362,TX02838,30418.29,0.453,SEND_PAYMENT_LINK,PAYMENT_LINK_CREATED,Razorpay Test Mode order created: order_TX3oFLbPsqeAWV,0.0,order_TX3oFLbPsqeAWV,
2026-09-02T11:25:52.084410,TX02840,27151.95,0.074,ESCALATE,ESCALATED,Case escalated to merchant,0.0,,
2026-09-02T11:25:52.104695,TX02844,19320.56,0.0776,ESCALATE,ESCALATED,Case escalated to merchant,0.0,,
2026-09-02T11:25:52.127362,TX02846,7252.54,0.386,ESCALATE,ESCALATED,Case escalated to merchant,0.0,,
2026-09-02T11:25:52.155334,TX02847,5304.32,0.1546,ESCALATE,ESCALATED,Case escalated to merchant,0.0,,
2026-09-02T11:25:52.180944,TX02848,26866.15,0.3976,SEND_REMINDER,REMINDER_SENT,Payment reminder sent to customer,0.0,,
2026-09-02T11:25:52.202694,TX02849,4440.15,0.0492,ESCALATE,ESCALATED,Case escalated to merchant,0.0,,
2026-09-02T11:25:52.221336,TX02851,37280.93,0.075,ESCALATE,ESCALATED,Case escalated to merchant,0.0,,
2026-09-02T11:25:52.239478,TX02852,48228.72,0.0813,ESCALATE,ESCALATED,Case escalated to merchant,0.0,,
2026-09-02T11:25:52.257631,TX02853,35949.95,0.1111,ESCALATE,ESCALATED,Case escalated to merchant,0.0,,
2026-09-02T11:25:52.276218,TX02855,34977.23,0.0439,ESCALATE,ESCALATED,Case escalated to merchant,0.0,,
2026-09-02T11:25:52.294822,TX02858,35167.41,0.094,ESCALATE,ESCALATED,Case escalated to merchant,0.0,,
2026-09-02T11:25:52.310249,TX02859,18712.0,0.12,ESCALATE,ESCALATED,Case escalated to merchant,0.0,,
2026-09-02T11:25:52.334082,TX02860,1082.15,0.1049,ESCALATE,ESCALATED,Case escalated to merchant,0.0,,
2026-09-02T11:25:52.363027,TX02861,35219.35,0.0558,ESCALATE,ESCALATED,Case escalated to merchant,0.0,,
2026-09-02T11:25:52.403151,TX02864,8348.1,0.0893,ESCALATE,ESCALATED,Case escalated to merchant,0.0,,
2026-09-02T11:25:52.436948,TX02866,25294.87,0.1119,ESCALATE,ESCALATED,Case escalated to merchant,0.0,,
2026-09-02T11:25:52.459862,TX02871,44454.38,0.0353,ESCALATE,ESCALATED,Case escalated to merchant,0.0,,
2026-09-02T11:25:52.476501,TX02874,15959.44,0.3988,ESCALATE,ESCALATED,Case escalated to merchant,0.0,,
2026-09-02T11:25:52.496666,TX02876,9884.28,0.2313,SEND_REMINDER,REMINDER_SENT,Payment reminder sent to customer,0.0,,
2026-09-02T11:25:52.573026,TX02879,4401.67,0.429,SEND_PAYMENT_LINK,PAYMENT_LINK_CREATED,Razorpay Test Mode order created: order_TX3oFusfBBitWQ,0.0,order_TX3oFusfBBitWQ,
2026-09-02T11:25:52.598319,TX02880,34313.3,0.0529,ESCALATE,ESCALATED,Case escalated to merchant,0.0,,
2026-09-02T11:25:52.701332,TX02882,18127.62,0.3138,SEND_PAYMENT_LINK,PAYMENT_LINK_CREATED,Razorpay Test Mode order created: order_TX3oG3Z1eE6gci,0.0,order_TX3oG3Z1eE6gci,
2026-09-02T11:25:52.727846,TX02883,4020.83,0.0295,ESCALATE,ESCALATED,Case escalated to merchant,0.0,,
2026-09-02T11:25:52.850797,TX02889,43600.13,0.4228,SEND_PAYMENT_LINK,PAYMENT_LINK_CREATED,Razorpay Test Mode order created: order_TX3oGDbbUKdYWm,0.0,order_TX3oGDbbUKdYWm,
2026-09-02T11:25:52.871318,TX02891,48950.19,0.3091,ESCALATE,ESCALATED,Case escalated to merchant,0.0,,
2026-09-02T11:25:52.887893,TX02893,13509.48,0.0244,ESCALATE,ESCALATED,Case escalated to merchant,0.0,,
2026-09-02T11:25:52.904798,TX02894,21191.26,0.0466,ESCALATE,ESCALATED,Case escalated to merchant,0.0,,
2026-09-02T11:25:52.922187,TX02898,38169.74,0.0281,ESCALATE,ESCALATED,Case escalated to merchant,0.0,,
2026-09-02T11:25:52.942125,TX02901,5439.93,0.0605,ESCALATE,ESCALATED,Case escalated to merchant,0.0,,
2026-09-02T11:25:52.959237,TX02902,33666.58,0.1317,ESCALATE,ESCALATED,Case escalated to merchant,0.0,,
2026-09-02T11:25:52.982283,TX02905,41297.38,0.0758,ESCALATE,ESCALATED,Case escalated to merchant,0.0,,
2026-09-02T11:25:53.066572,TX02906,43436.51,0.4945,SEND_PAYMENT_LINK,PAYMENT_LINK_CREATED,Razorpay Test Mode order created: order_TX3oGS8YL6c5QE,0.0,order_TX3oGS8YL6c5QE,
2026-09-02T11:25:53.106563,TX02909,13558.87,0.0601,ESCALATE,ESCALATED,Case escalated to merchant,0.0,,
2026-09-02T11:25:53.144290,TX02910,49966.95,0.1207,ESCALATE,ESCALATED,Case escalated to merchant,0.0,,
2026-09-02T11:25:53.171853,TX02911,8931.65,0.2091,SEND_REMINDER,REMINDER_SENT,Payment reminder sent to customer,0.0,,
2026-09-02T11:25:53.210665,TX02914,38838.44,0.0557,ESCALATE,ESCALATED,Case escalated to merchant,0.0,,
2026-09-02T11:25:53.251690,TX02920,10611.09,0.0508,ESCALATE,ESCALATED,Case escalated to merchant,0.0,,
2026-09-02T11:25:53.286332,TX02921,42454.41,0.1238,ESCALATE,ESCALATED,Case escalated to merchant,0.0,,
2026-09-02T11:25:53.327617,TX02922,45319.75,0.1135,ESCALATE,ESCALATED,Case escalated to merchant,0.0,,
2026-09-02T11:25:53.354368,TX02923,27171.53,0.0576,ESCALATE,ESCALATED,Case escalated to merchant,0.0,,
2026-09-02T11:25:53.382885,TX02928,25274.97,0.2644,SEND_REMINDER,REMINDER_SENT,Payment reminder sent to customer,0.0,,
2026-09-02T11:25:53.410674,TX02931,30849.48,0.0727,ESCALATE,ESCALATED,Case escalated to merchant,0.0,,
2026-09-02T11:25:53.446857,TX02933,30398.03,0.0571,ESCALATE,ESCALATED,Case escalated to merchant,0.0,,
2026-09-02T11:25:53.486814,TX02937,29156.41,0.1235,ESCALATE,ESCALATED,Case escalated to merchant,0.0,,
2026-09-02T11:25:53.514524,TX02943,32350.67,0.1698,ESCALATE,ESCALATED,Case escalated to merchant,0.0,,
2026-09-02T11:25:53.535609,TX02944,44624.53,0.0656,ESCALATE,ESCALATED,Case escalated to merchant,0.0,,
2026-09-02T11:25:53.551659,TX02945,36697.3,0.1424,ESCALATE,ESCALATED,Case escalated to merchant,0.0,,
2026-09-02T11:25:53.568720,TX02952,36417.97,0.131,ESCALATE,ESCALATED,Case escalated to merchant,0.0,,
2026-09-02T11:25:53.599618,TX02953,31760.95,0.1454,ESCALATE,ESCALATED,Case escalated to merchant,0.0,,
2026-09-02T11:25:53.627474,TX02954,7197.26,0.0585,ESCALATE,ESCALATED,Case escalated to merchant,0.0,,
2026-09-02T11:25:53.656891,TX02955,22258.96,0.0622,ESCALATE,ESCALATED,Case escalated to merchant,0.0,,
2026-09-02T11:25:53.681170,TX02963,29236.77,0.1129,ESCALATE,ESCALATED,Case escalated to merchant,0.0,,
2026-09-02T11:25:53.698966,TX02964,48018.86,0.0411,ESCALATE,ESCALATED,Case escalated to merchant,0.0,,
2026-09-02T11:25:53.714058,TX02968,20803.9,0.1305,ESCALATE,ESCALATED,Case escalated to merchant,0.0,,
2026-09-02T11:25:53.729785,TX02970,37455.66,0.093,ESCALATE,ESCALATED,Case escalated to merchant,0.0,,
2026-09-02T11:25:53.745201,TX02971,10572.23,0.1879,ESCALATE,ESCALATED,Case escalated to merchant,0.0,,
2026-09-02T11:25:53.777209,TX02976,44318.92,0.1012,ESCALATE,ESCALATED,Case escalated to merchant,0.0,,
2026-09-02T11:25:53.809865,TX02979,39907.37,0.1526,ESCALATE,ESCALATED,Case escalated to merchant,0.0,,
2026-09-02T11:25:53.833968,TX02983,16950.02,0.0358,ESCALATE,ESCALATED,Case escalated to merchant,0.0,,
2026-09-02T11:25:53.941160,TX02984,29420.06,0.5013,SEND_PAYMENT_LINK,PAYMENT_LINK_CREATED,Razorpay Test Mode order created: order_TX3oHPWwQZqGgv,0.0,order_TX3oHPWwQZqGgv,
2026-09-02T11:25:54.041554,TX02986,36560.48,0.5829,SEND_PAYMENT_LINK,PAYMENT_LINK_CREATED,Razorpay Test Mode order created: order_TX3oHVlgRrXeBW,0.0,order_TX3oHVlgRrXeBW,
2026-09-02T11:25:54.073479,TX02987,19484.85,0.0369,ESCALATE,ESCALATED,Case escalated to merchant,0.0,,
2026-09-02T11:25:54.110096,TX02989,24746.24,0.099,ESCALATE,ESCALATED,Case escalated to merchant,0.0,,
2026-09-02T11:25:54.146614,TX02991,36791.14,0.1229,ESCALATE,ESCALATED,Case escalated to merchant,0.0,,
2026-09-02T11:25:54.175054,TX02993,24642.35,0.2885,ESCALATE,ESCALATED,Case escalated to merchant,0.0,,
2026-09-02T11:25:54.214027,TX02995,30969.76,0.062,ESCALATE,ESCALATED,Case escalated to merchant,0.0,,
2026-09-02T11:25:54.247001,TX02997,19057.98,0.1623,ESCALATE,ESCALATED,Case escalated to merchant,0.0,,
2026-09-02T11:25:54.276587,TX02999,43733.61,0.0879,ESCALATE,ESCALATED,Case escalated to merchant,0.0,,
2026-09-02T11:25:54.311002,TX03000,35455.46,0.0248,ESCALATE,ESCALATED,Case escalated to merchant,0.0,,
2026-09-02T11:25:54.349493,TX03002,12769.61,0.1089,ESCALATE,ESCALATED,Case escalated to merchant,0.0,,
2026-09-02T11:25:54.371540,TX03004,10070.67,0.0249,ESCALATE,ESCALATED,Case escalated to merchant,0.0,,
2026-09-02T11:25:54.388197,TX03005,7371.36,0.1314,ESCALATE,ESCALATED,Case escalated to merchant,0.0,,
2026-09-02T11:25:54.402957,TX03007,31194.32,0.282,ESCALATE,ESCALATED,Case escalated to merchant,0.0,,
2026-09-02T11:25:54.424939,TX03010,30275.24,0.2855,ESCALATE,ESCALATED,Case escalated to merchant,0.0,,
2026-09-02T11:25:54.453486,TX03011,2669.76,0.0577,ESCALATE,ESCALATED,Case escalated to merchant,0.0,,
2026-09-02T11:25:54.474510,TX03014,25058.66,0.0839,ESCALATE,ESCALATED,Case escalated to merchant,0.0,,
2026-09-02T11:25:54.490255,TX03016,3311.49,0.0384,ESCALATE,ESCALATED,Case escalated to merchant,0.0,,
2026-09-02T11:25:54.505218,TX03017,36116.98,0.0783,ESCALATE,ESCALATED,Case escalated to merchant,0.0,,
2026-09-02T11:25:54.519614,TX03022,44183.01,0.0776,ESCALATE,ESCALATED,Case escalated to merchant,0.0,,
2026-09-02T11:25:54.613951,TX03023,47420.29,0.4756,SEND_PAYMENT_LINK,PAYMENT_LINK_CREATED,Razorpay Test Mode order created: order_TX3oI7iCQSwjHc,0.0,order_TX3oI7iCQSwjHc,
2026-09-02T11:25:54.716861,TX03024,24440.2,0.5609,SEND_PAYMENT_LINK,PAYMENT_LINK_CREATED,Razorpay Test Mode order created: order_TX3oIEnL2PEcRn,0.0,order_TX3oIEnL2PEcRn,
2026-09-02T11:25:54.752649,TX03027,17959.12,0.0278,ESCALATE,ESCALATED,Case escalated to merchant,0.0,,
2026-09-02T11:25:54.783704,TX03028,13217.59,0.0661,ESCALATE,ESCALATED,Case escalated to merchant,0.0,,
2026-09-02T11:25:54.813786,TX03029,47340.61,0.0739,ESCALATE,ESCALATED,Case escalated to merchant,0.0,,
2026-09-02T11:25:54.846686,TX03031,11140.17,0.1176,ESCALATE,ESCALATED,Case escalated to merchant,0.0,,
2026-09-02T11:25:54.865991,TX03033,39863.3,0.0422,ESCALATE,ESCALATED,Case escalated to merchant,0.0,,
2026-09-02T11:25:54.879262,TX03034,27443.74,0.4085,SEND_REMINDER,REMINDER_SENT,Payment reminder sent to customer,0.0,,
2026-09-02T11:25:54.904057,TX03035,32567.61,0.3009,ESCALATE,ESCALATED,Case escalated to merchant,0.0,,
2026-09-02T11:25:54.924224,TX03037,31176.06,0.1583,ESCALATE,ESCALATED,Case escalated to merchant,0.0,,
2026-09-02T11:25:55.013185,TX03039,37530.79,0.5377,SEND_PAYMENT_LINK,PAYMENT_LINK_CREATED,Razorpay Test Mode order created: order_TX3oIZwaEfRR0n,0.0,order_TX3oIZwaEfRR0n,
2026-09-02T11:25:55.041805,TX03043,20409.44,0.066,ESCALATE,ESCALATED,Case escalated to merchant,0.0,,
2026-09-02T11:25:55.069078,TX03044,48527.84,0.0484,ESCALATE,ESCALATED,Case escalated to merchant,0.0,,
2026-09-02T11:25:55.093174,TX03045,5796.82,0.0754,ESCALATE,ESCALATED,Case escalated to merchant,0.0,,
2026-09-02T11:25:55.190216,TX03046,13571.54,0.3422,SEND_PAYMENT_LINK,PAYMENT_LINK_CREATED,Razorpay Test Mode order created: order_TX3oIltxkrTd0D,0.0,order_TX3oIltxkrTd0D,
2026-09-02T11:25:55.221229,TX03047,24721.61,0.1654,ESCALATE,ESCALATED,Case escalated to merchant,0.0,,
2026-09-02T11:25:55.323921,TX03049,8351.05,0.5116,SEND_PAYMENT_LINK,PAYMENT_LINK_CREATED,Razorpay Test Mode order created: order_TX3oItoQvKN56d,0.0,order_TX3oItoQvKN56d,
2026-09-02T11:25:55.357380,TX03050,13992.34,0.0726,ESCALATE,ESCALATED,Case escalated to merchant,0.0,,
2026-09-02T11:25:55.448830,TX03057,20684.25,0.3334,SEND_PAYMENT_LINK,PAYMENT_LINK_CREATED,Razorpay Test Mode order created: order_TX3oJ37TY3QEAf,0.0,order_TX3oJ37TY3QEAf,
2026-09-02T11:25:55.477627,TX03060,48155.31,0.0617,ESCALATE,ESCALATED,Case escalated to merchant,0.0,,
2026-09-02T11:25:55.499565,TX03063,42087.14,0.0507,ESCALATE,ESCALATED,Case escalated to merchant,0.0,,
2026-09-02T11:25:55.524322,TX03067,28068.92,0.0281,ESCALATE,ESCALATED,Case escalated to merchant,0.0,,
2026-09-02T11:25:55.552055,TX03068,14111.39,0.1684,ESCALATE,ESCALATED,Case escalated to merchant,0.0,,
2026-09-02T11:25:55.573800,TX03069,17573.75,0.3793,SEND_REMINDER,REMINDER_SENT,Payment reminder sent to customer,0.0,,
2026-09-02T11:25:55.591509,TX03070,46173.8,0.0214,ESCALATE,ESCALATED,Case escalated to merchant,0.0,,
2026-09-02T11:25:55.662803,TX03071,10490.83,0.2992,SEND_PAYMENT_LINK,PAYMENT_LINK_CREATED,Razorpay Test Mode order created: order_TX3oJHdjPATnXh,0.0,order_TX3oJHdjPATnXh,
2026-09-02T11:25:55.681793,TX03072,43730.63,0.0711,ESCALATE,ESCALATED,Case escalated to merchant,0.0,,
2026-09-02T11:25:55.704556,TX03073,1716.8,0.0423,ESCALATE,ESCALATED,Case escalated to merchant,0.0,,
2026-09-02T11:25:55.724689,TX03076,31601.69,0.2968,ESCALATE,ESCALATED,Case escalated to merchant,0.0,,
2026-09-02T11:25:55.739374,TX03077,37412.36,0.3477,ESCALATE,ESCALATED,Case escalated to merchant,0.0,,
2026-09-02T11:25:55.753395,TX03078,10629.0,0.028,ESCALATE,ESCALATED,Case escalated to merchant,0.0,,
2026-09-02T11:25:55.774002,TX03080,36913.52,0.1295,ESCALATE,ESCALATED,Case escalated to merchant,0.0,,
2026-09-02T11:25:55.794681,TX03081,31440.24,0.0328,ESCALATE,ESCALATED,Case escalated to merchant,0.0,,
2026-09-02T11:25:55.809443,TX03083,47997.23,0.0856,ESCALATE,ESCALATED,Case escalated to merchant,0.0,,
2026-09-02T11:25:55.824014,TX03089,18101.34,0.0723,ESCALATE,ESCALATED,Case escalated to merchant,0.0,,
2026-09-02T11:25:55.837580,TX03096,43424.74,0.1646,ESCALATE,ESCALATED,Case escalated to merchant,0.0,,
2026-09-02T11:25:55.851479,TX03097,25084.22,0.0339,ESCALATE,ESCALATED,Case escalated to merchant,0.0,,
2026-09-02T11:25:55.865413,TX03102,28035.87,0.1466,ESCALATE,ESCALATED,Case escalated to merchant,0.0,,
2026-09-02T11:25:55.879220,TX03103,16952.41,0.0312,ESCALATE,ESCALATED,Case escalated to merchant,0.0,,
2026-09-02T11:25:55.898595,TX03104,26047.28,0.1001,ESCALATE,ESCALATED,Case escalated to merchant,0.0,,
2026-09-02T11:25:55.911420,TX03106,34878.85,0.1128,ESCALATE,ESCALATED,Case escalated to merchant,0.0,,
2026-09-02T11:25:55.928242,TX03108,12185.94,0.0581,ESCALATE,ESCALATED,Case escalated to merchant,0.0,,
2026-09-02T11:25:55.949222,TX03109,37231.41,0.1066,ESCALATE,ESCALATED,Case escalated to merchant,0.0,,
2026-09-02T11:25:55.967971,TX03110,37563.54,0.107,ESCALATE,ESCALATED,Case escalated to merchant,0.0,,
2026-09-02T11:25:55.990167,TX03116,14403.54,0.0584,ESCALATE,ESCALATED,Case escalated to merchant,0.0,,
2026-09-02T11:25:56.003000,TX03118,279.74,0.0325,ESCALATE,ESCALATED,Case escalated to merchant,0.0,,
2026-09-02T11:25:56.019482,TX03120,44094.23,0.068,ESCALATE,ESCALATED,Case escalated to merchant,0.0,,
2026-09-02T11:25:56.033505,TX03122,30471.57,0.0343,ESCALATE,ESCALATED,Case escalated to merchant,0.0,,
2026-09-02T11:25:56.047250,TX03125,9658.65,0.0402,ESCALATE,ESCALATED,Case escalated to merchant,0.0,,
2026-09-02T11:25:56.061179,TX03132,22727.18,0.1376,ESCALATE,ESCALATED,Case escalated to merchant,0.0,,
2026-09-02T11:25:56.078706,TX03133,8637.24,0.1212,ESCALATE,ESCALATED,Case escalated to merchant,0.0,,
2026-09-02T11:25:56.094820,TX03135,48743.54,0.4637,ESCALATE,ESCALATED,Case escalated to merchant,0.0,,
2026-09-02T11:25:56.109072,TX03139,46294.03,0.075,ESCALATE,ESCALATED,Case escalated to merchant,0.0,,
2026-09-02T11:25:56.123643,TX03141,33173.17,0.0953,ESCALATE,ESCALATED,Case escalated to merchant,0.0,,
2026-09-02T11:25:56.139178,TX03143,43714.98,0.0649,ESCALATE,ESCALATED,Case escalated to merchant,0.0,,
2026-09-02T11:25:56.153518,TX03144,25190.65,0.2351,ESCALATE,ESCALATED,Case escalated to merchant,0.0,,
2026-09-02T11:25:56.166973,TX03146,17116.69,0.0125,ESCALATE,ESCALATED,Case escalated to merchant,0.0,,
2026-09-02T11:25:56.181105,TX03147,36007.17,0.0254,ESCALATE,ESCALATED,Case escalated to merchant,0.0,,
2026-09-02T11:25:56.198426,TX03151,9025.31,0.0866,ESCALATE,ESCALATED,Case escalated to merchant,0.0,,
2026-09-02T11:25:56.217419,TX03152,34816.97,0.0699,ESCALATE,ESCALATED,Case escalated to merchant,0.0,,
2026-09-02T11:25:56.234403,TX03157,1650.36,0.1253,ESCALATE,ESCALATED,Case escalated to merchant,0.0,,
2026-09-02T11:25:56.249529,TX03158,38501.57,0.113,ESCALATE,ESCALATED,Case escalated to merchant,0.0,,
2026-09-02T11:25:56.268849,TX03162,47234.29,0.1033,ESCALATE,ESCALATED,Case escalated to merchant,0.0,,
2026-09-02T11:25:56.282979,TX03165,23841.11,0.0411,ESCALATE,ESCALATED,Case escalated to merchant,0.0,,
2026-09-02T11:25:56.377689,TX03168,45000.11,0.5311,SEND_PAYMENT_LINK,PAYMENT_LINK_CREATED,Razorpay Test Mode order created: order_TX3oK3J8Z3hHwG,0.0,order_TX3oK3J8Z3hHwG,
2026-09-02T11:25:56.391364,TX03174,33706.73,0.1972,ESCALATE,ESCALATED,Case escalated to merchant,0.0,,
2026-09-02T11:25:56.404672,TX03176,33206.73,0.1153,ESCALATE,ESCALATED,Case escalated to merchant,0.0,,
2026-09-02T11:25:56.419667,TX03185,48639.9,0.0896,ESCALATE,ESCALATED,Case escalated to merchant,0.0,,
2026-09-02T11:25:56.433688,TX03190,22017.96,0.0612,ESCALATE,ESCALATED,Case escalated to merchant,0.0,,
2026-09-02T11:25:56.449675,TX03194,47403.6,0.0632,ESCALATE,ESCALATED,Case escalated to merchant,0.0,,
2026-09-02T11:25:56.465948,TX03200,33948.54,0.2428,ESCALATE,ESCALATED,Case escalated to merchant,0.0,,
2026-09-02T11:25:56.489112,TX03201,11491.36,0.1397,ESCALATE,ESCALATED,Case escalated to merchant,0.0,,
2026-09-02T11:25:56.512051,TX03202,30178.67,0.0868,ESCALATE,ESCALATED,Case escalated to merchant,0.0,,
2026-09-02T11:25:56.529448,TX03206,13301.39,0.1514,ESCALATE,ESCALATED,Case escalated to merchant,0.0,,
2026-09-02T11:25:56.549266,TX03208,9639.86,0.0818,ESCALATE,ESCALATED,Case escalated to merchant,0.0,,
2026-09-02T11:25:56.566113,TX03210,21660.88,0.0245,ESCALATE,ESCALATED,Case escalated to merchant,0.0,,
2026-09-02T11:25:56.581439,TX03214,21560.16,0.0221,ESCALATE,ESCALATED,Case escalated to merchant,0.0,,
2026-09-02T11:25:56.602148,TX03216,26154.45,0.3265,SEND_REMINDER,REMINDER_SENT,Payment reminder sent to customer,0.0,,
2026-09-02T11:25:56.628442,TX03217,7658.9,0.0571,ESCALATE,ESCALATED,Case escalated to merchant,0.0,,
2026-09-02T11:25:56.652426,TX03218,3465.84,0.0388,ESCALATE,ESCALATED,Case escalated to merchant,0.0,,
2026-09-02T11:25:56.674319,TX03219,36524.89,0.0781,ESCALATE,ESCALATED,Case escalated to merchant,0.0,,
2026-09-02T11:25:56.752397,TX03220,28073.93,0.4031,SEND_PAYMENT_LINK,PAYMENT_LINK_CREATED,Razorpay Test Mode order created: order_TX3oKTA4vpq509,0.0,order_TX3oKTA4vpq509,
2026-09-02T11:25:56.831511,TX03221,18078.24,0.2627,SEND_PAYMENT_LINK,PAYMENT_LINK_CREATED,Razorpay Test Mode order created: order_TX3oKYqfV0IpPb,0.0,order_TX3oKYqfV0IpPb,
2026-09-02T11:25:56.852483,TX03223,19525.31,0.1138,ESCALATE,ESCALATED,Case escalated to merchant,0.0,,
2026-09-02T11:25:56.870725,TX03224,39839.06,0.0247,ESCALATE,ESCALATED,Case escalated to merchant,0.0,,
2026-09-02T11:25:56.962289,TX03226,3827.7,0.2666,SEND_PAYMENT_LINK,PAYMENT_LINK_CREATED,Razorpay Test Mode order created: order_TX3oKhxrBg5MGL,0.0,order_TX3oKhxrBg5MGL,
2026-09-02T11:25:56.980926,TX03231,32388.98,0.1173,ESCALATE,ESCALATED,Case escalated to merchant,0.0,,
2026-09-02T11:25:57.001345,TX03232,43690.88,0.0314,ESCALATE,ESCALATED,Case escalated to merchant,0.0,,
2026-09-02T11:25:57.071500,TX03233,2273.87,0.5278,SEND_PAYMENT_LINK,PAYMENT_LINK_CREATED,Razorpay Test Mode order created: order_TX3oKpAL2PD0OR,0.0,order_TX3oKpAL2PD0OR,
2026-09-02T11:25:57.091160,TX03234,41565.66,0.0712,ESCALATE,ESCALATED,Case escalated to merchant,0.0,,
2026-09-02T11:25:57.112060,TX03238,43748.86,0.0482,ESCALATE,ESCALATED,Case escalated to merchant,0.0,,
2026-09-02T11:25:57.131714,TX03240,13199.21,0.0876,ESCALATE,ESCALATED,Case escalated to merchant,0.0,,
2026-09-02T11:25:57.156166,TX03241,43812.97,0.0556,ESCALATE,ESCALATED,Case escalated to merchant,0.0,,
2026-09-02T11:25:57.179344,TX03242,37666.82,0.1428,ESCALATE,ESCALATED,Case escalated to merchant,0.0,,
2026-09-02T11:25:57.202475,TX03245,26572.72,0.3239,SEND_REMINDER,REMINDER_SENT,Payment reminder sent to customer,0.0,,
2026-09-02T11:25:57.222521,TX03246,20163.93,0.0541,ESCALATE,ESCALATED,Case escalated to merchant,0.0,,
2026-09-02T11:25:57.244909,TX03248,34149.9,0.0531,ESCALATE,ESCALATED,Case escalated to merchant,0.0,,
2026-09-02T11:25:57.267048,TX03249,10547.97,0.0211,ESCALATE,ESCALATED,Case escalated to merchant,0.0,,
2026-09-02T11:25:57.287640,TX03254,14337.13,0.2047,ESCALATE,ESCALATED,Case escalated to merchant,0.0,,
2026-09-02T11:25:57.306779,TX03256,36035.05,0.0691,ESCALATE,ESCALATED,Case escalated to merchant,0.0,,
2026-09-02T11:25:57.326998,TX03257,18071.66,0.0663,ESCALATE,ESCALATED,Case escalated to merchant,0.0,,
2026-09-02T11:25:57.346929,TX03262,394.92,0.1469,ESCALATE,ESCALATED,Case escalated to merchant,0.0,,
2026-09-02T11:25:57.367368,TX03263,11514.94,0.6109,SEND_REMINDER,REMINDER_SENT,Payment reminder sent to customer,0.0,,
2026-09-02T11:25:57.389747,TX03269,11520.64,0.0299,ESCALATE,ESCALATED,Case escalated to merchant,0.0,,
2026-09-02T11:25:57.409393,TX03271,25010.3,0.0996,ESCALATE,ESCALATED,Case escalated to merchant,0.0,,
2026-09-02T11:25:57.426262,TX03273,11070.01,0.2524,SEND_REMINDER,REMINDER_SENT,Payment reminder sent to customer,0.0,,
2026-09-02T11:25:57.450049,TX03274,6696.48,0.161,ESCALATE,ESCALATED,Case escalated to merchant,0.0,,
2026-09-02T11:25:57.469523,TX03277,35326.75,0.5874,ESCALATE,ESCALATED,Case escalated to merchant,0.0,,
2026-09-02T11:25:57.487208,TX03278,12333.2,0.0365,ESCALATE,ESCALATED,Case escalated to merchant,0.0,,
2026-09-02T11:25:57.510108,TX03279,23536.37,0.063,ESCALATE,ESCALATED,Case escalated to merchant,0.0,,
2026-09-02T11:25:57.539368,TX03280,29646.8,0.0827,ESCALATE,ESCALATED,Case escalated to merchant,0.0,,
2026-09-02T11:25:57.558414,TX03282,44464.98,0.2564,ESCALATE,ESCALATED,Case escalated to merchant,0.0,,
2026-09-02T11:25:57.572968,TX03283,37337.54,0.1444,ESCALATE,ESCALATED,Case escalated to merchant,0.0,,
2026-09-02T11:25:57.594756,TX03284,1950.82,0.0721,ESCALATE,ESCALATED,Case escalated to merchant,0.0,,
2026-09-02T11:25:57.611986,TX03285,28838.51,0.4422,SEND_REMINDER,REMINDER_SENT,Payment reminder sent to customer,0.0,,
2026-09-02T11:25:57.632090,TX03286,39371.86,0.0447,ESCALATE,ESCALATED,Case escalated to merchant,0.0,,
2026-09-02T11:25:57.651022,TX03287,1060.94,0.0889,ESCALATE,ESCALATED,Case escalated to merchant,0.0,,
2026-09-02T11:25:57.667618,TX03288,27574.29,0.118,ESCALATE,ESCALATED,Case escalated to merchant,0.0,,
2026-09-02T11:25:57.690874,TX03289,42916.65,0.0401,ESCALATE,ESCALATED,Case escalated to merchant,0.0,,
2026-09-02T11:25:57.708085,TX03291,404.49,0.1042,ESCALATE,ESCALATED,Case escalated to merchant,0.0,,
2026-09-02T11:25:57.728364,TX03292,748.47,0.0701,ESCALATE,ESCALATED,Case escalated to merchant,0.0,,
2026-09-02T11:25:57.746775,TX03295,33289.64,0.0706,ESCALATE,ESCALATED,Case escalated to merchant,0.0,,
2026-09-02T11:25:57.770397,TX03296,35498.2,0.0599,ESCALATE,ESCALATED,Case escalated to merchant,0.0,,
2026-09-02T11:25:57.792359,TX03298,44448.96,0.0556,ESCALATE,ESCALATED,Case escalated to merchant,0.0,,
2026-09-02T11:25:57.815675,TX03299,22207.01,0.0776,ESCALATE,ESCALATED,Case escalated to merchant,0.0,,
2026-09-02T11:25:57.840040,TX03302,39540.73,0.0538,ESCALATE,ESCALATED,Case escalated to merchant,0.0,,
2026-09-02T11:25:57.861541,TX03303,32036.91,0.0684,ESCALATE,ESCALATED,Case escalated to merchant,0.0,,
2026-09-02T11:25:57.892527,TX03307,21807.62,0.0866,ESCALATE,ESCALATED,Case escalated to merchant,0.0,,
2026-09-02T11:25:57.910181,TX03311,5886.35,0.5037,ESCALATE,ESCALATED,Case escalated to merchant,0.0,,
2026-09-02T11:25:57.933079,TX03314,8875.69,0.0621,ESCALATE,ESCALATED,Case escalated to merchant,0.0,,
2026-09-02T11:25:57.951719,TX03317,9042.38,0.3732,ESCALATE,ESCALATED,Case escalated to merchant,0.0,,
2026-09-02T11:25:57.972490,TX03319,23367.23,0.6092,RETRY_PAYMENT,SUCCESS,Payment retry succeeded,23367.23,,
2026-09-02T11:25:57.992220,TX03322,30170.95,0.3209,ESCALATE,ESCALATED,Case escalated to merchant,0.0,,
2026-09-02T11:25:58.010850,TX03324,48631.62,0.1077,ESCALATE,ESCALATED,Case escalated to merchant,0.0,,
2026-09-02T11:25:58.025036,TX03327,26101.75,0.1127,ESCALATE,ESCALATED,Case escalated to merchant,0.0,,
2026-09-02T11:25:58.047261,TX03332,40372.96,0.093,ESCALATE,ESCALATED,Case escalated to merchant,0.0,,
2026-09-02T11:25:58.067144,TX03333,2683.26,0.0198,ESCALATE,ESCALATED,Case escalated to merchant,0.0,,
2026-09-02T11:25:58.087714,TX03334,30249.53,0.1027,ESCALATE,ESCALATED,Case escalated to merchant,0.0,,
2026-09-02T11:25:58.110299,TX03335,40377.55,0.0951,ESCALATE,ESCALATED,Case escalated to merchant,0.0,,
2026-09-02T11:25:58.129912,TX03338,15773.12,0.0749,ESCALATE,ESCALATED,Case escalated to merchant,0.0,,
2026-09-02T11:25:58.146240,TX03341,21420.89,0.0649,ESCALATE,ESCALATED,Case escalated to merchant,0.0,,
2026-09-02T11:25:58.160101,TX03344,13865.7,0.3818,ESCALATE,ESCALATED,Case escalated to merchant,0.0,,
2026-09-02T11:25:58.173689,TX03345,20121.48,0.24,SEND_REMINDER,REMINDER_SENT,Payment reminder sent to customer,0.0,,
2026-09-02T11:25:58.188465,TX03348,43121.64,0.3239,ESCALATE,ESCALATED,Case escalated to merchant,0.0,,
2026-09-02T11:25:58.202835,TX03349,28301.32,0.122,ESCALATE,ESCALATED,Case escalated to merchant,0.0,,
2026-09-02T11:25:58.217713,TX03350,20632.58,0.4113,SEND_REMINDER,REMINDER_SENT,Payment reminder sent to customer,0.0,,
2026-09-02T11:25:58.239137,TX03358,9558.71,0.3924,ESCALATE,ESCALATED,Case escalated to merchant,0.0,,
2026-09-02T11:25:58.261444,TX03359,7573.38,0.0619,ESCALATE,ESCALATED,Case escalated to merchant,0.0,,
2026-09-02T11:25:58.280414,TX03366,40941.59,0.3144,ESCALATE,ESCALATED,Case escalated to merchant,0.0,,
2026-09-02T11:25:58.430469,TX03367,47904.02,0.5201,SEND_PAYMENT_LINK,PAYMENT_LINK_CREATED,Razorpay Test Mode order created: order_TX3oMGtlbQw67Y,0.0,order_TX3oMGtlbQw67Y,
2026-09-02T11:25:58.469591,TX03368,41248.55,0.1453,ESCALATE,ESCALATED,Case escalated to merchant,0.0,,
2026-09-02T11:25:58.500346,TX03369,28329.1,0.188,ESCALATE,ESCALATED,Case escalated to merchant,0.0,,
2026-09-02T11:25:58.525372,TX03370,9146.92,0.0484,ESCALATE,ESCALATED,Case escalated to merchant,0.0,,
2026-09-02T11:25:58.567295,TX03371,5168.23,0.0848,ESCALATE,ESCALATED,Case escalated to merchant,0.0,,
2026-09-02T11:25:58.600223,TX03372,2914.69,0.0517,ESCALATE,ESCALATED,Case escalated to merchant,0.0,,
2026-09-02T11:25:58.621731,TX03374,40415.31,0.1347,ESCALATE,ESCALATED,Case escalated to merchant,0.0,,
2026-09-02T11:25:58.639554,TX03376,2924.77,0.0904,ESCALATE,ESCALATED,Case escalated to merchant,0.0,,
2026-09-02T11:25:58.653656,TX03377,26866.43,0.2366,ESCALATE,ESCALATED,Case escalated to merchant,0.0,,
2026-09-02T11:25:58.665537,TX03378,46800.31,0.0359,ESCALATE,ESCALATED,Case escalated to merchant,0.0,,
2026-09-02T11:25:58.679181,TX03381,40047.6,0.6202,RETRY_PAYMENT,BLOCKED,High-value transaction requires escalation,0.0,,
2026-09-02T11:25:58.692948,TX03382,46620.03,0.1095,ESCALATE,ESCALATED,Case escalated to merchant,0.0,,
2026-09-02T11:25:58.757747,TX03384,37435.49,0.5564,SEND_PAYMENT_LINK,PAYMENT_LINK_CREATED,Razorpay Test Mode order created: order_TX3oMfLckVbaP1,0.0,order_TX3oMfLckVbaP1,
2026-09-02T11:25:58.790560,TX03385,11858.31,0.4842,SEND_REMINDER,REMINDER_SENT,Payment reminder sent to customer,0.0,,
2026-09-02T11:25:58.828356,TX03387,25976.45,0.0471,ESCALATE,ESCALATED,Case escalated to merchant,0.0,,
2026-09-02T11:25:58.863893,TX03389,48117.35,0.0227,ESCALATE,ESCALATED,Case escalated to merchant,0.0,,
2026-09-02T11:25:58.966527,TX03391,42676.62,0.5896,SEND_PAYMENT_LINK,PAYMENT_LINK_CREATED,Razorpay Test Mode order created: order_TX3oMtWG9xTFCH,0.0,order_TX3oMtWG9xTFCH,
2026-09-02T11:25:59.002133,TX03392,19503.71,0.0492,ESCALATE,ESCALATED,Case escalated to merchant,0.0,,
2026-09-02T11:25:59.040673,TX03394,46770.9,0.0713,ESCALATE,ESCALATED,Case escalated to merchant,0.0,,
2026-09-02T11:25:59.067712,TX03395,18293.46,0.1573,ESCALATE,ESCALATED,Case escalated to merchant,0.0,,
2026-09-02T11:25:59.098180,TX03396,19636.34,0.0399,ESCALATE,ESCALATED,Case escalated to merchant,0.0,,
2026-09-02T11:25:59.138763,TX03400,29363.09,0.0703,ESCALATE,ESCALATED,Case escalated to merchant,0.0,,
2026-09-02T11:25:59.170601,TX03402,36016.14,0.0607,ESCALATE,ESCALATED,Case escalated to merchant,0.0,,
2026-09-02T11:25:59.208385,TX03403,37313.03,0.0487,ESCALATE,ESCALATED,Case escalated to merchant,0.0,,
2026-09-02T11:25:59.318900,TX03404,25819.73,0.3894,SEND_PAYMENT_LINK,PAYMENT_LINK_CREATED,Razorpay Test Mode order created: order_TX3oNGPcy3E4Ht,0.0,order_TX3oNGPcy3E4Ht,
2026-09-02T11:25:59.362817,TX03405,16683.4,0.0291,ESCALATE,ESCALATED,Case escalated to merchant,0.0,,
2026-09-02T11:25:59.398636,TX03406,41905.05,0.1586,ESCALATE,ESCALATED,Case escalated to merchant,0.0,,
2026-09-02T11:25:59.428042,TX03407,15631.31,0.1935,ESCALATE,ESCALATED,Case escalated to merchant,0.0,,
2026-09-02T11:25:59.447949,TX03409,20182.38,0.1384,ESCALATE,ESCALATED,Case escalated to merchant,0.0,,
2026-09-02T11:25:59.483427,TX03410,42782.9,0.1253,ESCALATE,ESCALATED,Case escalated to merchant,0.0,,
2026-09-02T11:25:59.512871,TX03411,21709.54,0.0996,ESCALATE,ESCALATED,Case escalated to merchant,0.0,,
2026-09-02T11:25:59.542382,TX03412,19427.74,0.1137,ESCALATE,ESCALATED,Case escalated to merchant,0.0,,
2026-09-02T11:25:59.567948,TX03415,5540.89,0.1086,ESCALATE,ESCALATED,Case escalated to merchant,0.0,,
2026-09-02T11:25:59.659570,TX03417,36826.82,0.4979,SEND_PAYMENT_LINK,PAYMENT_LINK_CREATED,Razorpay Test Mode order created: order_TX3oNeMLVsMTZp,0.0,order_TX3oNeMLVsMTZp,
2026-09-02T11:25:59.697256,TX03421,11462.35,0.0944,ESCALATE,ESCALATED,Case escalated to merchant,0.0,,
2026-09-02T11:25:59.727426,TX03422,43666.95,0.0768,ESCALATE,ESCALATED,Case escalated to merchant,0.0,,
2026-09-02T11:25:59.766063,TX03424,11849.36,0.1399,ESCALATE,ESCALATED,Case escalated to merchant,0.0,,
2026-09-02T11:25:59.805009,TX03427,15884.61,0.0958,ESCALATE,ESCALATED,Case escalated to merchant,0.0,,
2026-09-02T11:25:59.840010,TX03428,15458.66,0.1205,ESCALATE,ESCALATED,Case escalated to merchant,0.0,,
2026-09-02T11:25:59.865060,TX03430,13345.98,0.0877,ESCALATE,ESCALATED,Case escalated to merchant,0.0,,
2026-09-02T11:25:59.881946,TX03431,21489.88,0.0692,ESCALATE,ESCALATED,Case escalated to merchant,0.0,,
2026-09-02T11:25:59.901306,TX03434,16564.5,0.1283,ESCALATE,ESCALATED,Case escalated to merchant,0.0,,
2026-09-02T11:25:59.914421,TX03437,9195.71,0.0485,ESCALATE,ESCALATED,Case escalated to merchant,0.0,,
2026-09-02T11:25:59.929000,TX03441,687.01,0.0748,ESCALATE,ESCALATED,Case escalated to merchant,0.0,,
2026-09-02T11:25:59.999663,TX03442,3941.12,0.3619,SEND_PAYMENT_LINK,PAYMENT_LINK_CREATED,Razorpay Test Mode order created: order_TX3oO1OZoBbck2,0.0,order_TX3oO1OZoBbck2,
2026-09-02T11:26:00.044304,TX03445,443.25,0.1722,ESCALATE,ESCALATED,Case escalated to merchant,0.0,,
2026-09-02T11:26:00.073416,TX03446,46845.73,0.0909,ESCALATE,ESCALATED,Case escalated to merchant,0.0,,
2026-09-02T11:26:00.105004,TX03447,5492.67,0.6399,RETRY_PAYMENT,SUCCESS,Payment retry succeeded,5492.67,,
2026-09-02T11:26:00.142514,TX03449,24246.17,0.0453,ESCALATE,ESCALATED,Case escalated to merchant,0.0,,
2026-09-02T11:26:00.182450,TX03450,33036.0,0.0823,ESCALATE,ESCALATED,Case escalated to merchant,0.0,,
2026-09-02T11:26:00.214802,TX03451,25632.01,0.0612,ESCALATE,ESCALATED,Case escalated to merchant,0.0,,
2026-09-02T11:26:00.349959,TX03452,23957.0,0.525,SEND_PAYMENT_LINK,PAYMENT_LINK_CREATED,Razorpay Test Mode order created: order_TX3oOP3y3QwaMW,0.0,order_TX3oOP3y3QwaMW,
2026-09-02T11:26:00.389840,TX03454,37843.14,0.0379,ESCALATE,ESCALATED,Case escalated to merchant,0.0,,
2026-09-02T11:26:00.429274,TX03457,5947.07,0.0695,ESCALATE,ESCALATED,Case escalated to merchant,0.0,,
2026-09-02T11:26:00.455693,TX03458,40116.67,0.0257,ESCALATE,ESCALATED,Case escalated to merchant,0.0,,
2026-09-02T11:26:00.475554,TX03460,24183.14,0.1565,ESCALATE,ESCALATED,Case escalated to merchant,0.0,,
2026-09-02T11:26:00.547282,TX03462,42970.31,0.3691,SEND_PAYMENT_LINK,PAYMENT_LINK_CREATED,Razorpay Test Mode order created: order_TX3oOcORut6HrP,0.0,order_TX3oOcORut6HrP,
2026-09-02T11:26:00.583049,TX03463,31517.88,0.6201,RETRY_PAYMENT,BLOCKED,High-value transaction requires escalation,0.0,,
2026-09-02T11:26:00.618974,TX03469,18983.5,0.1065,ESCALATE,ESCALATED,Case escalated to merchant,0.0,,
2026-09-02T11:26:00.652998,TX03471,3670.6,0.4743,ESCALATE,ESCALATED,Case escalated to merchant,0.0,,
2026-09-02T11:26:00.691577,TX03473,46364.81,0.0706,ESCALATE,ESCALATED,Case escalated to merchant,0.0,,
2026-09-02T11:26:00.730011,TX03478,26653.81,0.0248,ESCALATE,ESCALATED,Case escalated to merchant,0.0,,
2026-09-02T11:26:00.757043,TX03479,5123.89,0.1785,ESCALATE,ESCALATED,Case escalated to merchant,0.0,,
2026-09-02T11:26:00.778146,TX03480,40646.54,0.1076,ESCALATE,ESCALATED,Case escalated to merchant,0.0,,
2026-09-02T11:26:00.817069,TX03484,43916.8,0.0558,ESCALATE,ESCALATED,Case escalated to merchant,0.0,,
2026-09-02T11:26:00.846178,TX03494,2862.24,0.0982,ESCALATE,ESCALATED,Case escalated to merchant,0.0,,
2026-09-02T11:26:00.885029,TX03500,15421.3,0.0982,ESCALATE,ESCALATED,Case escalated to merchant,0.0,,
2026-09-02T11:26:00.921832,TX03501,29730.54,0.0223,ESCALATE,ESCALATED,Case escalated to merchant,0.0,,
2026-09-02T11:26:00.949228,TX03503,434.68,0.0646,ESCALATE,ESCALATED,Case escalated to merchant,0.0,,
2026-09-02T11:26:00.967578,TX03506,44135.31,0.0646,ESCALATE,ESCALATED,Case escalated to merchant,0.0,,
2026-09-02T11:26:00.980290,TX03507,7521.34,0.0677,ESCALATE,ESCALATED,Case escalated to merchant,0.0,,
2026-09-02T11:26:00.992688,TX03508,35602.54,0.0547,ESCALATE,ESCALATED,Case escalated to merchant,0.0,,
2026-09-02T11:26:01.006362,TX03512,45436.59,0.0847,ESCALATE,ESCALATED,Case escalated to merchant,0.0,,
2026-09-02T11:26:01.019494,TX03514,23513.47,0.0328,ESCALATE,ESCALATED,Case escalated to merchant,0.0,,
2026-09-02T11:26:01.109807,TX03517,20799.5,0.4969,SEND_PAYMENT_LINK,PAYMENT_LINK_CREATED,Razorpay Test Mode order created: order_TX3oPEUj2qaiD5,0.0,order_TX3oPEUj2qaiD5,
2026-09-02T11:26:01.127007,TX03518,14782.08,0.0605,ESCALATE,ESCALATED,Case escalated to merchant,0.0,,
2026-09-02T11:26:01.140964,TX03520,25545.3,0.2156,ESCALATE,ESCALATED,Case escalated to merchant,0.0,,
2026-09-02T11:26:01.155195,TX03523,46667.27,0.0727,ESCALATE,ESCALATED,Case escalated to merchant,0.0,,
2026-09-02T11:26:01.171377,TX03524,43559.44,0.0907,ESCALATE,ESCALATED,Case escalated to merchant,0.0,,
2026-09-02T11:26:01.184986,TX03525,21207.13,0.111,ESCALATE,ESCALATED,Case escalated to merchant,0.0,,
2026-09-02T11:26:01.200951,TX03526,34626.83,0.0713,ESCALATE,ESCALATED,Case escalated to merchant,0.0,,
2026-09-02T11:26:01.216909,TX03527,45160.9,0.056,ESCALATE,ESCALATED,Case escalated to merchant,0.0,,
2026-09-02T11:26:01.238316,TX03528,42551.39,0.0554,ESCALATE,ESCALATED,Case escalated to merchant,0.0,,
2026-09-02T11:26:01.254733,TX03530,5796.83,0.1879,ESCALATE,ESCALATED,Case escalated to merchant,0.0,,
2026-09-02T11:26:01.268547,TX03531,3966.39,0.0186,ESCALATE,ESCALATED,Case escalated to merchant,0.0,,
2026-09-02T11:26:01.283522,TX03535,14767.25,0.518,ESCALATE,ESCALATED,Case escalated to merchant,0.0,,
2026-09-02T11:26:01.296490,TX03537,19074.49,0.0339,ESCALATE,ESCALATED,Case escalated to merchant,0.0,,
2026-09-02T11:26:01.310435,TX03540,33679.68,0.0511,ESCALATE,ESCALATED,Case escalated to merchant,0.0,,
2026-09-02T11:26:01.323861,TX03541,25532.86,0.049,ESCALATE,ESCALATED,Case escalated to merchant,0.0,,
2026-09-02T11:26:01.338208,TX03544,16419.97,0.1072,ESCALATE,ESCALATED,Case escalated to merchant,0.0,,
2026-09-02T11:26:01.351250,TX03545,23734.28,0.0644,ESCALATE,ESCALATED,Case escalated to merchant,0.0,,
2026-09-02T11:26:01.364488,TX03546,43894.89,0.214,ESCALATE,ESCALATED,Case escalated to merchant,0.0,,
2026-09-02T11:26:01.428913,TX03547,2206.01,0.3979,SEND_PAYMENT_LINK,PAYMENT_LINK_CREATED,Razorpay Test Mode order created: order_TX3oPaCNPMeel3,0.0,order_TX3oPaCNPMeel3,
2026-09-02T11:26:01.442743,TX03554,8149.71,0.0729,ESCALATE,ESCALATED,Case escalated to merchant,0.0,,
2026-09-02T11:26:01.538633,TX03556,20343.66,0.3117,SEND_PAYMENT_LINK,PAYMENT_LINK_CREATED,Razorpay Test Mode order created: order_TX3oPfiHXg234e,0.0,order_TX3oPfiHXg234e,
2026-09-02T11:26:01.557955,TX03557,22890.16,0.1714,ESCALATE,ESCALATED,Case escalated to merchant,0.0,,
2026-09-02T11:26:01.592333,TX03558,35346.8,0.0959,ESCALATE,ESCALATED,Case escalated to merchant,0.0,,
2026-09-02T11:26:01.622247,TX03559,41077.84,0.0426,ESCALATE,ESCALATED,Case escalated to merchant,0.0,,
2026-09-02T11:26:01.647943,TX03560,11969.87,0.0676,ESCALATE,ESCALATED,Case escalated to merchant,0.0,,
2026-09-02T11:26:01.678022,TX03565,19481.73,0.0559,ESCALATE,ESCALATED,Case escalated to merchant,0.0,,
2026-09-02T11:26:01.716699,TX03566,17436.2,0.0313,ESCALATE,ESCALATED,Case escalated to merchant,0.0,,
2026-09-02T11:26:01.751234,TX03567,41827.24,0.0649,ESCALATE,ESCALATED,Case escalated to merchant,0.0,,
2026-09-02T11:26:01.794473,TX03569,33859.45,0.0558,ESCALATE,ESCALATED,Case escalated to merchant,0.0,,
2026-09-02T11:26:01.830736,TX03571,971.81,0.0914,ESCALATE,ESCALATED,Case escalated to merchant,0.0,,
2026-09-02T11:26:01.862796,TX03575,1248.68,0.0688,ESCALATE,ESCALATED,Case escalated to merchant,0.0,,
2026-09-02T11:26:01.901160,TX03578,3850.63,0.331,ESCALATE,ESCALATED,Case escalated to merchant,0.0,,
2026-09-02T11:26:01.941352,TX03579,44730.27,0.0738,ESCALATE,ESCALATED,Case escalated to merchant,0.0,,
2026-09-02T11:26:01.978309,TX03581,37052.89,0.1071,ESCALATE,ESCALATED,Case escalated to merchant,0.0,,
2026-09-02T11:26:02.011198,TX03587,36688.47,0.0639,ESCALATE,ESCALATED,Case escalated to merchant,0.0,,
2026-09-02T11:26:02.033736,TX03589,345.0,0.064,ESCALATE,ESCALATED,Case escalated to merchant,0.0,,
2026-09-02T11:26:02.049877,TX03590,669.11,0.0471,ESCALATE,ESCALATED,Case escalated to merchant,0.0,,
2026-09-02T11:26:02.123928,TX03593,31879.46,0.4196,SEND_PAYMENT_LINK,PAYMENT_LINK_CREATED,Razorpay Test Mode order created: order_TX3oQLC3mUmpDL,0.0,order_TX3oQLC3mUmpDL,
2026-09-02T11:26:02.161177,TX03594,22819.88,0.4866,SEND_REMINDER,REMINDER_SENT,Payment reminder sent to customer,0.0,,
2026-09-02T11:26:02.196795,TX03595,43198.81,0.326,ESCALATE,ESCALATED,Case escalated to merchant,0.0,,
2026-09-02T11:26:02.233636,TX03596,45864.66,0.0745,ESCALATE,ESCALATED,Case escalated to merchant,0.0,,
2026-09-02T11:26:02.259188,TX03598,7853.47,0.1103,ESCALATE,ESCALATED,Case escalated to merchant,0.0,,
2026-09-02T11:26:02.283898,TX03600,13447.86,0.0526,ESCALATE,ESCALATED,Case escalated to merchant,0.0,,
2026-09-02T11:26:02.308174,TX03601,29622.63,0.0436,ESCALATE,ESCALATED,Case escalated to merchant,0.0,,
2026-09-02T11:26:02.336838,TX03604,46652.01,0.0992,ESCALATE,ESCALATED,Case escalated to merchant,0.0,,
2026-09-02T11:26:02.402199,TX03607,39293.34,0.5292,SEND_PAYMENT_LINK,PAYMENT_LINK_CREATED,Razorpay Test Mode order created: order_TX3oQe22mjQaQK,0.0,order_TX3oQe22mjQaQK,
2026-09-02T11:26:02.437967,TX03608,39805.33,0.0603,ESCALATE,ESCALATED,Case escalated to merchant,0.0,,
2026-09-02T11:26:02.478660,TX03610,22488.98,0.087,ESCALATE,ESCALATED,Case escalated to merchant,0.0,,
2026-09-02T11:26:02.512259,TX03611,41505.56,0.0673,ESCALATE,ESCALATED,Case escalated to merchant,0.0,,
2026-09-02T11:26:02.555501,TX03612,15273.42,0.4913,SEND_REMINDER,REMINDER_SENT,Payment reminder sent to customer,0.0,,
2026-09-02T11:26:02.586460,TX03613,23493.88,0.1734,ESCALATE,ESCALATED,Case escalated to merchant,0.0,,
2026-09-02T11:26:02.605469,TX03614,13785.14,0.0251,ESCALATE,ESCALATED,Case escalated to merchant,0.0,,
2026-09-02T11:26:02.674518,TX03615,23284.86,0.4217,SEND_PAYMENT_LINK,PAYMENT_LINK_CREATED,Razorpay Test Mode order created: order_TX3oQwHJ3q7Ai2,0.0,order_TX3oQwHJ3q7Ai2,
2026-09-02T11:26:02.712038,TX03617,22865.19,0.0264,ESCALATE,ESCALATED,Case escalated to merchant,0.0,,
2026-09-02T11:26:02.749967,TX03621,955.68,0.0517,ESCALATE,ESCALATED,Case escalated to merchant,0.0,,
2026-09-02T11:26:02.790533,TX03622,14330.53,0.0135,ESCALATE,ESCALATED,Case escalated to merchant,0.0,,
2026-09-02T11:26:02.822521,TX03623,21941.77,0.2287,ESCALATE,ESCALATED,Case escalated to merchant,0.0,,
2026-09-02T11:26:02.862091,TX03627,19527.32,0.0455,ESCALATE,ESCALATED,Case escalated to merchant,0.0,,
2026-09-02T11:26:02.900165,TX03631,867.79,0.1889,ESCALATE,ESCALATED,Case escalated to merchant,0.0,,
2026-09-02T11:26:02.933745,TX03632,1168.42,0.1029,ESCALATE,ESCALATED,Case escalated to merchant,0.0,,
2026-09-02T11:26:02.966097,TX03633,48653.49,0.0631,ESCALATE,ESCALATED,Case escalated to merchant,0.0,,
2026-09-02T11:26:02.992437,TX03643,23111.19,0.1065,ESCALATE,ESCALATED,Case escalated to merchant,0.0,,
2026-09-02T11:26:03.096572,TX03644,15024.4,0.4337,SEND_PAYMENT_LINK,PAYMENT_LINK_CREATED,Razorpay Test Mode order created: order_TX3oRN5NZM5Aho,0.0,order_TX3oRN5NZM5Aho,
2026-09-02T11:26:03.136013,TX03645,1840.8,0.0103,ESCALATE,ESCALATED,Case escalated to merchant,0.0,,
2026-09-02T11:26:03.173291,TX03648,14293.43,0.0684,ESCALATE,ESCALATED,Case escalated to merchant,0.0,,
2026-09-02T11:26:03.207397,TX03650,49730.79,0.152,ESCALATE,ESCALATED,Case escalated to merchant,0.0,,
2026-09-02T11:26:03.228805,TX03651,24202.91,0.1565,ESCALATE,ESCALATED,Case escalated to merchant,0.0,,
2026-09-02T11:26:03.245878,TX03652,37849.01,0.1773,ESCALATE,ESCALATED,Case escalated to merchant,0.0,,
2026-09-02T11:26:03.259411,TX03653,22725.24,0.0418,ESCALATE,ESCALATED,Case escalated to merchant,0.0,,
2026-09-02T11:26:03.273121,TX03654,2349.88,0.0735,ESCALATE,ESCALATED,Case escalated to merchant,0.0,,
2026-09-02T11:26:03.345854,TX03655,15618.12,0.5467,SEND_PAYMENT_LINK,PAYMENT_LINK_CREATED,Razorpay Test Mode order created: order_TX3oRfGruKmy9v,0.0,order_TX3oRfGruKmy9v,
2026-09-02T11:26:03.378181,TX03662,49912.05,0.3292,ESCALATE,ESCALATED,Case escalated to merchant,0.0,,
2026-09-02T11:26:03.417716,TX03668,26496.76,0.0786,ESCALATE,ESCALATED,Case escalated to merchant,0.0,,
2026-09-02T11:26:03.455117,TX03669,48478.19,0.0891,ESCALATE,ESCALATED,Case escalated to merchant,0.0,,
2026-09-02T11:26:03.487008,TX03673,34482.38,0.0167,ESCALATE,ESCALATED,Case escalated to merchant,0.0,,
2026-09-02T11:26:03.524685,TX03677,16479.28,0.5373,SEND_REMINDER,REMINDER_SENT,Payment reminder sent to customer,0.0,,
2026-09-02T11:26:03.563691,TX03679,35110.36,0.0195,ESCALATE,ESCALATED,Case escalated to merchant,0.0,,
2026-09-02T11:26:03.587324,TX03681,38689.45,0.0218,ESCALATE,ESCALATED,Case escalated to merchant,0.0,,
2026-09-02T11:26:03.655230,TX03682,24695.02,0.4274,SEND_PAYMENT_LINK,PAYMENT_LINK_CREATED,Razorpay Test Mode order created: order_TX3oS0avuehxqf,0.0,order_TX3oS0avuehxqf,
2026-09-02T11:26:03.695184,TX03687,3676.01,0.083,ESCALATE,ESCALATED,Case escalated to merchant,0.0,,
2026-09-02T11:26:03.729029,TX03689,8782.99,0.1078,ESCALATE,ESCALATED,Case escalated to merchant,0.0,,
2026-09-02T11:26:03.768473,TX03692,27795.48,0.1589,ESCALATE,ESCALATED,Case escalated to merchant,0.0,,
2026-09-02T11:26:03.813985,TX03693,26451.94,0.1325,ESCALATE,ESCALATED,Case escalated to merchant,0.0,,
2026-09-02T11:26:03.848255,TX03697,10032.95,0.0224,ESCALATE,ESCALATED,Case escalated to merchant,0.0,,
2026-09-02T11:26:03.953648,TX03700,38757.71,0.4408,SEND_PAYMENT_LINK,PAYMENT_LINK_CREATED,Razorpay Test Mode order created: order_TX3oSKx6aZwgW9,0.0,order_TX3oSKx6aZwgW9,
2026-09-02T11:26:03.992527,TX03704,2510.86,0.0488,ESCALATE,ESCALATED,Case escalated to merchant,0.0,,
2026-09-02T11:26:04.032082,TX03705,31273.18,0.0602,ESCALATE,ESCALATED,Case escalated to merchant,0.0,,
2026-09-02T11:26:04.067618,TX03706,31379.69,0.0654,ESCALATE,ESCALATED,Case escalated to merchant,0.0,,
2026-09-02T11:26:04.104006,TX03708,25381.69,0.154,ESCALATE,ESCALATED,Case escalated to merchant,0.0,,
2026-09-02T11:26:04.147770,TX03711,32850.34,0.1526,ESCALATE,ESCALATED,Case escalated to merchant,0.0,,
2026-09-02T11:26:04.187085,TX03714,41059.36,0.0847,ESCALATE,ESCALATED,Case escalated to merchant,0.0,,
2026-09-02T11:26:04.224894,TX03715,29299.12,0.035,ESCALATE,ESCALATED,Case escalated to merchant,0.0,,
2026-09-02T11:26:04.328121,TX03722,43254.16,0.4801,SEND_PAYMENT_LINK,PAYMENT_LINK_CREATED,Razorpay Test Mode order created: order_TX3oSjrq3nQ6k2,0.0,order_TX3oSjrq3nQ6k2,
2026-09-02T11:26:04.443751,TX03728,37860.43,0.5559,SEND_PAYMENT_LINK,PAYMENT_LINK_CREATED,Razorpay Test Mode order created: order_TX3oSroRKzQdcZ,0.0,order_TX3oSroRKzQdcZ,
2026-09-02T11:26:04.482139,TX03729,13941.23,0.0256,ESCALATE,ESCALATED,Case escalated to merchant,0.0,,
2026-09-02T11:26:04.520171,TX03731,40928.96,0.0298,ESCALATE,ESCALATED,Case escalated to merchant,0.0,,
2026-09-02T11:26:04.560874,TX03733,40425.42,0.0381,ESCALATE,ESCALATED,Case escalated to merchant,0.0,,
2026-09-02T11:26:04.602918,TX03735,5227.19,0.1712,ESCALATE,ESCALATED,Case escalated to merchant,0.0,,
2026-09-02T11:26:04.642527,TX03737,32699.58,0.0993,ESCALATE,ESCALATED,Case escalated to merchant,0.0,,
2026-09-02T11:26:04.676938,TX03738,22913.76,0.0792,ESCALATE,ESCALATED,Case escalated to merchant,0.0,,
2026-09-02T11:26:04.709910,TX03742,6910.41,0.1234,ESCALATE,ESCALATED,Case escalated to merchant,0.0,,
2026-09-02T11:26:04.745297,TX03744,24377.78,0.1242,ESCALATE,ESCALATED,Case escalated to merchant,0.0,,
2026-09-02T11:26:04.923154,TX03745,24004.38,0.2661,SEND_PAYMENT_LINK,PAYMENT_LINK_CREATED,Razorpay Test Mode order created: order_TX3oTNsIkKhydF,0.0,order_TX3oTNsIkKhydF,
2026-09-02T11:26:05.008273,TX03748,7417.64,0.3613,SEND_PAYMENT_LINK,PAYMENT_LINK_CREATED,Razorpay Test Mode order created: order_TX3oTUMt8vRijA,0.0,order_TX3oTUMt8vRijA,
2026-09-02T11:26:05.043623,TX03749,12887.43,0.0461,ESCALATE,ESCALATED,Case escalated to merchant,0.0,,
2026-09-02T11:26:05.074773,TX03750,45743.4,0.0797,ESCALATE,ESCALATED,Case escalated to merchant,0.0,,
2026-09-02T11:26:05.107799,TX03753,37925.91,0.0404,ESCALATE,ESCALATED,Case escalated to merchant,0.0,,
2026-09-02T11:26:05.193776,TX03754,40526.57,0.3767,SEND_PAYMENT_LINK,PAYMENT_LINK_CREATED,Razorpay Test Mode order created: order_TX3oTgq5dA8QvD,0.0,order_TX3oTgq5dA8QvD,
2026-09-02T11:26:05.269904,TX03755,44353.45,0.363,SEND_PAYMENT_LINK,PAYMENT_LINK_CREATED,Razorpay Test Mode order created: order_TX3oTm6T6df7iR,0.0,order_TX3oTm6T6df7iR,
2026-09-02T11:26:05.317924,TX03759,13401.44,0.1623,ESCALATE,ESCALATED,Case escalated to merchant,0.0,,
2026-09-02T11:26:05.355439,TX03761,31869.79,0.0397,ESCALATE,ESCALATED,Case escalated to merchant,0.0,,
2026-09-02T11:26:05.384552,TX03762,43774.39,0.1321,ESCALATE,ESCALATED,Case escalated to merchant,0.0,,
2026-09-02T11:26:05.423248,TX03765,14808.76,0.0263,ESCALATE,ESCALATED,Case escalated to merchant,0.0,,
2026-09-02T11:26:05.456763,TX03769,21132.6,0.048,ESCALATE,ESCALATED,Case escalated to merchant,0.0,,
2026-09-02T11:26:05.492504,TX03770,47188.95,0.0735,ESCALATE,ESCALATED,Case escalated to merchant,0.0,,
2026-09-02T11:26:05.524900,TX03771,45146.19,0.1018,ESCALATE,ESCALATED,Case escalated to merchant,0.0,,
2026-09-02T11:26:05.553225,TX03772,43633.63,0.1196,ESCALATE,ESCALATED,Case escalated to merchant,0.0,,
2026-09-02T11:26:05.586578,TX03774,42742.05,0.2587,ESCALATE,ESCALATED,Case escalated to merchant,0.0,,
2026-09-02T11:26:05.624309,TX03775,39125.45,0.0417,ESCALATE,ESCALATED,Case escalated to merchant,0.0,,
2026-09-02T11:26:05.671051,TX03778,5237.96,0.0714,ESCALATE,ESCALATED,Case escalated to merchant,0.0,,
2026-09-02T11:26:05.703650,TX03779,764.36,0.0376,ESCALATE,ESCALATED,Case escalated to merchant,0.0,,
2026-09-02T11:26:05.749662,TX03781,48675.04,0.0691,ESCALATE,ESCALATED,Case escalated to merchant,0.0,,
2026-09-02T11:26:05.781837,TX03784,48404.9,0.1653,ESCALATE,ESCALATED,Case escalated to merchant,0.0,,
2026-09-02T11:26:05.804245,TX03786,42951.82,0.1401,ESCALATE,ESCALATED,Case escalated to merchant,0.0,,
2026-09-02T11:26:05.823854,TX03790,28166.9,0.6127,ESCALATE,ESCALATED,Case escalated to merchant,0.0,,
2026-09-02T11:26:05.836973,TX03792,38279.25,0.5332,ESCALATE,ESCALATED,Case escalated to merchant,0.0,,
2026-09-02T11:26:05.851063,TX03793,14377.45,0.0892,ESCALATE,ESCALATED,Case escalated to merchant,0.0,,
2026-09-02T11:26:05.864581,TX03796,7312.64,0.0443,ESCALATE,ESCALATED,Case escalated to merchant,0.0,,
2026-09-02T11:26:06.006299,TX03802,1317.97,0.4655,SEND_PAYMENT_LINK,PAYMENT_LINK_CREATED,Razorpay Test Mode order created: order_TX3oUY8kqbVOLH,0.0,order_TX3oUY8kqbVOLH,
2026-09-02T11:26:06.104184,TX03803,30074.31,0.4402,SEND_PAYMENT_LINK,PAYMENT_LINK_CREATED,Razorpay Test Mode order created: order_TX3oUg3rPZIP9z,0.0,order_TX3oUg3rPZIP9z,
2026-09-02T11:26:06.144861,TX03805,41307.82,0.0724,ESCALATE,ESCALATED,Case escalated to merchant,0.0,,
2026-09-02T11:26:06.180148,TX03806,2988.91,0.0454,ESCALATE,ESCALATED,Case escalated to merchant,0.0,,
2026-09-02T11:26:06.219965,TX03807,24109.37,0.0505,ESCALATE,ESCALATED,Case escalated to merchant,0.0,,
2026-09-02T11:26:06.249517,TX03808,26861.47,0.073,ESCALATE,ESCALATED,Case escalated to merchant,0.0,,
2026-09-02T11:26:06.288504,TX03809,8622.42,0.0141,ESCALATE,ESCALATED,Case escalated to merchant,0.0,,
2026-09-02T11:26:06.390843,TX03810,16258.0,0.4103,SEND_PAYMENT_LINK,PAYMENT_LINK_CREATED,Razorpay Test Mode order created: order_TX3oUyXamOkXU4,0.0,order_TX3oUyXamOkXU4,
2026-09-02T11:26:06.429217,TX03813,46484.5,0.1067,ESCALATE,ESCALATED,Case escalated to merchant,0.0,,
2026-09-02T11:26:06.465249,TX03817,49110.33,0.0559,ESCALATE,ESCALATED,Case escalated to merchant,0.0,,
2026-09-02T11:26:06.494144,TX03818,49154.4,0.0384,ESCALATE,ESCALATED,Case escalated to merchant,0.0,,
2026-09-02T11:26:06.594286,TX03821,16423.82,0.4357,SEND_PAYMENT_LINK,PAYMENT_LINK_CREATED,Razorpay Test Mode order created: order_TX3oVDjnvWop9M,0.0,order_TX3oVDjnvWop9M,
2026-09-02T11:26:06.632306,TX03823,20557.89,0.0425,ESCALATE,ESCALATED,Case escalated to merchant,0.0,,
2026-09-02T11:26:06.660787,TX03825,37294.29,0.1671,ESCALATE,ESCALATED,Case escalated to merchant,0.0,,
2026-09-02T11:26:06.748885,TX03827,2618.42,0.4682,SEND_PAYMENT_LINK,PAYMENT_LINK_CREATED,Razorpay Test Mode order created: order_TX3oVO19fmxV0Z,0.0,order_TX3oVO19fmxV0Z,
2026-09-02T11:26:06.928780,TX03828,22508.09,0.5308,SEND_PAYMENT_LINK,PAYMENT_LINK_CREATED,Razorpay Test Mode order created: order_TX3oVaIhCt1Rim,0.0,order_TX3oVaIhCt1Rim,
2026-09-02T11:26:06.962849,TX03832,6339.54,0.095,ESCALATE,ESCALATED,Case escalated to merchant,0.0,,
2026-09-02T11:26:06.999651,TX03834,1680.87,0.5757,ESCALATE,ESCALATED,Case escalated to merchant,0.0,,
2026-09-02T11:26:07.032871,TX03835,3772.24,0.1835,ESCALATE,ESCALATED,Case escalated to merchant,0.0,,
2026-09-02T11:26:07.067275,TX03836,33061.52,0.0612,ESCALATE,ESCALATED,Case escalated to merchant,0.0,,
2026-09-02T11:26:07.104068,TX03837,21692.9,0.0978,ESCALATE,ESCALATED,Case escalated to merchant,0.0,,
2026-09-02T11:26:07.132847,TX03838,38227.43,0.0462,ESCALATE,ESCALATED,Case escalated to merchant,0.0,,
2026-09-02T11:26:07.162193,TX03839,49631.37,0.2025,ESCALATE,ESCALATED,Case escalated to merchant,0.0,,
2026-09-02T11:26:07.193332,TX03840,33019.93,0.0445,ESCALATE,ESCALATED,Case escalated to merchant,0.0,,
2026-09-02T11:26:07.220475,TX03841,2712.69,0.1609,ESCALATE,ESCALATED,Case escalated to merchant,0.0,,
2026-09-02T11:26:07.244209,TX03842,5407.23,0.0765,ESCALATE,ESCALATED,Case escalated to merchant,0.0,,
2026-09-02T11:26:07.279294,TX03846,42859.29,0.07,ESCALATE,ESCALATED,Case escalated to merchant,0.0,,
2026-09-02T11:26:07.313251,TX03847,46398.19,0.0833,ESCALATE,ESCALATED,Case escalated to merchant,0.0,,
2026-09-02T11:26:07.345000,TX03852,27460.84,0.324,ESCALATE,ESCALATED,Case escalated to merchant,0.0,,
2026-09-02T11:26:07.380314,TX03857,32728.72,0.0857,ESCALATE,ESCALATED,Case escalated to merchant,0.0,,
2026-09-02T11:26:07.417811,TX03859,48318.04,0.0218,ESCALATE,ESCALATED,Case escalated to merchant,0.0,,
2026-09-02T11:26:07.450822,TX03862,14787.68,0.1002,ESCALATE,ESCALATED,Case escalated to merchant,0.0,,
2026-09-02T11:26:07.479281,TX03863,18802.31,0.3922,SEND_REMINDER,REMINDER_SENT,Payment reminder sent to customer,0.0,,
2026-09-02T11:26:07.506912,TX03864,33564.5,0.087,ESCALATE,ESCALATED,Case escalated to merchant,0.0,,
2026-09-02T11:26:07.534119,TX03867,35752.27,0.0351,ESCALATE,ESCALATED,Case escalated to merchant,0.0,,
2026-09-02T11:26:07.562348,TX03870,7742.59,0.0578,ESCALATE,ESCALATED,Case escalated to merchant,0.0,,
2026-09-02T11:26:07.596764,TX03874,468.85,0.0988,ESCALATE,ESCALATED,Case escalated to merchant,0.0,,
2026-09-02T11:26:07.749864,TX03876,48636.8,0.502,SEND_PAYMENT_LINK,PAYMENT_LINK_CREATED,Razorpay Test Mode order created: order_TX3oWPTZsxctjE,0.0,order_TX3oWPTZsxctjE,
2026-09-02T11:26:07.781674,TX03878,6172.11,0.1387,ESCALATE,ESCALATED,Case escalated to merchant,0.0,,
2026-09-02T11:26:07.823051,TX03881,11781.89,0.0435,ESCALATE,ESCALATED,Case escalated to merchant,0.0,,
2026-09-02T11:26:07.863472,TX03882,30463.26,0.0303,ESCALATE,ESCALATED,Case escalated to merchant,0.0,,
2026-09-02T11:26:07.895191,TX03883,20253.03,0.08,ESCALATE,ESCALATED,Case escalated to merchant,0.0,,
2026-09-02T11:26:07.936227,TX03884,10550.62,0.0582,ESCALATE,ESCALATED,Case escalated to merchant,0.0,,
2026-09-02T11:26:07.984269,TX03888,11969.56,0.477,SEND_REMINDER,REMINDER_SENT,Payment reminder sent to customer,0.0,,
2026-09-02T11:26:08.020718,TX03890,28892.73,0.0614,ESCALATE,ESCALATED,Case escalated to merchant,0.0,,
2026-09-02T11:26:08.059194,TX03892,9581.57,0.0959,ESCALATE,ESCALATED,Case escalated to merchant,0.0,,
2026-09-02T11:26:08.085291,TX03895,49640.0,0.0605,ESCALATE,ESCALATED,Case escalated to merchant,0.0,,
2026-09-02T11:26:08.105884,TX03897,46114.98,0.1626,ESCALATE,ESCALATED,Case escalated to merchant,0.0,,
2026-09-02T11:26:08.214944,TX03898,9913.73,0.5645,SEND_PAYMENT_LINK,PAYMENT_LINK_CREATED,Razorpay Test Mode order created: order_TX3oWzKq7pf5QT,0.0,order_TX3oWzKq7pf5QT,
2026-09-02T11:26:08.323652,TX03899,48036.31,0.5099,SEND_PAYMENT_LINK,PAYMENT_LINK_CREATED,Razorpay Test Mode order created: order_TX3oX6CVMNtxfS,0.0,order_TX3oX6CVMNtxfS,
2026-09-02T11:26:08.356367,TX03900,7304.19,0.1032,ESCALATE,ESCALATED,Case escalated to merchant,0.0,,
2026-09-02T11:26:08.394440,TX03901,25552.28,0.176,ESCALATE,ESCALATED,Case escalated to merchant,0.0,,
2026-09-02T11:26:08.431730,TX03902,41518.85,0.0403,ESCALATE,ESCALATED,Case escalated to merchant,0.0,,
2026-09-02T11:26:08.540229,TX03905,6583.62,0.5494,SEND_PAYMENT_LINK,PAYMENT_LINK_CREATED,Razorpay Test Mode order created: order_TX3oXKII4S4CmD,0.0,order_TX3oXKII4S4CmD,
2026-09-02T11:26:08.577055,TX03906,6321.51,0.5111,SEND_REMINDER,REMINDER_SENT,Payment reminder sent to customer,0.0,,
2026-09-02T11:26:08.622285,TX03909,38911.16,0.0288,ESCALATE,ESCALATED,Case escalated to merchant,0.0,,
2026-09-02T11:26:08.655263,TX03911,32358.81,0.0357,ESCALATE,ESCALATED,Case escalated to merchant,0.0,,
2026-09-02T11:26:08.687848,TX03912,873.16,0.0628,ESCALATE,ESCALATED,Case escalated to merchant,0.0,,
2026-09-02T11:26:08.717951,TX03914,49248.76,0.0582,ESCALATE,ESCALATED,Case escalated to merchant,0.0,,
2026-09-02T11:26:08.746517,TX03916,34003.65,0.2268,ESCALATE,ESCALATED,Case escalated to merchant,0.0,,
2026-09-02T11:26:08.769249,TX03919,35358.32,0.1915,ESCALATE,ESCALATED,Case escalated to merchant,0.0,,
2026-09-02T11:26:08.796334,TX03926,7876.55,0.033,ESCALATE,ESCALATED,Case escalated to merchant,0.0,,
2026-09-02T11:26:08.811069,TX03927,42811.05,0.0439,ESCALATE,ESCALATED,Case escalated to merchant,0.0,,
2026-09-02T11:26:08.919393,TX03929,5463.89,0.5559,SEND_PAYMENT_LINK,PAYMENT_LINK_CREATED,Razorpay Test Mode order created: order_TX3oXkuwXFEROu,0.0,order_TX3oXkuwXFEROu,
2026-09-02T11:26:08.960673,TX03934,15057.22,0.0794,ESCALATE,ESCALATED,Case escalated to merchant,0.0,,
2026-09-02T11:26:09.050987,TX03936,8347.7,0.5317,SEND_PAYMENT_LINK,PAYMENT_LINK_CREATED,Razorpay Test Mode order created: order_TX3oXtwaOgfivW,0.0,order_TX3oXtwaOgfivW,
2026-09-02T11:26:09.151856,TX03939,34235.04,0.505,SEND_PAYMENT_LINK,PAYMENT_LINK_CREATED,Razorpay Test Mode order created: order_TX3oY0Cc8k6ppU,0.0,order_TX3oY0Cc8k6ppU,
2026-09-02T11:26:09.187571,TX03940,34257.06,0.0716,ESCALATE,ESCALATED,Case escalated to merchant,0.0,,
2026-09-02T11:26:09.225761,TX03944,29072.37,0.1182,ESCALATE,ESCALATED,Case escalated to merchant,0.0,,
2026-09-02T11:26:09.264089,TX03947,44764.49,0.0478,ESCALATE,ESCALATED,Case escalated to merchant,0.0,,
2026-09-02T11:26:09.350102,TX03951,4188.46,0.5759,SEND_PAYMENT_LINK,PAYMENT_LINK_CREATED,Razorpay Test Mode order created: order_TX3oYE6wF432YW,0.0,order_TX3oYE6wF432YW,
2026-09-02T11:26:09.385169,TX03954,28087.68,0.0561,ESCALATE,ESCALATED,Case escalated to merchant,0.0,,
2026-09-02T11:26:09.476785,TX03958,1115.37,0.5394,SEND_PAYMENT_LINK,PAYMENT_LINK_CREATED,Razorpay Test Mode order created: order_TX3oYMb1HgQavr,0.0,order_TX3oYMb1HgQavr,
2026-09-02T11:26:09.513195,TX03959,34544.0,0.0524,ESCALATE,ESCALATED,Case escalated to merchant,0.0,,
2026-09-02T11:26:09.605302,TX03964,25320.35,0.4731,SEND_PAYMENT_LINK,PAYMENT_LINK_CREATED,Razorpay Test Mode order created: order_TX3oYVUep3UwJ8,0.0,order_TX3oYVUep3UwJ8,
2026-09-02T11:26:09.647381,TX03969,3744.78,0.0482,ESCALATE,ESCALATED,Case escalated to merchant,0.0,,
2026-09-02T11:26:09.679611,TX03971,21802.16,0.0124,ESCALATE,ESCALATED,Case escalated to merchant,0.0,,
2026-09-02T11:26:09.716796,TX03973,25903.51,0.19,ESCALATE,ESCALATED,Case escalated to merchant,0.0,,
2026-09-02T11:26:09.749522,TX03975,34457.92,0.1635,ESCALATE,ESCALATED,Case escalated to merchant,0.0,,
2026-09-02T11:26:09.782147,TX03977,15083.39,0.0773,ESCALATE,ESCALATED,Case escalated to merchant,0.0,,
2026-09-02T11:26:09.813296,TX03980,30889.45,0.3213,ESCALATE,ESCALATED,Case escalated to merchant,0.0,,
2026-09-02T11:26:09.838359,TX03981,22304.03,0.2467,ESCALATE,ESCALATED,Case escalated to merchant,0.0,,
2026-09-02T11:26:09.869907,TX03982,9563.18,0.527,ESCALATE,ESCALATED,Case escalated to merchant,0.0,,
2026-09-02T11:26:09.893243,TX03985,27804.18,0.0847,ESCALATE,ESCALATED,Case escalated to merchant,0.0,,
2026-09-02T11:26:09.915860,TX03991,10963.07,0.1356,ESCALATE,ESCALATED,Case escalated to merchant,0.0,,
2026-09-02T11:26:09.935719,TX03992,9333.59,0.0729,ESCALATE,ESCALATED,Case escalated to merchant,0.0,,
2026-09-02T11:26:09.953603,TX03994,40914.75,0.2473,ESCALATE,ESCALATED,Case escalated to merchant,0.0,,
2026-09-02T11:26:09.967471,TX03995,42178.91,0.1197,ESCALATE,ESCALATED,Case escalated to merchant,0.0,,
2026-09-02T11:26:09.982031,TX03996,26118.71,0.0736,ESCALATE,ESCALATED,Case escalated to merchant,0.0,,
2026-09-02T11:26:10.002473,TX03997,43068.38,0.1594,ESCALATE,ESCALATED,Case escalated to merchant,0.0,,
2026-09-02T11:26:10.021825,TX03998,471.1,0.0695,ESCALATE,ESCALATED,Case escalated to merchant,0.0,,
2026-09-02T11:26:10.039945,TX04002,22645.16,0.0667,ESCALATE,ESCALATED,Case escalated to merchant,0.0,,
2026-09-02T11:26:10.055064,TX04003,37729.78,0.5386,ESCALATE,ESCALATED,Case escalated to merchant,0.0,,
2026-09-02T11:26:10.068400,TX04004,47790.85,0.0416,ESCALATE,ESCALATED,Case escalated to merchant,0.0,,
2026-09-02T11:26:10.082573,TX04005,38650.06,0.0662,ESCALATE,ESCALATED,Case escalated to merchant,0.0,,
2026-09-02T11:26:10.100325,TX04006,42150.09,0.0217,ESCALATE,ESCALATED,Case escalated to merchant,0.0,,
2026-09-02T11:26:10.178617,TX04008,8576.91,0.4565,SEND_PAYMENT_LINK,PAYMENT_LINK_CREATED,Razorpay Test Mode order created: order_TX3oZ8CdrtCKCT,0.0,order_TX3oZ8CdrtCKCT,
2026-09-02T11:26:10.214646,TX04013,33913.44,0.1137,ESCALATE,ESCALATED,Case escalated to merchant,0.0,,
2026-09-02T11:26:10.248376,TX04015,4880.75,0.0157,ESCALATE,ESCALATED,Case escalated to merchant,0.0,,
2026-09-02T11:26:10.285330,TX04018,48043.59,0.0644,ESCALATE,ESCALATED,Case escalated to merchant,0.0,,
2026-09-02T11:26:10.418814,TX04019,16160.25,0.297,SEND_PAYMENT_LINK,PAYMENT_LINK_CREATED,Razorpay Test Mode order created: order_TX3oZMSdXPzCEe,0.0,order_TX3oZMSdXPzCEe,
2026-09-02T11:26:10.448178,TX04023,2198.21,0.0795,ESCALATE,ESCALATED,Case escalated to merchant,0.0,,
2026-09-02T11:26:10.483426,TX04024,45092.05,0.1021,ESCALATE,ESCALATED,Case escalated to merchant,0.0,,
2026-09-02T11:26:10.518505,TX04027,41754.57,0.0819,ESCALATE,ESCALATED,Case escalated to merchant,0.0,,
2026-09-02T11:26:10.544144,TX04028,41683.71,0.1852,ESCALATE,ESCALATED,Case escalated to merchant,0.0,,
2026-09-02T11:26:10.574283,TX04029,34969.06,0.0752,ESCALATE,ESCALATED,Case escalated to merchant,0.0,,
2026-09-02T11:26:10.595938,TX04031,16940.78,0.0313,ESCALATE,ESCALATED,Case escalated to merchant,0.0,,
2026-09-02T11:26:10.612685,TX04032,15561.77,0.0724,ESCALATE,ESCALATED,Case escalated to merchant,0.0,,
2026-09-02T11:26:10.627407,TX04033,1198.29,0.1971,ESCALATE,ESCALATED,Case escalated to merchant,0.0,,
2026-09-02T11:26:10.641257,TX04035,35001.92,0.077,ESCALATE,ESCALATED,Case escalated to merchant,0.0,,
2026-09-02T11:26:10.719056,TX04036,42722.53,0.4515,SEND_PAYMENT_LINK,PAYMENT_LINK_CREATED,Razorpay Test Mode order created: order_TX3oZivPhXSLuB,0.0,order_TX3oZivPhXSLuB,
2026-09-02T11:26:10.754618,TX04037,7180.24,0.3986,SEND_REMINDER,REMINDER_SENT,Payment reminder sent to customer,0.0,,
2026-09-02T11:26:10.776297,TX04045,12631.31,0.0687,ESCALATE,ESCALATED,Case escalated to merchant,0.0,,
2026-09-02T11:26:10.815199,TX04048,47899.94,0.3129,ESCALATE,ESCALATED,Case escalated to merchant,0.0,,
2026-09-02T11:26:10.928841,TX04049,44211.35,0.5358,SEND_PAYMENT_LINK,PAYMENT_LINK_CREATED,Razorpay Test Mode order created: order_TX3oZwb7SfqvOv,0.0,order_TX3oZwb7SfqvOv,
2026-09-02T11:26:11.028145,TX04050,46679.81,0.5068,SEND_PAYMENT_LINK,PAYMENT_LINK_CREATED,Razorpay Test Mode order created: order_TX3oa3H10lQqe5,0.0,order_TX3oa3H10lQqe5,
2026-09-02T11:26:11.065845,TX04055,10793.8,0.0661,ESCALATE,ESCALATED,Case escalated to merchant,0.0,,
2026-09-02T11:26:11.101137,TX04056,30258.57,0.0225,ESCALATE,ESCALATED,Case escalated to merchant,0.0,,
2026-09-02T11:26:11.132255,TX04058,43380.58,0.0484,ESCALATE,ESCALATED,Case escalated to merchant,0.0,,
2026-09-02T11:26:11.165474,TX04061,25416.26,0.1245,ESCALATE,ESCALATED,Case escalated to merchant,0.0,,
2026-09-02T11:26:11.200335,TX04063,13956.7,0.0564,ESCALATE,ESCALATED,Case escalated to merchant,0.0,,
2026-09-02T11:26:11.234623,TX04065,11416.95,0.054,ESCALATE,ESCALATED,Case escalated to merchant,0.0,,
2026-09-02T11:26:11.268848,TX04068,44209.92,0.1526,ESCALATE,ESCALATED,Case escalated to merchant,0.0,,
2026-09-02T11:26:11.306902,TX04069,28161.6,0.0269,ESCALATE,ESCALATED,Case escalated to merchant,0.0,,
2026-09-02T11:26:11.343530,TX04070,9459.5,0.1715,ESCALATE,ESCALATED,Case escalated to merchant,0.0,,
2026-09-02T11:26:11.382863,TX04071,11373.58,0.0616,ESCALATE,ESCALATED,Case escalated to merchant,0.0,,
2026-09-02T11:26:11.408015,TX04072,24793.69,0.1159,ESCALATE,ESCALATED,Case escalated to merchant,0.0,,
2026-09-02T11:26:11.428499,TX04076,17018.41,0.0109,ESCALATE,ESCALATED,Case escalated to merchant,0.0,,
2026-09-02T11:26:11.457682,TX04077,27553.57,0.1044,ESCALATE,ESCALATED,Case escalated to merchant,0.0,,
2026-09-02T11:26:11.496027,TX04078,37468.37,0.0217,ESCALATE,ESCALATED,Case escalated to merchant,0.0,,
2026-09-02T11:26:11.524760,TX04079,39239.64,0.1182,ESCALATE,ESCALATED,Case escalated to merchant,0.0,,
2026-09-02T11:26:11.546318,TX04080,16365.52,0.1099,ESCALATE,ESCALATED,Case escalated to merchant,0.0,,
2026-09-02T11:26:11.654047,TX04083,47963.79,0.4889,SEND_PAYMENT_LINK,PAYMENT_LINK_CREATED,Razorpay Test Mode order created: order_TX3oaiS1CmwAEN,0.0,order_TX3oaiS1CmwAEN,
2026-09-02T11:26:11.688859,TX04088,42329.07,0.0573,ESCALATE,ESCALATED,Case escalated to merchant,0.0,,
2026-09-02T11:26:11.722094,TX04090,13757.58,0.0142,ESCALATE,ESCALATED,Case escalated to merchant,0.0,,
2026-09-02T11:26:11.759111,TX04092,41829.59,0.0245,ESCALATE,ESCALATED,Case escalated to merchant,0.0,,
2026-09-02T11:26:11.796026,TX04093,7601.93,0.0437,ESCALATE,ESCALATED,Case escalated to merchant,0.0,,
2026-09-02T11:26:11.830827,TX04094,22916.71,0.1947,ESCALATE,ESCALATED,Case escalated to merchant,0.0,,
2026-09-02T11:26:11.863479,TX04095,24719.41,0.0319,ESCALATE,ESCALATED,Case escalated to merchant,0.0,,
2026-09-02T11:26:11.886034,TX04099,41572.22,0.0837,ESCALATE,ESCALATED,Case escalated to merchant,0.0,,
2026-09-02T11:26:11.901719,TX04100,14762.27,0.0585,ESCALATE,ESCALATED,Case escalated to merchant,0.0,,
2026-09-02T11:26:11.916236,TX04102,38634.79,0.3385,ESCALATE,ESCALATED,Case escalated to merchant,0.0,,
2026-09-02T11:26:11.929341,TX04105,48074.46,0.3822,ESCALATE,ESCALATED,Case escalated to merchant,0.0,,
2026-09-02T11:26:11.942108,TX04108,47102.46,0.0755,ESCALATE,ESCALATED,Case escalated to merchant,0.0,,
2026-09-02T11:26:11.956559,TX04109,30266.47,0.1054,ESCALATE,ESCALATED,Case escalated to merchant,0.0,,
2026-09-02T11:26:11.970767,TX04111,28719.6,0.0575,ESCALATE,ESCALATED,Case escalated to merchant,0.0,,
2026-09-02T11:26:11.997973,TX04114,26628.62,0.0475,ESCALATE,ESCALATED,Case escalated to merchant,0.0,,
2026-09-02T11:26:12.021139,TX04118,11805.62,0.1494,ESCALATE,ESCALATED,Case escalated to merchant,0.0,,
2026-09-02T11:26:12.045133,TX04123,17609.34,0.1044,ESCALATE,ESCALATED,Case escalated to merchant,0.0,,
2026-09-02T11:26:12.063613,TX04125,19750.87,0.0267,ESCALATE,ESCALATED,Case escalated to merchant,0.0,,
2026-09-02T11:26:12.078234,TX04126,17232.73,0.3537,SEND_REMINDER,REMINDER_SENT,Payment reminder sent to customer,0.0,,
2026-09-02T11:26:12.090794,TX04127,41645.51,0.033,ESCALATE,ESCALATED,Case escalated to merchant,0.0,,
2026-09-02T11:26:12.112577,TX04133,35394.59,0.0892,ESCALATE,ESCALATED,Case escalated to merchant,0.0,,
2026-09-02T11:26:12.151635,TX04138,24507.6,0.2224,ESCALATE,ESCALATED,Case escalated to merchant,0.0,,
2026-09-02T11:26:12.188810,TX04140,36766.75,0.044,ESCALATE,ESCALATED,Case escalated to merchant,0.0,,
2026-09-02T11:26:12.222543,TX04141,18681.08,0.0202,ESCALATE,ESCALATED,Case escalated to merchant,0.0,,
2026-09-02T11:26:12.263200,TX04142,36061.06,0.0706,ESCALATE,ESCALATED,Case escalated to merchant,0.0,,
2026-09-02T11:26:12.300337,TX04144,35341.83,0.0531,ESCALATE,ESCALATED,Case escalated to merchant,0.0,,
2026-09-02T11:26:12.333958,TX04146,19270.28,0.0996,ESCALATE,ESCALATED,Case escalated to merchant,0.0,,
2026-09-02T11:26:12.371027,TX04149,30495.83,0.1127,ESCALATE,ESCALATED,Case escalated to merchant,0.0,,
2026-09-02T11:26:12.460887,TX04150,22328.74,0.4583,SEND_PAYMENT_LINK,PAYMENT_LINK_CREATED,Razorpay Test Mode order created: order_TX3obc2H4ZaWMD,0.0,order_TX3obc2H4ZaWMD,
2026-09-02T11:26:12.499595,TX04153,42538.56,0.0886,ESCALATE,ESCALATED,Case escalated to merchant,0.0,,
2026-09-02T11:26:12.541417,TX04156,40559.74,0.1828,ESCALATE,ESCALATED,Case escalated to merchant,0.0,,
2026-09-02T11:26:12.623590,TX04157,18840.44,0.2687,SEND_PAYMENT_LINK,PAYMENT_LINK_CREATED,Razorpay Test Mode order created: order_TX3obnovyVpiNe,0.0,order_TX3obnovyVpiNe,
2026-09-02T11:26:12.665864,TX04158,11719.45,0.5436,SEND_REMINDER,REMINDER_SENT,Payment reminder sent to customer,0.0,,
2026-09-02T11:26:12.703019,TX04159,36795.56,0.1011,ESCALATE,ESCALATED,Case escalated to merchant,0.0,,
2026-09-02T11:26:12.730444,TX04161,8966.78,0.1643,ESCALATE,ESCALATED,Case escalated to merchant,0.0,,
2026-09-02T11:26:12.749166,TX04164,45739.2,0.19,ESCALATE,ESCALATED,Case escalated to merchant,0.0,,
2026-09-02T11:26:12.765383,TX04169,40326.2,0.036,ESCALATE,ESCALATED,Case escalated to merchant,0.0,,
2026-09-02T11:26:12.796084,TX04175,2146.12,0.1797,ESCALATE,ESCALATED,Case escalated to merchant,0.0,,
2026-09-02T11:26:12.838446,TX04177,2719.72,0.1185,ESCALATE,ESCALATED,Case escalated to merchant,0.0,,
2026-09-02T11:26:12.882419,TX04186,18769.25,0.1361,ESCALATE,ESCALATED,Case escalated to merchant,0.0,,
2026-09-02T11:26:12.911895,TX04187,7449.26,0.0732,ESCALATE,ESCALATED,Case escalated to merchant,0.0,,
2026-09-02T11:26:12.941114,TX04189,5811.14,0.1966,ESCALATE,ESCALATED,Case escalated to merchant,0.0,,
2026-09-02T11:26:12.960161,TX04190,28928.79,0.1482,ESCALATE,ESCALATED,Case escalated to merchant,0.0,,
2026-09-02T11:26:12.978394,TX04192,26460.52,0.0291,ESCALATE,ESCALATED,Case escalated to merchant,0.0,,
2026-09-02T11:26:12.995339,TX04193,44341.16,0.1956,ESCALATE,ESCALATED,Case escalated to merchant,0.0,,
2026-09-02T11:26:13.014792,TX04195,44162.53,0.0406,ESCALATE,ESCALATED,Case escalated to merchant,0.0,,
2026-09-02T11:26:13.031872,TX04196,46118.03,0.0403,ESCALATE,ESCALATED,Case escalated to merchant,0.0,,
2026-09-02T11:26:13.149232,TX04199,27938.94,0.4418,SEND_PAYMENT_LINK,PAYMENT_LINK_CREATED,Razorpay Test Mode order created: order_TX3ocNBfdPYNtF,0.0,order_TX3ocNBfdPYNtF,
2026-09-02T11:26:13.191505,TX04200,44719.84,0.1816,ESCALATE,ESCALATED,Case escalated to merchant,0.0,,
2026-09-02T11:26:13.225598,TX04203,17917.55,0.076,ESCALATE,ESCALATED,Case escalated to merchant,0.0,,
2026-09-02T11:26:13.248867,TX04205,37847.1,0.2915,ESCALATE,ESCALATED,Case escalated to merchant,0.0,,
2026-09-02T11:26:13.285188,TX04211,1198.62,0.0628,ESCALATE,ESCALATED,Case escalated to merchant,0.0,,
2026-09-02T11:26:13.319210,TX04212,44545.38,0.1035,ESCALATE,ESCALATED,Case escalated to merchant,0.0,,
2026-09-02T11:26:13.350618,TX04214,40633.07,0.1203,ESCALATE,ESCALATED,Case escalated to merchant,0.0,,
2026-09-02T11:26:13.387722,TX04219,7990.06,0.1837,ESCALATE,ESCALATED,Case escalated to merchant,0.0,,
2026-09-02T11:26:13.496526,TX04220,42526.89,0.5527,SEND_PAYMENT_LINK,PAYMENT_LINK_CREATED,Razorpay Test Mode order created: order_TX3ocjunkHQFMs,0.0,order_TX3ocjunkHQFMs,
2026-09-02T11:26:13.536413,TX04222,42122.9,0.3045,ESCALATE,ESCALATED,Case escalated to merchant,0.0,,
2026-09-02T11:26:13.668806,TX04226,1766.01,0.607,SEND_PAYMENT_LINK,PAYMENT_LINK_CREATED,Razorpay Test Mode order created: order_TX3ocw8Yl8nJML,0.0,order_TX3ocw8Yl8nJML,
2026-09-02T11:26:13.714069,TX04228,41822.0,0.2473,ESCALATE,ESCALATED,Case escalated to merchant,0.0,,
2026-09-02T11:26:13.743104,TX04231,8895.62,0.5521,SEND_REMINDER,REMINDER_SENT,Payment reminder sent to customer,0.0,,
2026-09-02T11:26:13.769040,TX04233,48720.39,0.1145,ESCALATE,ESCALATED,Case escalated to merchant,0.0,,
2026-09-02T11:26:13.795168,TX04234,49319.14,0.0976,ESCALATE,ESCALATED,Case escalated to merchant,0.0,,
2026-09-02T11:26:13.817347,TX04235,25727.73,0.0169,ESCALATE,ESCALATED,Case escalated to merchant,0.0,,
2026-09-02T11:26:13.836053,TX04238,14721.09,0.0828,ESCALATE,ESCALATED,Case escalated to merchant,0.0,,
2026-09-02T11:26:13.857327,TX04239,13491.58,0.116,ESCALATE,ESCALATED,Case escalated to merchant,0.0,,
2026-09-02T11:26:13.878976,TX04240,46489.38,0.0783,ESCALATE,ESCALATED,Case escalated to merchant,0.0,,
2026-09-02T11:26:13.900543,TX04248,31116.78,0.2034,ESCALATE,ESCALATED,Case escalated to merchant,0.0,,
2026-09-02T11:26:14.023393,TX04249,36005.74,0.4309,SEND_PAYMENT_LINK,PAYMENT_LINK_CREATED,Razorpay Test Mode order created: order_TX3odKPhgN5cln,0.0,order_TX3odKPhgN5cln,
2026-09-02T11:26:14.066959,TX04252,7247.76,0.0465,ESCALATE,ESCALATED,Case escalated to merchant,0.0,,
2026-09-02T11:26:14.190725,TX04254,29203.3,0.5373,SEND_PAYMENT_LINK,PAYMENT_LINK_CREATED,Razorpay Test Mode order created: order_TX3odTxNqyo431,0.0,order_TX3odTxNqyo431,
2026-09-02T11:26:14.233412,TX04255,6516.83,0.131,ESCALATE,ESCALATED,Case escalated to merchant,0.0,,
2026-09-02T11:26:14.268887,TX04256,23203.88,0.0437,ESCALATE,ESCALATED,Case escalated to merchant,0.0,,
2026-09-02T11:26:14.348473,TX04257,42270.63,0.6126,SEND_PAYMENT_LINK,PAYMENT_LINK_CREATED,Razorpay Test Mode order created: order_TX3odgS4kAUnRL,0.0,order_TX3odgS4kAUnRL,
2026-09-02T11:26:14.390224,TX04259,13379.55,0.0628,ESCALATE,ESCALATED,Case escalated to merchant,0.0,,
2026-09-02T11:26:14.477297,TX04266,17142.77,0.3938,SEND_PAYMENT_LINK,PAYMENT_LINK_CREATED,Razorpay Test Mode order created: order_TX3odpHc335Rmh,0.0,order_TX3odpHc335Rmh,
2026-09-02T11:26:14.573015,TX04267,524.97,0.3772,SEND_PAYMENT_LINK,PAYMENT_LINK_CREATED,Razorpay Test Mode order created: order_TX3odvELQc4ZHt,0.0,order_TX3odvELQc4ZHt,
2026-09-02T11:26:14.613849,TX04271,16469.11,0.0625,ESCALATE,ESCALATED,Case escalated to merchant,0.0,,
2026-09-02T11:26:14.659662,TX04273,14117.58,0.1763,ESCALATE,ESCALATED,Case escalated to merchant,0.0,,
2026-09-02T11:26:14.691813,TX04275,2956.42,0.0955,ESCALATE,ESCALATED,Case escalated to merchant,0.0,,
2026-09-02T11:26:14.714409,TX04280,2923.29,0.0113,ESCALATE,ESCALATED,Case escalated to merchant,0.0,,
2026-09-02T11:26:14.736963,TX04281,20487.64,0.0823,ESCALATE,ESCALATED,Case escalated to merchant,0.0,,
2026-09-02T11:26:14.757813,TX04283,5659.89,0.0297,ESCALATE,ESCALATED,Case escalated to merchant,0.0,,
2026-09-02T11:26:14.786955,TX04285,46431.12,0.1472,ESCALATE,ESCALATED,Case escalated to merchant,0.0,,
2026-09-02T11:26:14.823314,TX04287,21193.4,0.0247,ESCALATE,ESCALATED,Case escalated to merchant,0.0,,
2026-09-02T11:26:14.903147,TX04292,47987.79,0.445,SEND_PAYMENT_LINK,PAYMENT_LINK_CREATED,Razorpay Test Mode order created: order_TX3oeHzdw0dAaB,0.0,order_TX3oeHzdw0dAaB,
2026-09-02T11:26:14.938420,TX04294,17210.17,0.0369,ESCALATE,ESCALATED,Case escalated to merchant,0.0,,
2026-09-02T11:26:14.980186,TX04295,43755.37,0.1051,ESCALATE,ESCALATED,Case escalated to merchant,0.0,,
2026-09-02T11:26:15.014464,TX04296,28280.58,0.0878,ESCALATE,ESCALATED,Case escalated to merchant,0.0,,
2026-09-02T11:26:15.047869,TX04297,25918.93,0.029,ESCALATE,ESCALATED,Case escalated to merchant,0.0,,
2026-09-02T11:26:15.078384,TX04298,36403.5,0.6502,RETRY_PAYMENT,BLOCKED,High-value transaction requires escalation,0.0,,
2026-09-02T11:26:15.097781,TX04299,29075.75,0.032,ESCALATE,ESCALATED,Case escalated to merchant,0.0,,
2026-09-02T11:26:15.113025,TX04300,8293.28,0.0831,ESCALATE,ESCALATED,Case escalated to merchant,0.0,,
2026-09-02T11:26:15.149915,TX04302,6846.75,0.2247,SEND_REMINDER,REMINDER_SENT,Payment reminder sent to customer,0.0,,
2026-09-02T11:26:15.189408,TX04303,40331.71,0.0949,ESCALATE,ESCALATED,Case escalated to merchant,0.0,,
2026-09-02T11:26:15.281026,TX04304,49488.88,0.5296,SEND_PAYMENT_LINK,PAYMENT_LINK_CREATED,Razorpay Test Mode order created: order_TX3oehK6ByvWvl,0.0,order_TX3oehK6ByvWvl,
2026-09-02T11:26:15.319575,TX04307,2512.4,0.0904,ESCALATE,ESCALATED,Case escalated to merchant,0.0,,
2026-09-02T11:26:15.351703,TX04308,883.91,0.7474,SEND_REMINDER,REMINDER_SENT,Payment reminder sent to customer,0.0,,
2026-09-02T11:26:15.393006,TX04312,40804.66,0.0855,ESCALATE,ESCALATED,Case escalated to merchant,0.0,,
2026-09-02T11:26:15.517266,TX04314,26066.0,0.4118,SEND_PAYMENT_LINK,PAYMENT_LINK_CREATED,Razorpay Test Mode order created: order_TX3oexNQcyIjgc,0.0,order_TX3oexNQcyIjgc,
2026-09-02T11:26:15.557080,TX04315,28338.62,0.0245,ESCALATE,ESCALATED,Case escalated to merchant,0.0,,
2026-09-02T11:26:15.595266,TX04316,33550.26,0.3441,ESCALATE,ESCALATED,Case escalated to merchant,0.0,,
2026-09-02T11:26:15.634712,TX04318,30212.96,0.0876,ESCALATE,ESCALATED,Case escalated to merchant,0.0,,
2026-09-02T11:26:15.670216,TX04319,28061.87,0.068,ESCALATE,ESCALATED,Case escalated to merchant,0.0,,
2026-09-02T11:26:15.690150,TX04322,28943.15,0.0375,ESCALATE,ESCALATED,Case escalated to merchant,0.0,,
2026-09-02T11:26:15.705460,TX04323,46824.77,0.0894,ESCALATE,ESCALATED,Case escalated to merchant,0.0,,
2026-09-02T11:26:15.718683,TX04324,43361.23,0.049,ESCALATE,ESCALATED,Case escalated to merchant,0.0,,
2026-09-02T11:26:15.732250,TX04328,42051.94,0.0784,ESCALATE,ESCALATED,Case escalated to merchant,0.0,,
2026-09-02T11:26:15.746133,TX04329,32471.98,0.1734,ESCALATE,ESCALATED,Case escalated to merchant,0.0,,
2026-09-02T11:26:15.760723,TX04332,42924.27,0.159,ESCALATE,ESCALATED,Case escalated to merchant,0.0,,
2026-09-02T11:26:15.774282,TX04333,15067.69,0.0412,ESCALATE,ESCALATED,Case escalated to merchant,0.0,,
2026-09-02T11:26:15.788422,TX04335,11644.36,0.1539,ESCALATE,ESCALATED,Case escalated to merchant,0.0,,
2026-09-02T11:26:15.802325,TX04336,37525.92,0.0587,ESCALATE,ESCALATED,Case escalated to merchant,0.0,,
2026-09-02T11:26:15.816652,TX04341,31697.12,0.134,ESCALATE,ESCALATED,Case escalated to merchant,0.0,,
2026-09-02T11:26:15.829732,TX04346,20100.01,0.3999,ESCALATE,ESCALATED,Case escalated to merchant,0.0,,
2026-09-02T11:26:15.843281,TX04349,34009.26,0.1528,ESCALATE,ESCALATED,Case escalated to merchant,0.0,,
2026-09-02T11:26:15.863321,TX04351,13327.55,0.5689,RETRY_PAYMENT,SUCCESS,Payment retry succeeded,13327.55,,
2026-09-02T11:26:15.889932,TX04353,30258.35,0.1588,ESCALATE,ESCALATED,Case escalated to merchant,0.0,,
2026-09-02T11:26:15.962313,TX04354,46710.78,0.6215,SEND_PAYMENT_LINK,PAYMENT_LINK_CREATED,Razorpay Test Mode order created: order_TX3ofRUvlkfy1J,0.0,order_TX3ofRUvlkfy1J,
2026-09-02T11:26:16.062745,TX04356,7515.33,0.4541,SEND_PAYMENT_LINK,PAYMENT_LINK_CREATED,Razorpay Test Mode order created: order_TX3ofYKtkith1I,0.0,order_TX3ofYKtkith1I,
2026-09-02T11:26:16.101029,TX04358,34109.68,0.0643,ESCALATE,ESCALATED,Case escalated to merchant,0.0,,
2026-09-02T11:26:16.136097,TX04360,13614.11,0.0997,ESCALATE,ESCALATED,Case escalated to merchant,0.0,,
2026-09-02T11:26:16.176603,TX04362,22802.66,0.015,ESCALATE,ESCALATED,Case escalated to merchant,0.0,,
2026-09-02T11:26:16.221297,TX04363,33592.92,0.6553,ESCALATE,ESCALATED,Case escalated to merchant,0.0,,
2026-09-02T11:26:16.250269,TX04364,16053.93,0.0469,ESCALATE,ESCALATED,Case escalated to merchant,0.0,,
2026-09-02T11:26:16.283568,TX04376,29414.99,0.0354,ESCALATE,ESCALATED,Case escalated to merchant,0.0,,
2026-09-02T11:26:16.320849,TX04381,47671.21,0.0941,ESCALATE,ESCALATED,Case escalated to merchant,0.0,,
2026-09-02T11:26:16.350525,TX04384,27925.27,0.0564,ESCALATE,ESCALATED,Case escalated to merchant,0.0,,
2026-09-02T11:26:16.371491,TX04385,42766.08,0.0972,ESCALATE,ESCALATED,Case escalated to merchant,0.0,,
2026-09-02T11:26:16.386570,TX04391,6451.1,0.0647,ESCALATE,ESCALATED,Case escalated to merchant,0.0,,
2026-09-02T11:26:16.399497,TX04393,1981.16,0.1327,ESCALATE,ESCALATED,Case escalated to merchant,0.0,,
2026-09-02T11:26:16.415331,TX04396,10531.98,0.4594,SEND_REMINDER,REMINDER_SENT,Payment reminder sent to customer,0.0,,
2026-09-02T11:26:16.486352,TX04405,42154.36,0.5371,SEND_PAYMENT_LINK,PAYMENT_LINK_CREATED,Razorpay Test Mode order created: order_TX3og16DkAfVG2,0.0,order_TX3og16DkAfVG2,
2026-09-02T11:26:16.588110,TX04408,1859.5,0.2964,SEND_PAYMENT_LINK,PAYMENT_LINK_CREATED,Razorpay Test Mode order created: order_TX3og7Xy49NooA,0.0,order_TX3og7Xy49NooA,
2026-09-02T11:26:16.630082,TX04409,45656.81,0.0497,ESCALATE,ESCALATED,Case escalated to merchant,0.0,,
2026-09-02T11:26:16.731161,TX04412,12654.11,0.3393,SEND_PAYMENT_LINK,PAYMENT_LINK_CREATED,Razorpay Test Mode order created: order_TX3ogHg6paVuMA,0.0,order_TX3ogHg6paVuMA,
2026-09-02T11:26:16.866905,TX04414,25712.56,0.4875,SEND_PAYMENT_LINK,PAYMENT_LINK_CREATED,Razorpay Test Mode order created: order_TX3ogQ8NSp6sXT,0.0,order_TX3ogQ8NSp6sXT,
2026-09-02T11:26:16.903515,TX04415,6935.01,0.0511,ESCALATE,ESCALATED,Case escalated to merchant,0.0,,
2026-09-02T11:26:16.943638,TX04418,33140.1,0.268,ESCALATE,ESCALATED,Case escalated to merchant,0.0,,
2026-09-02T11:26:16.972047,TX04422,922.85,0.1692,ESCALATE,ESCALATED,Case escalated to merchant,0.0,,
2026-09-02T11:26:16.993408,TX04423,28826.98,0.0786,ESCALATE,ESCALATED,Case escalated to merchant,0.0,,
2026-09-02T11:26:17.010382,TX04424,20233.28,0.1371,ESCALATE,ESCALATED,Case escalated to merchant,0.0,,
2026-09-02T11:26:17.028046,TX04425,18857.53,0.1509,ESCALATE,ESCALATED,Case escalated to merchant,0.0,,
2026-09-02T11:26:17.060136,TX04427,21616.76,0.5528,RETRY_PAYMENT,SUCCESS,Payment retry succeeded,21616.76,,
2026-09-02T11:26:17.083303,TX04429,15028.16,0.0239,ESCALATE,ESCALATED,Case escalated to merchant,0.0,,
2026-09-02T11:26:17.104879,TX04432,37508.06,0.0842,ESCALATE,ESCALATED,Case escalated to merchant,0.0,,
2026-09-02T11:26:17.136794,TX04434,30620.83,0.0791,ESCALATE,ESCALATED,Case escalated to merchant,0.0,,
2026-09-02T11:26:17.171550,TX04435,43588.98,0.0884,ESCALATE,ESCALATED,Case escalated to merchant,0.0,,
2026-09-02T11:26:17.199109,TX04438,11368.82,0.0928,ESCALATE,ESCALATED,Case escalated to merchant,0.0,,
2026-09-02T11:26:17.218922,TX04440,20916.28,0.0933,ESCALATE,ESCALATED,Case escalated to merchant,0.0,,
2026-09-02T11:26:17.240551,TX04441,37384.21,0.0978,ESCALATE,ESCALATED,Case escalated to merchant,0.0,,
2026-09-02T11:26:17.277412,TX04442,4872.33,0.0543,ESCALATE,ESCALATED,Case escalated to merchant,0.0,,
2026-09-02T11:26:17.302785,TX04443,25726.68,0.0712,ESCALATE,ESCALATED,Case escalated to merchant,0.0,,
2026-09-02T11:26:17.324953,TX04444,28296.9,0.0945,ESCALATE,ESCALATED,Case escalated to merchant,0.0,,
2026-09-02T11:26:17.341006,TX04445,24809.05,0.0781,ESCALATE,ESCALATED,Case escalated to merchant,0.0,,
2026-09-02T11:26:17.354920,TX04446,36647.29,0.1149,ESCALATE,ESCALATED,Case escalated to merchant,0.0,,
2026-09-02T11:26:17.368575,TX04447,19312.8,0.2374,ESCALATE,ESCALATED,Case escalated to merchant,0.0,,
2026-09-02T11:26:17.382172,TX04450,28646.45,0.1559,ESCALATE,ESCALATED,Case escalated to merchant,0.0,,
2026-09-02T11:26:17.396117,TX04454,35447.64,0.0252,ESCALATE,ESCALATED,Case escalated to merchant,0.0,,
2026-09-02T11:26:17.409915,TX04458,20075.65,0.127,ESCALATE,ESCALATED,Case escalated to merchant,0.0,,
2026-09-02T11:26:17.424058,TX04463,37997.99,0.1032,ESCALATE,ESCALATED,Case escalated to merchant,0.0,,
2026-09-02T11:26:17.439377,TX04464,24036.51,0.0321,ESCALATE,ESCALATED,Case escalated to merchant,0.0,,
2026-09-02T11:26:17.454945,TX04467,14756.69,0.0688,ESCALATE,ESCALATED,Case escalated to merchant,0.0,,
2026-09-02T11:26:17.469862,TX04473,21724.22,0.1547,ESCALATE,ESCALATED,Case escalated to merchant,0.0,,
2026-09-02T11:26:17.485656,TX04481,21924.97,0.143,ESCALATE,ESCALATED,Case escalated to merchant,0.0,,
2026-09-02T11:26:17.557981,TX04482,48603.15,0.5474,SEND_PAYMENT_LINK,PAYMENT_LINK_CREATED,Razorpay Test Mode order created: order_TX3ohBeQm2kz6k,0.0,order_TX3ohBeQm2kz6k,
2026-09-02T11:26:17.587513,TX04485,15842.67,0.1082,ESCALATE,ESCALATED,Case escalated to merchant,0.0,,
2026-09-02T11:26:17.626521,TX04488,31501.49,0.0664,ESCALATE,ESCALATED,Case escalated to merchant,0.0,,
2026-09-02T11:26:17.659457,TX04489,4933.0,0.1117,ESCALATE,ESCALATED,Case escalated to merchant,0.0,,
2026-09-02T11:26:17.694000,TX04492,16341.93,0.3988,SEND_REMINDER,REMINDER_SENT,Payment reminder sent to customer,0.0,,
2026-09-02T11:26:17.733483,TX04494,2060.18,0.0429,ESCALATE,ESCALATED,Case escalated to merchant,0.0,,
2026-09-02T11:26:17.772861,TX04498,49911.48,0.0504,ESCALATE,ESCALATED,Case escalated to merchant,0.0,,
2026-09-02T11:26:17.796467,TX04499,44464.36,0.1823,ESCALATE,ESCALATED,Case escalated to merchant,0.0,,
2026-09-02T11:26:17.814121,TX04501,28250.14,0.0866,ESCALATE,ESCALATED,Case escalated to merchant,0.0,,
2026-09-02T11:26:17.844562,TX04502,32461.55,0.0444,ESCALATE,ESCALATED,Case escalated to merchant,0.0,,
2026-09-02T11:26:17.874122,TX04503,10634.82,0.0866,ESCALATE,ESCALATED,Case escalated to merchant,0.0,,
2026-09-02T11:26:17.977372,TX04504,7426.26,0.5294,SEND_PAYMENT_LINK,PAYMENT_LINK_CREATED,Razorpay Test Mode order created: order_TX3ohcme9kpcdW,0.0,order_TX3ohcme9kpcdW,
2026-09-02T11:26:18.009533,TX04507,49596.26,0.2053,ESCALATE,ESCALATED,Case escalated to merchant,0.0,,
2026-09-02T11:26:18.034252,TX04508,39530.14,0.0609,ESCALATE,ESCALATED,Case escalated to merchant,0.0,,
2026-09-02T11:26:18.071326,TX04511,8735.64,0.0256,ESCALATE,ESCALATED,Case escalated to merchant,0.0,,
2026-09-02T11:26:18.172481,TX04513,34726.21,0.4877,SEND_PAYMENT_LINK,PAYMENT_LINK_CREATED,Razorpay Test Mode order created: order_TX3ohq72QnTtS4,0.0,order_TX3ohq72QnTtS4,
2026-09-02T11:26:18.196578,TX04515,41357.39,0.1855,ESCALATE,ESCALATED,Case escalated to merchant,0.0,,
2026-09-02T11:26:18.221973,TX04519,12354.39,0.0345,ESCALATE,ESCALATED,Case escalated to merchant,0.0,,
2026-09-02T11:26:18.377724,TX04520,38212.72,0.4322,SEND_PAYMENT_LINK,PAYMENT_LINK_CREATED,Razorpay Test Mode order created: order_TX3oi1RK7uqsyx,0.0,order_TX3oi1RK7uqsyx,
2026-09-02T11:26:18.402166,TX04521,29405.68,0.1246,ESCALATE,ESCALATED,Case escalated to merchant,0.0,,
2026-09-02T11:26:18.421689,TX04523,49098.89,0.6242,RETRY_PAYMENT,BLOCKED,High-value transaction requires escalation,0.0,,
2026-09-02T11:26:18.441640,TX04524,44915.33,0.1226,ESCALATE,ESCALATED,Case escalated to merchant,0.0,,
2026-09-02T11:26:18.533351,TX04525,6600.08,0.5443,SEND_PAYMENT_LINK,PAYMENT_LINK_CREATED,Razorpay Test Mode order created: order_TX3oiEkEuHFsk5,0.0,order_TX3oiEkEuHFsk5,
2026-09-02T11:26:18.572748,TX04526,1502.69,0.226,ESCALATE,ESCALATED,Case escalated to merchant,0.0,,
2026-09-02T11:26:18.675340,TX04528,30285.71,0.4275,SEND_PAYMENT_LINK,PAYMENT_LINK_CREATED,Razorpay Test Mode order created: order_TX3oiOY72pqg4k,0.0,order_TX3oiOY72pqg4k,
2026-09-02T11:26:18.697229,TX04529,46803.62,0.0434,ESCALATE,ESCALATED,Case escalated to merchant,0.0,,
2026-09-02T11:26:18.723673,TX04530,11853.46,0.0809,ESCALATE,ESCALATED,Case escalated to merchant,0.0,,
2026-09-02T11:26:18.747946,TX04531,4402.52,0.0623,ESCALATE,ESCALATED,Case escalated to merchant,0.0,,
2026-09-02T11:26:18.895329,TX04533,1142.6,0.4474,SEND_PAYMENT_LINK,PAYMENT_LINK_CREATED,Razorpay Test Mode order created: order_TX3oialMpOx0GW,0.0,order_TX3oialMpOx0GW,
2026-09-02T11:26:18.917883,TX04536,17730.43,0.4078,SEND_REMINDER,REMINDER_SENT,Payment reminder sent to customer,0.0,,
2026-09-02T11:26:19.068193,TX04539,13671.98,0.2629,SEND_PAYMENT_LINK,PAYMENT_LINK_CREATED,Razorpay Test Mode order created: order_TX3oinNh1dTw9h,0.0,order_TX3oinNh1dTw9h,
2026-09-02T11:26:19.106746,TX04549,33056.23,0.0435,ESCALATE,ESCALATED,Case escalated to merchant,0.0,,
2026-09-02T11:26:19.143861,TX04551,34405.95,0.2362,ESCALATE,ESCALATED,Case escalated to merchant,0.0,,
2026-09-02T11:26:19.183624,TX04553,30507.44,0.0571,ESCALATE,ESCALATED,Case escalated to merchant,0.0,,
2026-09-02T11:26:19.221466,TX04554,28080.8,0.5866,RETRY_PAYMENT,SUCCESS,Payment retry succeeded,28080.8,,
2026-09-02T11:26:19.246857,TX04558,14761.07,0.1834,ESCALATE,ESCALATED,Case escalated to merchant,0.0,,
2026-09-02T11:26:19.356645,TX04560,36824.74,0.3693,SEND_PAYMENT_LINK,PAYMENT_LINK_CREATED,Razorpay Test Mode order created: order_TX3oj7NJ0t36YD,0.0,order_TX3oj7NJ0t36YD,
2026-09-02T11:26:19.461842,TX04563,49554.61,0.4491,SEND_PAYMENT_LINK,PAYMENT_LINK_CREATED,Razorpay Test Mode order created: order_TX3ojG10MYPm6A,0.0,order_TX3ojG10MYPm6A,
2026-09-02T11:26:19.498305,TX04564,5277.24,0.0356,ESCALATE,ESCALATED,Case escalated to merchant,0.0,,
2026-09-02T11:26:19.560196,TX04566,3309.89,0.0558,ESCALATE,ESCALATED,Case escalated to merchant,0.0,,
2026-09-02T11:26:19.593365,TX04568,4798.82,0.3984,ESCALATE,ESCALATED,Case escalated to merchant,0.0,,
2026-09-02T11:26:19.608870,TX04569,33765.57,0.0338,ESCALATE,ESCALATED,Case escalated to merchant,0.0,,
2026-09-02T11:26:19.621710,TX04570,3012.87,0.1683,ESCALATE,ESCALATED,Case escalated to merchant,0.0,,
2026-09-02T11:26:19.634997,TX04573,20061.31,0.1563,ESCALATE,ESCALATED,Case escalated to merchant,0.0,,
2026-09-02T11:26:19.648514,TX04575,20196.78,0.0431,ESCALATE,ESCALATED,Case escalated to merchant,0.0,,
2026-09-02T11:26:19.662704,TX04578,13745.73,0.0872,ESCALATE,ESCALATED,Case escalated to merchant,0.0,,
2026-09-02T11:26:19.678850,TX04580,10468.61,0.0695,ESCALATE,ESCALATED,Case escalated to merchant,0.0,,
2026-09-02T11:26:19.760838,TX04581,12642.72,0.5032,SEND_PAYMENT_LINK,PAYMENT_LINK_CREATED,Razorpay Test Mode order created: order_TX3ojZlI1rtN5k,0.0,order_TX3ojZlI1rtN5k,
2026-09-02T11:26:19.849034,TX04582,16955.77,0.2753,SEND_PAYMENT_LINK,PAYMENT_LINK_CREATED,Razorpay Test Mode order created: order_TX3ojfgLDhhJhN,0.0,order_TX3ojfgLDhhJhN,
2026-09-02T11:26:19.874527,TX04584,22830.23,0.0792,ESCALATE,ESCALATED,Case escalated to merchant,0.0,,
2026-09-02T11:26:19.961791,TX04585,37308.21,0.4408,SEND_PAYMENT_LINK,PAYMENT_LINK_CREATED,Razorpay Test Mode order created: order_TX3ojndv2v4fjW,0.0,order_TX3ojndv2v4fjW,
2026-09-02T11:26:19.978054,TX04589,41118.14,0.03,ESCALATE,ESCALATED,Case escalated to merchant,0.0,,
2026-09-02T11:26:19.993140,TX04590,3162.11,0.08,ESCALATE,ESCALATED,Case escalated to merchant,0.0,,
2026-09-02T11:26:20.077414,TX04591,30623.19,0.4734,SEND_PAYMENT_LINK,PAYMENT_LINK_CREATED,Razorpay Test Mode order created: order_TX3ojvleBEzfvz,0.0,order_TX3ojvleBEzfvz,
2026-09-02T11:26:20.095770,TX04592,19034.7,0.0309,ESCALATE,ESCALATED,Case escalated to merchant,0.0,,
2026-09-02T11:26:20.168757,TX04598,40632.1,0.5698,SEND_PAYMENT_LINK,PAYMENT_LINK_CREATED,Razorpay Test Mode order created: order_TX3ok1xkKFsSxw,0.0,order_TX3ok1xkKFsSxw,
2026-09-02T11:26:20.189388,TX04599,26767.23,0.0349,ESCALATE,ESCALATED,Case escalated to merchant,0.0,,
2026-09-02T11:26:20.215355,TX04601,22955.55,0.046,ESCALATE,ESCALATED,Case escalated to merchant,0.0,,
2026-09-02T11:26:20.235626,TX04602,47119.46,0.0174,ESCALATE,ESCALATED,Case escalated to merchant,0.0,,
2026-09-02T11:26:20.255667,TX04604,5292.76,0.1569,ESCALATE,ESCALATED,Case escalated to merchant,0.0,,
2026-09-02T11:26:20.276529,TX04606,40328.48,0.1624,ESCALATE,ESCALATED,Case escalated to merchant,0.0,,
2026-09-02T11:26:20.300279,TX04607,13715.13,0.0219,ESCALATE,ESCALATED,Case escalated to merchant,0.0,,
2026-09-02T11:26:20.324695,TX04608,23686.11,0.1308,ESCALATE,ESCALATED,Case escalated to merchant,0.0,,
2026-09-02T11:26:20.352356,TX04612,35352.95,0.0892,ESCALATE,ESCALATED,Case escalated to merchant,0.0,,
2026-09-02T11:26:20.383661,TX04613,45599.61,0.0568,ESCALATE,ESCALATED,Case escalated to merchant,0.0,,
2026-09-02T11:26:20.412545,TX04615,38735.28,0.0835,ESCALATE,ESCALATED,Case escalated to merchant,0.0,,
2026-09-02T11:26:20.436726,TX04618,32210.13,0.0354,ESCALATE,ESCALATED,Case escalated to merchant,0.0,,
2026-09-02T11:26:20.455417,TX04619,16523.01,0.4287,SEND_REMINDER,REMINDER_SENT,Payment reminder sent to customer,0.0,,
2026-09-02T11:26:20.469759,TX04624,46915.08,0.0702,ESCALATE,ESCALATED,Case escalated to merchant,0.0,,
2026-09-02T11:26:20.481850,TX04625,7826.11,0.1315,ESCALATE,ESCALATED,Case escalated to merchant,0.0,,
2026-09-02T11:26:20.495211,TX04628,41049.79,0.0729,ESCALATE,ESCALATED,Case escalated to merchant,0.0,,
2026-09-02T11:26:20.568843,TX04629,10624.23,0.5117,SEND_PAYMENT_LINK,PAYMENT_LINK_CREATED,Razorpay Test Mode order created: order_TX3okStkrxXVTL,0.0,order_TX3okStkrxXVTL,
2026-09-02T11:26:20.603794,TX04630,12195.73,0.243,SEND_REMINDER,REMINDER_SENT,Payment reminder sent to customer,0.0,,
2026-09-02T11:26:20.645101,TX04632,35828.72,0.0435,ESCALATE,ESCALATED,Case escalated to merchant,0.0,,
2026-09-02T11:26:20.834886,TX04634,16694.17,0.2692,SEND_PAYMENT_LINK,PAYMENT_LINK_CREATED,Razorpay Test Mode order created: order_TX3okh2T1nbz2S,0.0,order_TX3okh2T1nbz2S,
2026-09-02T11:26:20.874777,TX04635,14268.44,0.0782,ESCALATE,ESCALATED,Case escalated to merchant,0.0,,
2026-09-02T11:26:20.899524,TX04641,18200.97,0.0862,ESCALATE,ESCALATED,Case escalated to merchant,0.0,,
2026-09-02T11:26:20.927043,TX04643,36992.31,0.0506,ESCALATE,ESCALATED,Case escalated to merchant,0.0,,
2026-09-02T11:26:20.949377,TX04644,44669.64,0.0424,ESCALATE,ESCALATED,Case escalated to merchant,0.0,,
2026-09-02T11:26:20.973828,TX04645,22507.59,0.5702,SEND_REMINDER,REMINDER_SENT,Payment reminder sent to customer,0.0,,
2026-09-02T11:26:20.993799,TX04650,12137.51,0.1979,ESCALATE,ESCALATED,Case escalated to merchant,0.0,,
2026-09-02T11:26:21.007882,TX04654,6897.61,0.0735,ESCALATE,ESCALATED,Case escalated to merchant,0.0,,
2026-09-02T11:26:21.044421,TX04658,37462.04,0.0519,ESCALATE,ESCALATED,Case escalated to merchant,0.0,,
2026-09-02T11:26:21.079568,TX04659,5850.42,0.0498,ESCALATE,ESCALATED,Case escalated to merchant,0.0,,
2026-09-02T11:26:21.117397,TX04661,40405.81,0.0433,ESCALATE,ESCALATED,Case escalated to merchant,0.0,,
2026-09-02T11:26:21.141992,TX04666,48122.58,0.0954,ESCALATE,ESCALATED,Case escalated to merchant,0.0,,
2026-09-02T11:26:21.159366,TX04668,10034.18,0.186,ESCALATE,ESCALATED,Case escalated to merchant,0.0,,
2026-09-02T11:26:21.290230,TX04670,34301.7,0.5427,SEND_PAYMENT_LINK,PAYMENT_LINK_CREATED,Razorpay Test Mode order created: order_TX3olDEaLMnnjm,0.0,order_TX3olDEaLMnnjm,
2026-09-02T11:26:21.323527,TX04671,6447.0,0.6095,RETRY_PAYMENT,SUCCESS,Payment retry succeeded,6447.0,,
2026-09-02T11:26:21.460949,TX04672,39366.86,0.376,SEND_PAYMENT_LINK,PAYMENT_LINK_CREATED,Razorpay Test Mode order created: order_TX3olOrKkPvBw9,0.0,order_TX3olOrKkPvBw9,
2026-09-02T11:26:21.504812,TX04673,1099.4,0.0313,ESCALATE,ESCALATED,Case escalated to merchant,0.0,,
2026-09-02T11:26:21.536952,TX04674,24239.87,0.0186,ESCALATE,ESCALATED,Case escalated to merchant,0.0,,
2026-09-02T11:26:21.647520,TX04675,16684.61,0.3501,SEND_PAYMENT_LINK,PAYMENT_LINK_CREATED,Razorpay Test Mode order created: order_TX3olbtCOLURwz,0.0,order_TX3olbtCOLURwz,
2026-09-02T11:26:21.681503,TX04682,34022.09,0.1525,ESCALATE,ESCALATED,Case escalated to merchant,0.0,,
2026-09-02T11:26:21.717299,TX04684,1636.05,0.0569,ESCALATE,ESCALATED,Case escalated to merchant,0.0,,
2026-09-02T11:26:21.834228,TX04686,5571.09,0.2852,SEND_PAYMENT_LINK,PAYMENT_LINK_CREATED,Razorpay Test Mode order created: order_TX3olq4BR6C4UK,0.0,order_TX3olq4BR6C4UK,
2026-09-02T11:26:21.872317,TX04688,41976.62,0.1257,ESCALATE,ESCALATED,Case escalated to merchant,0.0,,
2026-09-02T11:26:21.906666,TX04691,28443.01,0.0589,ESCALATE,ESCALATED,Case escalated to merchant,0.0,,
2026-09-02T11:26:21.946676,TX04695,6850.45,0.5202,SEND_REMINDER,REMINDER_SENT,Payment reminder sent to customer,0.0,,
2026-09-02T11:26:21.983983,TX04697,30863.16,0.1804,ESCALATE,ESCALATED,Case escalated to merchant,0.0,,
2026-09-02T11:26:22.019887,TX04700,43793.49,0.0622,ESCALATE,ESCALATED,Case escalated to merchant,0.0,,
2026-09-02T11:26:22.055561,TX04702,20258.25,0.5557,RETRY_PAYMENT,SUCCESS,Payment retry succeeded,20258.25,,
2026-09-02T11:26:22.225978,TX04706,5899.02,0.4831,SEND_PAYMENT_LINK,PAYMENT_LINK_CREATED,Razorpay Test Mode order created: order_TX3omGbo7B4wQ3,0.0,order_TX3omGbo7B4wQ3,
2026-09-02T11:26:22.260888,TX04707,15410.55,0.1456,ESCALATE,ESCALATED,Case escalated to merchant,0.0,,
2026-09-02T11:26:22.362033,TX04708,39106.6,0.5061,SEND_PAYMENT_LINK,PAYMENT_LINK_CREATED,Razorpay Test Mode order created: order_TX3omQUZSrTwiv,0.0,order_TX3omQUZSrTwiv,
2026-09-02T11:26:22.399383,TX04712,9998.59,0.109,ESCALATE,ESCALATED,Case escalated to merchant,0.0,,
2026-09-02T11:26:22.439198,TX04713,44803.52,0.1788,ESCALATE,ESCALATED,Case escalated to merchant,0.0,,
2026-09-02T11:26:22.473620,TX04717,43522.49,0.0864,ESCALATE,ESCALATED,Case escalated to merchant,0.0,,
2026-09-02T11:26:22.512876,TX04718,6484.52,0.0268,ESCALATE,ESCALATED,Case escalated to merchant,0.0,,
2026-09-02T11:26:22.551489,TX04722,24672.08,0.1133,ESCALATE,ESCALATED,Case escalated to merchant,0.0,,
2026-09-02T11:26:22.576603,TX04723,36154.45,0.0997,ESCALATE,ESCALATED,Case escalated to merchant,0.0,,
2026-09-02T11:26:22.596646,TX04725,4744.33,0.0796,ESCALATE,ESCALATED,Case escalated to merchant,0.0,,
2026-09-02T11:26:22.610740,TX04728,5586.84,0.0423,ESCALATE,ESCALATED,Case escalated to merchant,0.0,,
2026-09-02T11:26:22.624092,TX04730,31043.54,0.0405,ESCALATE,ESCALATED,Case escalated to merchant,0.0,,
2026-09-02T11:26:22.636364,TX04733,12167.55,0.1124,ESCALATE,ESCALATED,Case escalated to merchant,0.0,,
2026-09-02T11:26:22.649191,TX04736,49123.05,0.1185,ESCALATE,ESCALATED,Case escalated to merchant,0.0,,
2026-09-02T11:26:22.662846,TX04739,3008.79,0.0605,ESCALATE,ESCALATED,Case escalated to merchant,0.0,,
2026-09-02T11:26:22.675770,TX04742,290.24,0.1264,ESCALATE,ESCALATED,Case escalated to merchant,0.0,,
2026-09-02T11:26:22.688532,TX04744,17153.97,0.7284,ESCALATE,ESCALATED,Case escalated to merchant,0.0,,
2026-09-02T11:26:22.702479,TX04746,26272.37,0.0204,ESCALATE,ESCALATED,Case escalated to merchant,0.0,,
2026-09-02T11:26:22.716095,TX04749,16649.32,0.051,ESCALATE,ESCALATED,Case escalated to merchant,0.0,,
2026-09-02T11:26:22.728896,TX04751,6932.12,0.0527,ESCALATE,ESCALATED,Case escalated to merchant,0.0,,
2026-09-02T11:26:22.834680,TX04753,6188.5,0.4545,SEND_PAYMENT_LINK,PAYMENT_LINK_CREATED,Razorpay Test Mode order created: order_TX3omvQYHnAd9Q,0.0,order_TX3omvQYHnAd9Q,
2026-09-02T11:26:22.870882,TX04755,17666.72,0.0512,ESCALATE,ESCALATED,Case escalated to merchant,0.0,,
2026-09-02T11:26:22.905448,TX04756,37935.2,0.1509,ESCALATE,ESCALATED,Case escalated to merchant,0.0,,
2026-09-02T11:26:22.944916,TX04761,341.54,0.1239,ESCALATE,ESCALATED,Case escalated to merchant,0.0,,
2026-09-02T11:26:22.988159,TX04763,5723.83,0.0734,ESCALATE,ESCALATED,Case escalated to merchant,0.0,,
2026-09-02T11:26:23.020405,TX04765,38597.71,0.2043,ESCALATE,ESCALATED,Case escalated to merchant,0.0,,
2026-09-02T11:26:23.056576,TX04767,47352.76,0.1043,ESCALATE,ESCALATED,Case escalated to merchant,0.0,,
2026-09-02T11:26:23.171981,TX04770,40579.24,0.4002,SEND_PAYMENT_LINK,PAYMENT_LINK_CREATED,Razorpay Test Mode order created: order_TX3onI8IbrvBDo,0.0,order_TX3onI8IbrvBDo,
2026-09-02T11:26:23.219539,TX04773,44926.57,0.1022,ESCALATE,ESCALATED,Case escalated to merchant,0.0,,
2026-09-02T11:26:23.257861,TX04774,36633.9,0.2468,ESCALATE,ESCALATED,Case escalated to merchant,0.0,,
2026-09-02T11:26:23.292198,TX04777,34494.52,0.1443,ESCALATE,ESCALATED,Case escalated to merchant,0.0,,
2026-09-02T11:26:23.313533,TX04779,36384.9,0.0539,ESCALATE,ESCALATED,Case escalated to merchant,0.0,,
2026-09-02T11:26:23.329240,TX04780,46450.72,0.1294,ESCALATE,ESCALATED,Case escalated to merchant,0.0,,
2026-09-02T11:26:23.341385,TX04781,40254.37,0.0076,ESCALATE,ESCALATED,Case escalated to merchant,0.0,,
2026-09-02T11:26:23.353508,TX04783,12610.35,0.0543,ESCALATE,ESCALATED,Case escalated to merchant,0.0,,
2026-09-02T11:26:23.371658,TX04785,8579.37,0.1467,ESCALATE,ESCALATED,Case escalated to merchant,0.0,,
2026-09-02T11:26:23.410151,TX04787,48777.44,0.1837,ESCALATE,ESCALATED,Case escalated to merchant,0.0,,
2026-09-02T11:26:23.442274,TX04788,38120.65,0.1397,ESCALATE,ESCALATED,Case escalated to merchant,0.0,,
2026-09-02T11:26:23.474906,TX04795,22249.69,0.0311,ESCALATE,ESCALATED,Case escalated to merchant,0.0,,
2026-09-02T11:26:23.503301,TX04796,12811.99,0.1146,ESCALATE,ESCALATED,Case escalated to merchant,0.0,,
2026-09-02T11:26:23.521670,TX04798,5267.38,0.1048,ESCALATE,ESCALATED,Case escalated to merchant,0.0,,
2026-09-02T11:26:23.536142,TX04799,2647.8,0.0758,ESCALATE,ESCALATED,Case escalated to merchant,0.0,,
2026-09-02T11:26:23.548572,TX04803,36574.6,0.0482,ESCALATE,ESCALATED,Case escalated to merchant,0.0,,
2026-09-02T11:26:23.560517,TX04804,22772.43,0.0883,ESCALATE,ESCALATED,Case escalated to merchant,0.0,,
2026-09-02T11:26:23.573902,TX04805,34279.57,0.0819,ESCALATE,ESCALATED,Case escalated to merchant,0.0,,
2026-09-02T11:26:23.586468,TX04807,33456.75,0.052,ESCALATE,ESCALATED,Case escalated to merchant,0.0,,
2026-09-02T11:26:23.599746,TX04812,35864.21,0.1292,ESCALATE,ESCALATED,Case escalated to merchant,0.0,,
2026-09-02T11:26:23.612370,TX04813,10371.08,0.0961,ESCALATE,ESCALATED,Case escalated to merchant,0.0,,
2026-09-02T11:26:23.625098,TX04814,12510.81,0.1433,ESCALATE,ESCALATED,Case escalated to merchant,0.0,,
2026-09-02T11:26:23.638380,TX04816,5348.22,0.0244,ESCALATE,ESCALATED,Case escalated to merchant,0.0,,
2026-09-02T11:26:23.651491,TX04817,9197.0,0.205,ESCALATE,ESCALATED,Case escalated to merchant,0.0,,
2026-09-02T11:26:23.664633,TX04819,16517.22,0.1823,ESCALATE,ESCALATED,Case escalated to merchant,0.0,,
2026-09-02T11:26:23.678103,TX04820,10666.76,0.0541,ESCALATE,ESCALATED,Case escalated to merchant,0.0,,
2026-09-02T11:26:23.691309,TX04822,23905.83,0.0589,ESCALATE,ESCALATED,Case escalated to merchant,0.0,,
2026-09-02T11:26:23.853418,TX04823,45094.98,0.4188,SEND_PAYMENT_LINK,PAYMENT_LINK_CREATED,Razorpay Test Mode order created: order_TX3oo2lxm7goJa,0.0,order_TX3oo2lxm7goJa,
2026-09-02T11:26:23.894174,TX04824,1930.05,0.175,ESCALATE,ESCALATED,Case escalated to merchant,0.0,,
2026-09-02T11:26:23.930242,TX04825,16130.0,0.0334,ESCALATE,ESCALATED,Case escalated to merchant,0.0,,
2026-09-02T11:26:23.964395,TX04827,30319.13,0.1416,ESCALATE,ESCALATED,Case escalated to merchant,0.0,,
2026-09-02T11:26:23.993112,TX04828,24110.29,0.0318,ESCALATE,ESCALATED,Case escalated to merchant,0.0,,
2026-09-02T11:26:24.027476,TX04831,40811.29,0.1924,ESCALATE,ESCALATED,Case escalated to merchant,0.0,,
2026-09-02T11:26:24.058461,TX04833,6861.28,0.089,ESCALATE,ESCALATED,Case escalated to merchant,0.0,,
2026-09-02T11:26:24.076432,TX04834,44307.96,0.0716,ESCALATE,ESCALATED,Case escalated to merchant,0.0,,
2026-09-02T11:26:24.090388,TX04838,7227.26,0.1844,ESCALATE,ESCALATED,Case escalated to merchant,0.0,,
2026-09-02T11:26:24.102729,TX04839,30518.14,0.0802,ESCALATE,ESCALATED,Case escalated to merchant,0.0,,
2026-09-02T11:26:24.231906,TX04842,1451.96,0.3583,SEND_PAYMENT_LINK,PAYMENT_LINK_CREATED,Razorpay Test Mode order created: order_TX3ooQe0HD84O2,0.0,order_TX3ooQe0HD84O2,
2026-09-02T11:26:24.268206,TX04843,36201.95,0.5153,ESCALATE,ESCALATED,Case escalated to merchant,0.0,,
2026-09-02T11:26:24.307918,TX04845,39883.04,0.0383,ESCALATE,ESCALATED,Case escalated to merchant,0.0,,
2026-09-02T11:26:24.413096,TX04847,45184.4,0.586,SEND_PAYMENT_LINK,PAYMENT_LINK_CREATED,Razorpay Test Mode order created: order_TX3ooeDeQGRLEd,0.0,order_TX3ooeDeQGRLEd,
2026-09-02T11:26:24.447164,TX04850,22468.59,0.0178,ESCALATE,ESCALATED,Case escalated to merchant,0.0,,
2026-09-02T11:26:24.479930,TX04853,4846.23,0.1767,ESCALATE,ESCALATED,Case escalated to merchant,0.0,,
2026-09-02T11:26:24.508851,TX04854,26139.53,0.0467,ESCALATE,ESCALATED,Case escalated to merchant,0.0,,
2026-09-02T11:26:24.529410,TX04856,41543.59,0.0869,ESCALATE,ESCALATED,Case escalated to merchant,0.0,,
2026-09-02T11:26:24.558097,TX04857,47815.42,0.0481,ESCALATE,ESCALATED,Case escalated to merchant,0.0,,
2026-09-02T11:26:24.585868,TX04858,34973.98,0.0836,ESCALATE,ESCALATED,Case escalated to merchant,0.0,,
2026-09-02T11:26:24.620044,TX04860,1209.96,0.0299,ESCALATE,ESCALATED,Case escalated to merchant,0.0,,
2026-09-02T11:26:24.703522,TX04861,24074.91,0.5254,SEND_PAYMENT_LINK,PAYMENT_LINK_CREATED,Razorpay Test Mode order created: order_TX3ooysz227Pke,0.0,order_TX3ooysz227Pke,
2026-09-02T11:26:24.740535,TX04862,25782.45,0.0808,ESCALATE,ESCALATED,Case escalated to merchant,0.0,,
2026-09-02T11:26:24.778506,TX04864,6409.93,0.0186,ESCALATE,ESCALATED,Case escalated to merchant,0.0,,
2026-09-02T11:26:24.896758,TX04866,38259.93,0.594,SEND_PAYMENT_LINK,PAYMENT_LINK_CREATED,Razorpay Test Mode order created: order_TX3opBmj9ajb3z,0.0,order_TX3opBmj9ajb3z,
2026-09-02T11:26:24.959867,TX04867,49659.07,0.3214,ESCALATE,ESCALATED,Case escalated to merchant,0.0,,
2026-09-02T11:26:25.004093,TX04870,30899.75,0.1056,ESCALATE,ESCALATED,Case escalated to merchant,0.0,,
2026-09-02T11:26:25.035612,TX04871,49298.95,0.0875,ESCALATE,ESCALATED,Case escalated to merchant,0.0,,
2026-09-02T11:26:25.074256,TX04873,43040.61,0.0939,ESCALATE,ESCALATED,Case escalated to merchant,0.0,,
2026-09-02T11:26:25.105621,TX04874,47300.08,0.0379,ESCALATE,ESCALATED,Case escalated to merchant,0.0,,
2026-09-02T11:26:25.136220,TX04875,46506.95,0.0883,ESCALATE,ESCALATED,Case escalated to merchant,0.0,,
2026-09-02T11:26:25.168047,TX04876,19194.48,0.1308,ESCALATE,ESCALATED,Case escalated to merchant,0.0,,
2026-09-02T11:26:25.206862,TX04878,8759.31,0.1565,ESCALATE,ESCALATED,Case escalated to merchant,0.0,,
2026-09-02T11:26:25.334258,TX04882,17186.5,0.3622,SEND_PAYMENT_LINK,PAYMENT_LINK_CREATED,Razorpay Test Mode order created: order_TX3opfpWEbwy0A,0.0,order_TX3opfpWEbwy0A,
2026-09-02T11:26:25.356903,TX04883,27268.27,0.0275,ESCALATE,ESCALATED,Case escalated to merchant,0.0,,
2026-09-02T11:26:25.395894,TX04885,10704.18,0.1097,ESCALATE,ESCALATED,Case escalated to merchant,0.0,,
2026-09-02T11:26:25.436142,TX04886,33691.62,0.1317,ESCALATE,ESCALATED,Case escalated to merchant,0.0,,
2026-09-02T11:26:25.467466,TX04887,35272.1,0.0288,ESCALATE,ESCALATED,Case escalated to merchant,0.0,,
2026-09-02T11:26:25.498994,TX04888,28019.39,0.0225,ESCALATE,ESCALATED,Case escalated to merchant,0.0,,
2026-09-02T11:26:25.528869,TX04891,9020.65,0.0682,ESCALATE,ESCALATED,Case escalated to merchant,0.0,,
2026-09-02T11:26:25.548272,TX04894,28401.55,0.0273,ESCALATE,ESCALATED,Case escalated to merchant,0.0,,
2026-09-02T11:26:25.563653,TX04895,20040.34,0.0266,ESCALATE,ESCALATED,Case escalated to merchant,0.0,,
2026-09-02T11:26:25.577224,TX04896,14372.87,0.3186,ESCALATE,ESCALATED,Case escalated to merchant,0.0,,
2026-09-02T11:26:25.602331,TX04899,30476.38,0.0336,ESCALATE,ESCALATED,Case escalated to merchant,0.0,,
2026-09-02T11:26:25.628170,TX04903,1528.5,0.1657,ESCALATE,ESCALATED,Case escalated to merchant,0.0,,
2026-09-02T11:26:25.736803,TX04910,21927.81,0.4766,SEND_PAYMENT_LINK,PAYMENT_LINK_CREATED,Razorpay Test Mode order created: order_TX3oq6QjOdJ9by,0.0,order_TX3oq6QjOdJ9by,
2026-09-02T11:26:25.775165,TX04918,23629.57,0.0706,ESCALATE,ESCALATED,Case escalated to merchant,0.0,,
2026-09-02T11:26:25.811114,TX04920,49985.44,0.631,RETRY_PAYMENT,BLOCKED,High-value transaction requires escalation,0.0,,
2026-09-02T11:26:26.099170,TX04923,715.21,0.5062,SEND_PAYMENT_LINK,PAYMENT_LINK_CREATED,Razorpay Test Mode order created: order_TX3oqPU8shSsp3,0.0,order_TX3oqPU8shSsp3,
2026-09-02T11:26:26.135315,TX04926,32609.97,0.0813,ESCALATE,ESCALATED,Case escalated to merchant,0.0,,
2026-09-02T11:26:26.179187,TX04930,3330.3,0.0528,ESCALATE,ESCALATED,Case escalated to merchant,0.0,,
2026-09-02T11:26:26.218751,TX04931,23907.73,0.0686,ESCALATE,ESCALATED,Case escalated to merchant,0.0,,
2026-09-02T11:26:26.252649,TX04934,26999.23,0.0102,ESCALATE,ESCALATED,Case escalated to merchant,0.0,,
2026-09-02T11:26:26.411894,TX04937,14011.87,0.407,SEND_PAYMENT_LINK,PAYMENT_LINK_CREATED,Razorpay Test Mode order created: order_TX3oqr1zdWfIGz,0.0,order_TX3oqr1zdWfIGz,
2026-09-02T11:26:26.454373,TX04939,8198.04,0.1391,ESCALATE,ESCALATED,Case escalated to merchant,0.0,,
2026-09-02T11:26:26.494850,TX04940,17166.13,0.0522,ESCALATE,ESCALATED,Case escalated to merchant,0.0,,
2026-09-02T11:26:26.527735,TX04941,16334.17,0.3843,SEND_REMINDER,REMINDER_SENT,Payment reminder sent to customer,0.0,,
2026-09-02T11:26:26.550756,TX04951,38381.92,0.0327,ESCALATE,ESCALATED,Case escalated to merchant,0.0,,
2026-09-02T11:26:26.565385,TX04952,48483.93,0.1021,ESCALATE,ESCALATED,Case escalated to merchant,0.0,,
2026-09-02T11:26:26.578360,TX04954,8944.89,0.7181,ESCALATE,ESCALATED,Case escalated to merchant,0.0,,
2026-09-02T11:26:26.590627,TX04955,3413.89,0.0405,ESCALATE,ESCALATED,Case escalated to merchant,0.0,,
2026-09-02T11:26:26.602438,TX04961,15986.65,0.0565,ESCALATE,ESCALATED,Case escalated to merchant,0.0,,
2026-09-02T11:26:26.615612,TX04963,42345.11,0.0972,ESCALATE,ESCALATED,Case escalated to merchant,0.0,,
2026-09-02T11:26:26.630356,TX04967,21311.74,0.1425,ESCALATE,ESCALATED,Case escalated to merchant,0.0,,
2026-09-02T11:26:26.649576,TX04970,26259.96,0.0595,ESCALATE,ESCALATED,Case escalated to merchant,0.0,,
2026-09-02T11:26:26.741183,TX04974,38111.52,0.4668,SEND_PAYMENT_LINK,PAYMENT_LINK_CREATED,Razorpay Test Mode order created: order_TX3orCYI7buzE1,0.0,order_TX3orCYI7buzE1,
2026-09-02T11:26:26.778776,TX04979,37345.43,0.0822,ESCALATE,ESCALATED,Case escalated to merchant,0.0,,
2026-09-02T11:26:26.812516,TX04980,19038.04,0.0943,ESCALATE,ESCALATED,Case escalated to merchant,0.0,,
2026-09-02T11:26:26.849157,TX04984,21070.57,0.1014,ESCALATE,ESCALATED,Case escalated to merchant,0.0,,
2026-09-02T11:26:26.884388,TX04987,34959.0,0.3498,ESCALATE,ESCALATED,Case escalated to merchant,0.0,,
2026-09-02T11:26:26.913739,TX04989,43601.06,0.0416,ESCALATE,ESCALATED,Case escalated to merchant,0.0,,
2026-09-02T11:26:26.952341,TX04996,9753.44,0.0707,ESCALATE,ESCALATED,Case escalated to merchant,0.0,,
2026-09-02T11:26:26.986857,TX04998,36439.78,0.055,ESCALATE,ESCALATED,Case escalated to merchant,0.0,,
2026-09-02T11:26:27.082632,TX04999,33529.0,0.427,SEND_PAYMENT_LINK,PAYMENT_LINK_CREATED,Razorpay Test Mode order created: order_TX3orZ4DA4PpJ5,0.0,order_TX3orZ4DA4PpJ5,
2026-09-02T11:26:27.215294,TX05000,3776.37,0.635,SEND_PAYMENT_LINK,PAYMENT_LINK_CREATED,Razorpay Test Mode order created: order_TX3orhntJyRvfg,0.0,order_TX3orhntJyRvfg,
2026-09-03T19:51:10.250964,TX00082,2950.08,,RETRY_PAYMENT,SUCCESS,Payment retry succeeded in Test Mode.,2950.08,,
2026-09-04T17:00:14.079353,DEMO002,16137.36,,SEND_PAYMENT_LINK,PAYMENT_SUCCESS,Payment successfully received.,16137.36,,plink_TXwZhPBzWg5Vil
2026-09-04T19:45:06.167340,DEMO003,16137.36,,SEND_PAYMENT_LINK,PAYMENT_LINK_CREATED,Razorpay payment link created successfully.,0.0,,plink_TXzNrFlTprmLyC
2026-09-04T20:36:08.213339,DEMO004,16137.36,,SEND_PAYMENT_LINK,PAYMENT_LINK_CREATED,Razorpay payment link created successfully.,0.0,,plink_TY0FlR11RPdjr3
2026-09-04T20:46:56.502603,DEMO005,16137.36,,SEND_PAYMENT_LINK,PAYMENT_LINK_CREATED,Razorpay payment link created successfully.,0.0,,plink_TY0RBh7a6g8FM4
2026-09-04T21:02:55.577351,DEMO006,18137.36,,SEND_PAYMENT_LINK,PAYMENT_LINK_CREATED,Razorpay payment link created successfully.,0.0,,plink_TY0i4cO13FELLK
2026-09-04T21:59:44.355065,DEMO007,19137.36,,SEND_PAYMENT_LINK,PAYMENT_SUCCESS,Payment successfully received.,19137.36,,plink_TY1g4yAshVxdSK
2026-09-04T22:09:55.646831,DEMO008,10137.36,,SEND_PAYMENT_LINK,PAYMENT_SUCCESS,Payment successfully received.,10137.36,,plink_TY1qqh6ZJda2N3
2026-09-04T22:23:45.911791,DEMO009,13137.36,,SEND_PAYMENT_LINK,PAYMENT_SUCCESS,Payment successfully received.,13137.36,,plink_TY25Sy7QmkZoh5
2026-09-05T13:10:41.702886,DEMO015,10137.36,,SEND_PAYMENT_LINK,PAYMENT_SUCCESS,Payment successfully received.,10137.36,,plink_TYHCMbECB6EUzR
2026-09-05T13:24:18.013721,DEMO016,13137.36,,SEND_PAYMENT_LINK,PAYMENT_SUCCESS,Payment successfully received.,13137.36,,plink_TYHQjvovKDvjpU
2026-09-05T13:33:53.503991,DEMO017,12137.36,,SEND_PAYMENT_LINK,PAYMENT_SUCCESS,Payment successfully received.,12137.36,,plink_TYHasGsSbJMfsq
