transaction_id,customer_id,amount,payment_method,transaction_status,failure_reason,retry_count,previous_success_rate,customer_value,checkout_duration,days_overdue,revenue_at_risk,recovered
TX00001,CUST1127,31002.65,NetBanking,Success,Insufficient_Funds,0,0.25,Medium,204.9,25,0.0,1
TX00002,CUST1460,31727.02,UPI,Success,Authentication_Failed,2,0.49,Low,524.6,21,0.0,1
TX00003,CUST0861,23570.4,UPI,Overdue,Authentication_Failed,1,0.96,Medium,551.2,17,23570.4,1
TX00004,CUST1295,22264.36,UPI,Subscription_Failed,Insufficient_Funds,0,0.51,Low,569.3,4,22264.36,0
TX00005,CUST1131,24808.55,Wallet,Overdue,Bank_Decline,3,0.62,High,170.8,19,24808.55,0
TX00006,CUST1096,43080.06,UPI,Abandoned,None,2,0.48,High,548.4,11,43080.06,0
TX00007,CUST1045,23166.11,Card,Success,Bank_Decline,0,0.68,Low,444.8,5,0.0,1
TX00008,CUST0122,47008.6,UPI,Subscription_Failed,None,0,0.98,Low,101.0,1,47008.6,0
TX00009,CUST0467,25299.39,Wallet,Overdue,None,2,1.0,Low,370.1,3,25299.39,0
TX00010,CUST1239,47470.19,Card,Success,Bank_Decline,3,0.82,Low,25.5,15,0.0,1
TX00011,CUST0331,41675.03,UPI,Success,None,3,0.52,Medium,427.9,28,0.0,1
TX00012,CUST1483,18249.08,Card,Success,None,2,0.6,Medium,442.8,23,0.0,1
TX00013,CUST0088,43209.34,Card,Success,None,3,0.49,Low,475.7,13,0.0,1
TX00014,CUST1397,5681.15,Wallet,Success,Timeout,0,0.99,Medium,111.8,16,0.0,1
TX00015,CUST1124,46267.35,Wallet,Overdue,Authentication_Failed,3,0.77,High,380.7,18,46267.35,0
TX00016,CUST0872,31655.85,Card,Subscription_Failed,None,0,0.56,Medium,115.5,30,31655.85,0
TX00017,CUST0131,2908.66,UPI,Success,Authentication_Failed,1,0.21,Low,568.5,3,0.0,1
TX00018,CUST1333,32283.98,Wallet,Success,Authentication_Failed,3,0.62,Medium,408.3,17,0.0,1
TX00019,CUST0770,48717.53,Card,Subscription_Failed,Timeout,1,0.99,Medium,66.2,11,48717.53,1
TX00020,CUST0344,3676.07,NetBanking,Failed,Authentication_Failed,2,0.62,High,120.3,1,3676.07,0
TX00021,CUST1438,27823.45,NetBanking,Success,Insufficient_Funds,3,0.35,Low,401.4,5,0.0,1
TX00022,CUST0806,37440.16,Wallet,Abandoned,Network_Error,0,0.22,Low,291.2,5,37440.16,0
TX00023,CUST0386,40550.88,UPI,Subscription_Failed,Timeout,3,0.48,Medium,444.4,2,40550.88,0
TX00024,CUST1216,20808.61,NetBanking,Subscription_Failed,Network_Error,2,0.93,Medium,175.7,7,20808.61,0
TX00025,CUST0956,10367.49,NetBanking,Success,Insufficient_Funds,2,1.0,Medium,398.2,11,0.0,1
TX00026,CUST0277,2308.65,NetBanking,Success,Bank_Decline,0,0.96,Low,114.4,2,0.0,1
TX00027,CUST1185,29070.36,UPI,Subscription_Failed,Bank_Decline,3,0.78,Medium,330.8,1,29070.36,0
TX00028,CUST0460,22754.97,UPI,Success,None,1,0.65,Low,575.1,20,0.0,1
TX00029,CUST1338,47447.47,Wallet,Failed,Bank_Decline,2,0.67,Low,380.7,28,47447.47,0
TX00030,CUST0022,3218.12,Wallet,Success,Timeout,2,0.63,Medium,39.5,22,0.0,1
TX00031,CUST0253,34332.69,NetBanking,Success,Bank_Decline,0,0.77,Low,593.4,0,0.0,1
TX00032,CUST0748,1443.32,UPI,Success,Timeout,3,0.54,Low,102.6,17,0.0,1
TX00033,CUST0857,8737.42,Card,Success,Timeout,1,0.74,Medium,433.7,17,0.0,1
TX00034,CUST0475,22788.23,NetBanking,Subscription_Failed,Network_Error,3,0.3,Medium,324.2,7,22788.23,0
TX00035,CUST1083,22852.65,Wallet,Success,Bank_Decline,3,0.41,Low,183.7,25,0.0,1
TX00036,CUST0511,34347.89,UPI,Subscription_Failed,Authentication_Failed,1,0.87,Medium,114.6,21,34347.89,0
TX00037,CUST0700,45528.61,Wallet,Subscription_Failed,Bank_Decline,0,0.92,Low,114.8,13,45528.61,0
TX00038,CUST0976,32023.8,Wallet,Success,Bank_Decline,2,0.63,Low,516.5,28,0.0,1
TX00039,CUST0190,47686.05,UPI,Failed,Bank_Decline,0,0.23,Low,525.0,12,47686.05,0
TX00040,CUST0958,44104.46,NetBanking,Success,None,0,0.94,Low,284.4,14,0.0,1
TX00041,CUST0687,29308.09,UPI,Abandoned,Authentication_Failed,3,0.76,High,71.1,14,29308.09,0
TX00042,CUST0958,41722.84,NetBanking,Failed,Authentication_Failed,1,0.53,Low,531.7,12,41722.84,0
TX00043,CUST0563,32200.36,Wallet,Success,Timeout,2,0.68,Medium,297.3,3,0.0,1
TX00044,CUST1268,4112.18,UPI,Success,Authentication_Failed,3,0.54,Medium,268.9,3,0.0,1
TX00045,CUST0832,37080.12,Card,Failed,Timeout,2,0.57,High,250.3,4,37080.12,1
TX00046,CUST1155,4926.44,NetBanking,Subscription_Failed,Network_Error,3,0.91,Low,225.4,2,4926.44,0
TX00047,CUST0647,29785.32,Card,Success,Timeout,1,0.33,High,320.3,11,0.0,1
TX00048,CUST0021,35191.48,NetBanking,Failed,Bank_Decline,2,0.28,High,366.7,29,35191.48,0
TX00049,CUST0841,3513.07,UPI,Success,Insufficient_Funds,2,0.2,Low,285.2,19,0.0,1
TX00050,CUST0167,11693.57,Card,Abandoned,Insufficient_Funds,0,0.45,Low,539.0,11,11693.57,0
TX00051,CUST1298,45800.48,UPI,Success,None,3,0.32,Low,197.4,19,0.0,1
TX00052,CUST0388,30892.46,NetBanking,Failed,Bank_Decline,3,0.38,Medium,351.2,6,30892.46,0
TX00053,CUST0601,12465.04,NetBanking,Success,Timeout,3,0.21,Medium,187.0,6,0.0,1
TX00054,CUST0316,34595.85,NetBanking,Failed,Bank_Decline,0,0.38,Low,454.5,0,34595.85,0
TX00055,CUST0014,29919.47,NetBanking,Subscription_Failed,None,0,0.47,Medium,70.3,11,29919.47,1
TX00056,CUST0242,25178.47,Wallet,Abandoned,Authentication_Failed,2,0.23,Low,121.3,2,25178.47,0
TX00057,CUST0777,48814.11,NetBanking,Abandoned,Timeout,3,0.69,Medium,482.7,14,48814.11,0
TX00058,CUST1370,34236.0,Card,Success,Bank_Decline,3,0.66,Low,118.1,8,0.0,1
TX00059,CUST0565,18896.97,NetBanking,Subscription_Failed,Authentication_Failed,2,0.28,Medium,379.2,21,18896.97,0
TX00060,CUST0898,40043.66,UPI,Failed,None,2,0.68,Low,582.4,21,40043.66,0
TX00061,CUST1364,44252.25,Wallet,Subscription_Failed,Authentication_Failed,2,1.0,Low,318.5,19,44252.25,0
TX00062,CUST0092,6435.98,Card,Success,Timeout,1,0.96,Medium,120.6,25,0.0,1
TX00063,CUST1391,10187.54,Wallet,Success,None,1,0.2,Low,199.2,8,0.0,1
TX00064,CUST0956,10968.11,Wallet,Success,None,2,0.84,Medium,495.8,30,0.0,1
TX00065,CUST1479,34622.35,Wallet,Success,None,0,0.48,High,217.5,13,0.0,1
TX00066,CUST1452,30231.37,UPI,Success,Network_Error,0,0.25,Low,436.9,27,0.0,1
TX00067,CUST0509,31025.78,Wallet,Subscription_Failed,None,3,0.44,Medium,468.6,2,31025.78,0
TX00068,CUST0776,47050.51,Wallet,Failed,Network_Error,1,0.46,Low,305.7,7,47050.51,0
TX00069,CUST0035,38840.39,NetBanking,Overdue,Authentication_Failed,1,0.62,Low,472.1,28,38840.39,1
TX00070,CUST0206,6571.26,UPI,Success,Network_Error,2,0.73,Low,197.0,5,0.0,1
TX00071,CUST1105,17505.85,Card,Success,Authentication_Failed,2,0.8,High,314.5,11,0.0,1
TX00072,CUST1412,21882.6,Card,Subscription_Failed,Network_Error,2,0.4,Low,415.1,1,21882.6,0
TX00073,CUST1026,19918.89,Card,Success,Authentication_Failed,2,0.46,High,109.2,2,0.0,1
TX00074,CUST1022,33531.57,UPI,Success,Authentication_Failed,2,0.45,High,171.4,13,0.0,1
TX00075,CUST1414,44616.28,Card,Subscription_Failed,None,0,0.49,Low,394.7,16,44616.28,0
TX00076,CUST0566,15441.36,UPI,Success,None,0,1.0,Medium,396.7,2,0.0,1
TX00077,CUST1130,27683.48,NetBanking,Success,Authentication_Failed,2,0.82,Medium,301.0,3,0.0,1
TX00078,CUST0703,39512.59,NetBanking,Subscription_Failed,None,0,0.98,Low,479.4,14,39512.59,1
TX00079,CUST0402,20927.66,UPI,Success,Authentication_Failed,2,0.75,Low,294.4,29,0.0,1
TX00080,CUST0730,8572.28,Card,Subscription_Failed,None,2,0.53,Low,530.0,21,8572.28,1
TX00081,CUST0162,23852.56,UPI,Success,Insufficient_Funds,1,0.51,Medium,444.2,25,0.0,1
TX00082,CUST0202,2950.08,UPI,Failed,Network_Error,0,0.59,Medium,195.7,29,2950.08,1
TX00083,CUST0996,47130.7,Wallet,Success,Authentication_Failed,0,0.53,Low,243.2,6,0.0,1
TX00084,CUST0270,3926.1,UPI,Failed,Bank_Decline,1,0.86,Low,403.9,18,3926.1,1
TX00085,CUST0816,22035.14,Wallet,Success,None,0,0.57,High,537.7,13,0.0,1
TX00086,CUST1295,26588.09,NetBanking,Subscription_Failed,None,1,0.44,Low,115.4,15,26588.09,0
TX00087,CUST0456,49268.13,Wallet,Success,Timeout,3,0.82,Medium,313.7,26,0.0,1
TX00088,CUST1486,8467.89,UPI,Success,Bank_Decline,0,0.88,Low,80.1,12,0.0,1
TX00089,CUST1276,5898.69,NetBanking,Failed,Bank_Decline,2,0.54,Medium,174.9,22,5898.69,0
TX00090,CUST1017,633.57,Wallet,Success,Insufficient_Funds,1,0.73,High,414.7,28,0.0,1
TX00091,CUST0296,7947.46,UPI,Success,Network_Error,2,0.25,Low,55.9,19,0.0,1
TX00092,CUST0720,10522.19,NetBanking,Success,Insufficient_Funds,2,0.62,Low,400.8,16,0.0,1
TX00093,CUST0338,31602.93,Wallet,Success,Network_Error,0,0.24,Low,541.5,16,0.0,1
TX00094,CUST0879,11141.4,UPI,Success,Authentication_Failed,1,0.22,Low,581.9,23,0.0,1
TX00095,CUST1077,1221.94,UPI,Success,Insufficient_Funds,3,0.69,Low,137.8,9,0.0,1
TX00096,CUST0792,41365.59,Card,Success,Timeout,2,0.44,Medium,451.8,6,0.0,1
TX00097,CUST0217,18406.67,Card,Failed,Network_Error,2,0.79,Low,556.6,19,18406.67,0
TX00098,CUST0764,17814.09,Wallet,Success,Insufficient_Funds,3,0.92,Low,63.9,16,0.0,1
TX00099,CUST0188,15263.46,Wallet,Success,Timeout,1,0.31,Medium,254.3,21,0.0,1
TX00100,CUST0380,48773.59,Wallet,Overdue,Bank_Decline,0,0.78,Medium,552.5,26,48773.59,0
TX00101,CUST0493,8671.75,UPI,Subscription_Failed,None,2,0.61,Low,129.6,11,8671.75,0
TX00102,CUST1065,44932.26,Wallet,Success,Authentication_Failed,0,0.29,Medium,560.9,10,0.0,1
TX00103,CUST1181,38884.81,UPI,Success,Authentication_Failed,1,0.72,Medium,321.0,9,0.0,1
TX00104,CUST0015,4008.7,Wallet,Overdue,Bank_Decline,3,0.69,Medium,68.9,22,4008.7,0
TX00105,CUST0065,49339.11,UPI,Success,Insufficient_Funds,0,0.61,Low,275.4,21,0.0,1
TX00106,CUST0521,13714.02,UPI,Success,None,1,0.94,Low,202.5,27,0.0,1
TX00107,CUST1368,5109.43,Card,Success,Bank_Decline,0,0.62,Medium,176.5,21,0.0,1
TX00108,CUST1153,41499.85,NetBanking,Abandoned,Timeout,0,0.99,Medium,329.5,7,41499.85,0
TX00109,CUST0648,35392.44,UPI,Success,None,2,0.61,Medium,295.3,29,0.0,1
TX00110,CUST1496,30937.5,Wallet,Abandoned,Network_Error,0,0.29,Low,294.4,14,30937.5,0
TX00111,CUST1087,7967.85,Card,Abandoned,Insufficient_Funds,2,0.58,Medium,62.0,21,7967.85,0
TX00112,CUST1163,24029.11,Wallet,Success,None,1,0.35,Medium,483.4,17,0.0,1
TX00113,CUST0593,39071.69,Wallet,Subscription_Failed,Network_Error,1,0.68,Low,294.0,22,39071.69,1
TX00114,CUST0392,15320.47,UPI,Success,Bank_Decline,2,0.75,Low,494.3,12,0.0,1
TX00115,CUST0419,15722.15,UPI,Failed,Authentication_Failed,3,0.57,Medium,496.5,25,15722.15,0
TX00116,CUST0289,356.42,NetBanking,Success,None,0,0.28,Medium,197.1,15,0.0,1
TX00117,CUST0379,8877.32,UPI,Success,None,1,0.57,Low,12.6,29,0.0,1
TX00118,CUST0231,43795.2,UPI,Success,Network_Error,1,0.27,Medium,547.6,12,0.0,1
TX00119,CUST1018,22198.98,NetBanking,Success,Network_Error,3,0.75,Medium,458.8,3,0.0,1
TX00120,CUST0041,49214.88,Wallet,Success,Authentication_Failed,1,0.83,Medium,73.3,10,0.0,1
TX00121,CUST1052,19906.26,NetBanking,Success,Network_Error,2,0.97,Medium,424.0,26,0.0,1
TX00122,CUST0135,35816.29,NetBanking,Success,Network_Error,3,0.32,Medium,21.8,18,0.0,1
TX00123,CUST0201,14239.57,NetBanking,Failed,None,1,0.63,Low,26.4,7,14239.57,0
TX00124,CUST0780,18317.72,Card,Success,Authentication_Failed,3,0.65,Low,320.2,9,0.0,1
TX00125,CUST0930,9698.15,Wallet,Failed,Authentication_Failed,3,0.94,Medium,66.7,11,9698.15,0
TX00126,CUST1057,17483.71,Card,Success,None,1,0.7,Low,579.0,27,0.0,1
TX00127,CUST1072,27452.43,Card,Success,Bank_Decline,1,0.32,Medium,537.4,20,0.0,1
TX00128,CUST0503,49590.29,UPI,Success,Bank_Decline,1,0.55,Medium,393.4,19,0.0,1
TX00129,CUST0407,33277.25,NetBanking,Success,None,3,0.72,Low,47.6,10,0.0,1
TX00130,CUST0805,10122.45,NetBanking,Failed,Network_Error,2,0.76,Medium,201.7,19,10122.45,0
TX00131,CUST0099,2439.08,Card,Success,Insufficient_Funds,2,0.89,Medium,229.3,20,0.0,1
TX00132,CUST0684,6492.55,UPI,Overdue,Bank_Decline,0,0.34,Low,293.7,27,6492.55,0
TX00133,CUST0726,28215.25,UPI,Overdue,Bank_Decline,1,0.96,Low,109.7,3,28215.25,1
TX00134,CUST0961,38304.98,UPI,Success,None,2,0.25,High,350.7,18,0.0,1
TX00135,CUST0613,47032.88,Wallet,Abandoned,None,0,0.99,Low,267.1,19,47032.88,1
TX00136,CUST1486,987.99,Card,Success,Insufficient_Funds,0,0.89,Medium,568.9,9,0.0,1
TX00137,CUST0643,26233.46,Wallet,Success,Insufficient_Funds,1,0.73,Low,562.4,14,0.0,1
TX00138,CUST1029,23649.19,UPI,Abandoned,Authentication_Failed,0,0.79,Low,343.6,12,23649.19,0
TX00139,CUST1242,32871.54,UPI,Success,None,2,0.26,Low,390.2,12,0.0,1
TX00140,CUST0503,28067.03,UPI,Success,Bank_Decline,0,0.23,Medium,91.3,20,0.0,1
TX00141,CUST0767,34414.55,NetBanking,Success,Timeout,0,0.28,Low,141.8,27,0.0,1
TX00142,CUST0398,32972.51,Card,Success,Timeout,2,0.27,Low,541.4,17,0.0,1
TX00143,CUST0871,6027.18,NetBanking,Success,Network_Error,0,0.64,Medium,422.5,6,0.0,1
TX00144,CUST0795,40025.95,Wallet,Success,Bank_Decline,0,0.37,Low,121.8,29,0.0,1
TX00145,CUST0393,6336.98,NetBanking,Success,Timeout,3,0.89,Low,346.4,13,0.0,1
TX00146,CUST0207,34986.83,Card,Success,Bank_Decline,0,0.56,Low,561.5,4,0.0,1
TX00147,CUST1039,20924.04,NetBanking,Abandoned,None,0,0.76,Low,213.7,8,20924.04,0
TX00148,CUST0892,25789.77,UPI,Success,Bank_Decline,3,0.72,Medium,119.6,29,0.0,1
TX00149,CUST1485,45184.24,Wallet,Abandoned,Timeout,3,0.46,Low,565.8,21,45184.24,0
TX00150,CUST0864,44516.21,Wallet,Failed,Bank_Decline,3,0.39,Low,282.1,26,44516.21,0
TX00151,CUST0743,40929.24,UPI,Abandoned,Insufficient_Funds,1,0.47,High,256.2,16,40929.24,0
TX00152,CUST1265,25605.39,UPI,Abandoned,Network_Error,1,0.84,High,167.9,24,25605.39,0
TX00153,CUST0564,36864.74,UPI,Success,Authentication_Failed,2,0.67,Medium,536.0,4,0.0,1
TX00154,CUST1021,25742.27,Card,Success,Timeout,0,0.4,High,508.9,30,0.0,1
TX00155,CUST0096,43506.38,NetBanking,Success,None,2,0.85,Medium,247.8,15,0.0,1
TX00156,CUST0485,20258.24,Wallet,Overdue,Authentication_Failed,1,0.24,Medium,28.1,30,20258.24,0
TX00157,CUST1431,48517.72,NetBanking,Failed,Network_Error,0,0.76,Medium,273.5,8,48517.72,1
TX00158,CUST0231,46629.67,UPI,Success,Insufficient_Funds,0,0.55,Medium,116.7,16,0.0,1
TX00159,CUST0749,37131.81,UPI,Success,Insufficient_Funds,3,0.79,Medium,94.2,29,0.0,1
TX00160,CUST1195,14114.91,NetBanking,Overdue,Insufficient_Funds,1,0.94,Low,241.9,17,14114.91,0
TX00161,CUST0541,6756.35,Wallet,Success,Insufficient_Funds,0,0.8,Medium,68.5,2,0.0,1
TX00162,CUST1060,42764.23,Card,Success,Timeout,3,0.55,Medium,574.9,27,0.0,1
TX00163,CUST0525,8432.05,NetBanking,Success,Timeout,0,0.32,Medium,38.0,4,0.0,1
TX00164,CUST1184,42742.19,UPI,Overdue,Bank_Decline,1,0.85,Low,246.8,29,42742.19,0
TX00165,CUST1267,24640.1,UPI,Success,None,2,0.57,Low,106.0,21,0.0,1
TX00166,CUST1110,20446.53,Card,Success,Bank_Decline,2,0.26,Low,416.4,20,0.0,1
TX00167,CUST0578,45178.9,NetBanking,Failed,None,0,0.78,Medium,56.5,16,45178.9,1
TX00168,CUST0682,30271.78,Card,Success,Network_Error,3,0.43,Low,332.6,19,0.0,1
TX00169,CUST0557,28915.38,Card,Subscription_Failed,Bank_Decline,3,0.24,Low,466.1,21,28915.38,1
TX00170,CUST1013,28026.54,Wallet,Success,Network_Error,3,0.92,Low,570.5,3,0.0,1
TX00171,CUST0646,18684.24,Wallet,Success,Network_Error,1,0.59,Low,422.1,3,0.0,1
TX00172,CUST0796,39325.03,UPI,Subscription_Failed,Network_Error,2,0.42,Medium,68.7,20,39325.03,0
TX00173,CUST1052,12789.36,NetBanking,Overdue,Insufficient_Funds,2,0.77,High,62.2,23,12789.36,0
TX00174,CUST1364,46956.97,Wallet,Success,Authentication_Failed,0,0.91,Low,441.6,20,0.0,1
TX00175,CUST1355,44720.46,UPI,Success,Authentication_Failed,2,0.2,Medium,137.0,6,0.0,1
TX00176,CUST1372,17006.52,NetBanking,Abandoned,Timeout,3,0.75,Low,273.9,7,17006.52,0
TX00177,CUST1497,36527.3,UPI,Success,Network_Error,1,0.81,Low,586.2,21,0.0,1
TX00178,CUST1255,28746.52,Wallet,Overdue,Insufficient_Funds,3,0.37,Medium,493.7,21,28746.52,0
TX00179,CUST0190,17014.94,UPI,Overdue,Bank_Decline,3,0.59,Medium,509.5,30,17014.94,0
TX00180,CUST1249,49428.38,NetBanking,Success,Bank_Decline,2,0.27,Medium,517.9,30,0.0,1
TX00181,CUST1409,1456.82,NetBanking,Overdue,Timeout,1,0.8,Low,375.5,29,1456.82,0
TX00182,CUST1401,12781.77,UPI,Success,Timeout,1,0.88,High,448.9,1,0.0,1
TX00183,CUST1307,26099.69,NetBanking,Failed,Network_Error,3,0.29,Low,221.8,28,26099.69,0
TX00184,CUST0633,26193.26,UPI,Success,Network_Error,0,0.85,Low,599.1,28,0.0,1
TX00185,CUST0628,29528.87,NetBanking,Subscription_Failed,Bank_Decline,2,0.82,Low,175.0,9,29528.87,0
TX00186,CUST0973,37633.47,UPI,Failed,Bank_Decline,0,0.48,Medium,358.1,4,37633.47,0
TX00187,CUST1283,31249.2,UPI,Failed,Bank_Decline,3,0.75,Low,176.4,16,31249.2,0
TX00188,CUST1383,30094.02,UPI,Subscription_Failed,Bank_Decline,2,0.2,Low,76.1,24,30094.02,0
TX00189,CUST0710,2865.02,Card,Success,Authentication_Failed,0,0.95,Medium,344.9,6,0.0,1
TX00190,CUST1480,18951.21,NetBanking,Success,Network_Error,0,0.64,Low,218.5,1,0.0,1
TX00191,CUST1435,11756.38,Wallet,Subscription_Failed,Network_Error,0,0.7,Low,354.1,5,11756.38,0
TX00192,CUST0649,13415.43,UPI,Abandoned,Bank_Decline,2,0.73,Low,339.6,9,13415.43,0
TX00193,CUST0318,27806.01,Card,Overdue,Insufficient_Funds,0,0.65,Low,329.9,8,27806.01,0
TX00194,CUST1249,10135.36,Wallet,Overdue,Bank_Decline,1,0.89,Medium,82.7,27,10135.36,0
TX00195,CUST1258,14838.67,UPI,Success,None,3,0.69,Medium,269.7,4,0.0,1
TX00196,CUST0684,12006.82,Wallet,Success,Timeout,2,0.93,Low,489.1,2,0.0,1
TX00197,CUST0664,47435.45,Card,Success,None,1,0.67,Low,195.9,10,0.0,1
TX00198,CUST1398,47244.35,Wallet,Failed,Insufficient_Funds,0,0.34,Medium,271.9,9,47244.35,1
TX00199,CUST1496,30575.09,UPI,Success,Timeout,3,0.93,Medium,301.4,15,0.0,1
TX00200,CUST1257,46241.22,Wallet,Abandoned,Insufficient_Funds,0,0.75,Medium,519.0,26,46241.22,1
TX00201,CUST1137,39333.47,Wallet,Success,Timeout,1,0.76,Low,396.8,19,0.0,1
TX00202,CUST0442,29579.4,UPI,Success,Bank_Decline,0,0.99,Low,69.1,18,0.0,1
TX00203,CUST0564,520.47,Card,Success,Bank_Decline,2,0.26,High,520.5,0,0.0,1
TX00204,CUST1292,38671.31,Card,Success,Insufficient_Funds,1,0.54,Medium,500.9,25,0.0,1
TX00205,CUST1410,35183.92,Wallet,Failed,Timeout,2,0.39,Low,454.7,29,35183.92,0
TX00206,CUST1411,30839.63,NetBanking,Success,Authentication_Failed,3,0.7,Low,285.0,10,0.0,1
TX00207,CUST1137,38069.13,Wallet,Success,Insufficient_Funds,2,0.85,Low,457.0,28,0.0,1
TX00208,CUST0952,25743.52,NetBanking,Success,Insufficient_Funds,2,0.97,Low,292.5,14,0.0,1
TX00209,CUST1105,35263.35,Wallet,Abandoned,None,0,0.56,High,444.6,6,35263.35,0
TX00210,CUST0699,46771.57,Card,Abandoned,Network_Error,0,0.83,High,529.3,7,46771.57,1
TX00211,CUST0113,18915.09,Wallet,Success,Insufficient_Funds,1,0.93,Low,535.4,15,0.0,1
TX00212,CUST0002,35464.47,Wallet,Abandoned,Authentication_Failed,3,0.75,Low,278.2,17,35464.47,0
TX00213,CUST0642,23889.25,NetBanking,Success,Bank_Decline,1,0.39,Medium,517.0,23,0.0,1
TX00214,CUST0220,33785.1,Card,Success,Timeout,3,0.69,Low,69.9,27,0.0,1
TX00215,CUST0855,38192.09,NetBanking,Failed,Network_Error,3,0.98,Medium,70.1,24,38192.09,1
TX00216,CUST1249,2463.53,Wallet,Success,Timeout,2,0.99,Medium,333.5,22,0.0,1
TX00217,CUST0385,32400.7,UPI,Abandoned,Bank_Decline,0,0.71,Medium,394.6,10,32400.7,0
TX00218,CUST1427,11491.71,Wallet,Success,Insufficient_Funds,3,0.91,Medium,100.3,0,0.0,1
TX00219,CUST1154,33567.62,Wallet,Overdue,None,0,0.36,Medium,288.6,15,33567.62,0
TX00220,CUST1077,23522.84,NetBanking,Success,Authentication_Failed,3,0.4,High,65.7,3,0.0,1
TX00221,CUST0730,38722.93,UPI,Failed,Network_Error,0,0.96,Low,365.2,22,38722.93,0
TX00222,CUST1440,6345.36,UPI,Subscription_Failed,Authentication_Failed,1,0.31,High,514.5,5,6345.36,0
TX00223,CUST0247,31390.85,NetBanking,Success,Authentication_Failed,0,0.35,Low,445.2,10,0.0,1
TX00224,CUST0836,14067.84,Card,Success,Authentication_Failed,2,0.54,Low,233.2,29,0.0,1
TX00225,CUST1463,42678.5,UPI,Success,Authentication_Failed,3,0.67,Low,596.3,23,0.0,1
TX00226,CUST0203,46433.5,UPI,Failed,Bank_Decline,2,0.68,Medium,401.1,5,46433.5,0
TX00227,CUST1208,49820.64,NetBanking,Success,Authentication_Failed,3,0.43,Low,491.0,9,0.0,1
TX00228,CUST0123,39841.17,Card,Success,None,2,0.94,Medium,405.1,5,0.0,1
TX00229,CUST0401,37735.96,Card,Failed,Authentication_Failed,3,0.93,Medium,593.8,9,37735.96,0
TX00230,CUST0767,10931.94,Wallet,Success,Bank_Decline,0,0.51,Low,494.6,21,0.0,1
TX00231,CUST0294,16933.15,Wallet,Failed,Timeout,3,0.55,Medium,316.5,22,16933.15,0
TX00232,CUST0280,23390.99,NetBanking,Success,Bank_Decline,2,0.76,High,226.5,4,0.0,1
TX00233,CUST0884,38714.38,Card,Success,None,2,0.73,Medium,412.5,27,0.0,1
TX00234,CUST0198,45765.3,NetBanking,Failed,None,3,0.51,Low,358.2,26,45765.3,0
TX00235,CUST0982,9619.13,Wallet,Failed,Insufficient_Funds,3,0.53,High,381.3,8,9619.13,0
TX00236,CUST0752,46133.9,NetBanking,Success,Bank_Decline,1,0.48,Medium,212.4,6,0.0,1
TX00237,CUST0144,34842.11,NetBanking,Success,Timeout,1,0.39,Low,262.9,16,0.0,1
TX00238,CUST0609,30616.38,UPI,Success,Insufficient_Funds,0,0.57,Low,339.3,26,0.0,1
TX00239,CUST1225,10152.1,UPI,Success,Insufficient_Funds,0,0.75,Low,505.2,11,0.0,1
TX00240,CUST1148,2965.15,UPI,Success,Network_Error,0,0.79,High,460.1,27,0.0,1
TX00241,CUST0187,28509.55,Wallet,Success,Authentication_Failed,0,0.82,Low,80.0,29,0.0,1
TX00242,CUST1350,32645.48,NetBanking,Failed,Insufficient_Funds,0,0.5,Low,154.9,24,32645.48,0
TX00243,CUST0464,10696.92,UPI,Failed,Insufficient_Funds,3,0.81,High,25.7,10,10696.92,0
TX00244,CUST1373,27911.52,UPI,Success,None,1,0.21,Low,14.7,5,0.0,1
TX00245,CUST0660,42853.37,UPI,Success,Timeout,3,0.58,High,142.4,26,0.0,1
TX00246,CUST0764,41786.28,Wallet,Success,Insufficient_Funds,1,0.84,Low,481.6,23,0.0,1
TX00247,CUST0955,46382.29,Wallet,Success,Timeout,1,0.7,Medium,543.8,24,0.0,1
TX00248,CUST0403,18421.11,NetBanking,Subscription_Failed,Authentication_Failed,2,0.58,Low,241.1,10,18421.11,0
TX00249,CUST1370,16038.87,NetBanking,Failed,None,2,0.72,High,342.3,10,16038.87,0
TX00250,CUST0147,37521.42,NetBanking,Abandoned,Network_Error,1,0.93,Medium,426.6,13,37521.42,1
TX00251,CUST1172,21669.4,UPI,Subscription_Failed,Network_Error,3,0.65,High,572.2,15,21669.4,0
TX00252,CUST0864,4559.92,Card,Success,Authentication_Failed,1,0.84,Medium,548.6,1,0.0,1
TX00253,CUST0489,14283.5,Wallet,Success,Authentication_Failed,0,0.98,Low,43.7,1,0.0,1
TX00254,CUST0929,21045.4,UPI,Failed,None,3,0.76,Low,156.4,4,21045.4,0
TX00255,CUST0551,14767.32,UPI,Success,None,3,0.66,Low,39.0,13,0.0,1
TX00256,CUST0338,16743.84,NetBanking,Failed,Bank_Decline,1,0.23,Medium,373.8,20,16743.84,0
TX00257,CUST0872,14830.04,NetBanking,Abandoned,Insufficient_Funds,0,0.5,High,429.2,27,14830.04,0
TX00258,CUST0641,2266.66,UPI,Abandoned,Insufficient_Funds,1,0.65,Low,191.9,9,2266.66,0
TX00259,CUST0473,31927.32,Wallet,Success,Insufficient_Funds,0,0.84,Medium,513.8,9,0.0,1
TX00260,CUST0151,29945.16,Wallet,Success,Timeout,3,0.55,High,277.2,17,0.0,1
TX00261,CUST1439,32738.5,UPI,Failed,Bank_Decline,1,0.97,Low,599.0,25,32738.5,0
TX00262,CUST1322,9777.03,Card,Abandoned,Insufficient_Funds,0,0.42,High,10.2,19,9777.03,1
TX00263,CUST0263,14923.6,Card,Abandoned,Timeout,2,0.8,Low,74.6,8,14923.6,0
TX00264,CUST0144,31056.87,Wallet,Overdue,Timeout,3,0.54,Medium,188.1,3,31056.87,0
TX00265,CUST0346,30061.45,NetBanking,Success,Network_Error,3,0.59,Low,25.0,16,0.0,1
TX00266,CUST0624,25415.25,Card,Success,Timeout,2,0.84,Low,471.6,20,0.0,1
TX00267,CUST1017,17650.58,Card,Success,Authentication_Failed,0,0.44,Low,41.1,1,0.0,1
TX00268,CUST0881,45663.96,NetBanking,Success,None,3,0.28,High,451.9,13,0.0,1
TX00269,CUST0002,17120.56,Card,Subscription_Failed,Timeout,0,0.62,Medium,41.0,21,17120.56,0
TX00270,CUST0897,22889.83,UPI,Overdue,Authentication_Failed,2,0.62,Low,159.1,0,22889.83,0
TX00271,CUST1328,33970.07,Card,Success,Authentication_Failed,1,0.84,High,506.4,22,0.0,1
TX00272,CUST0254,27242.47,NetBanking,Success,Network_Error,3,0.97,Medium,571.1,6,0.0,1
TX00273,CUST0453,17474.92,UPI,Success,Network_Error,3,0.24,High,254.6,30,0.0,1
TX00274,CUST1061,21895.11,Card,Subscription_Failed,Timeout,0,0.67,Low,582.3,3,21895.11,0
TX00275,CUST1184,39765.14,Wallet,Success,Network_Error,3,0.75,Low,379.9,8,0.0,1
TX00276,CUST1015,14050.83,UPI,Success,Network_Error,1,0.99,Medium,255.3,2,0.0,1
TX00277,CUST0009,7284.31,UPI,Success,None,2,0.95,Low,483.7,4,0.0,1
TX00278,CUST1257,15795.53,Wallet,Success,Insufficient_Funds,3,0.77,Low,184.2,20,0.0,1
TX00279,CUST1123,42506.8,Wallet,Overdue,Timeout,2,0.62,Low,166.8,23,42506.8,0
TX00280,CUST0816,4631.69,Card,Success,Timeout,0,0.33,Low,397.4,9,0.0,1
TX00281,CUST0208,49586.46,Card,Success,Timeout,1,0.51,Low,240.4,9,0.0,1
TX00282,CUST1155,27141.94,NetBanking,Success,Network_Error,3,0.67,High,90.2,3,0.0,1
TX00283,CUST0404,49245.32,NetBanking,Success,None,2,0.78,Low,49.5,16,0.0,1
TX00284,CUST0152,46962.02,UPI,Failed,Network_Error,1,0.71,Low,474.8,26,46962.02,1
TX00285,CUST0054,22750.12,Wallet,Success,Authentication_Failed,2,0.77,Medium,408.8,20,0.0,1
TX00286,CUST1144,10084.86,Wallet,Success,Bank_Decline,0,0.54,Medium,253.0,16,0.0,1
TX00287,CUST0628,8411.26,NetBanking,Subscription_Failed,Bank_Decline,1,0.78,Medium,538.8,18,8411.26,1
TX00288,CUST0587,12151.47,UPI,Success,Bank_Decline,1,0.31,Medium,252.4,5,0.0,1
TX00289,CUST1444,35564.61,UPI,Failed,Insufficient_Funds,0,0.33,Low,429.1,0,35564.61,0
TX00290,CUST1446,13792.91,NetBanking,Success,Network_Error,0,0.33,Low,546.4,25,0.0,1
TX00291,CUST0104,17202.98,NetBanking,Success,Authentication_Failed,3,0.91,Medium,506.0,13,0.0,1
TX00292,CUST0254,22549.18,NetBanking,Failed,Authentication_Failed,0,0.26,High,311.6,29,22549.18,1
TX00293,CUST1251,45678.99,Card,Subscription_Failed,Bank_Decline,0,0.84,Medium,411.6,12,45678.99,1
TX00294,CUST1136,9631.79,UPI,Failed,None,2,0.39,Low,254.1,2,9631.79,0
TX00295,CUST0510,450.32,UPI,Success,Insufficient_Funds,1,0.57,Low,391.8,22,0.0,1
TX00296,CUST1497,3192.8,UPI,Success,Insufficient_Funds,2,0.93,Low,162.0,1,0.0,1
TX00297,CUST0099,45257.36,NetBanking,Success,Bank_Decline,0,0.67,Medium,266.5,21,0.0,1
TX00298,CUST0153,32446.32,NetBanking,Success,Bank_Decline,3,0.37,Low,133.6,6,0.0,1
TX00299,CUST0914,13797.42,NetBanking,Failed,Network_Error,2,0.43,Low,32.5,27,13797.42,0
TX00300,CUST0878,9024.19,NetBanking,Success,None,2,0.94,Low,357.2,11,0.0,1
TX00301,CUST0338,14854.48,Wallet,Success,Insufficient_Funds,1,0.54,Low,520.0,1,0.0,1
TX00302,CUST0822,5916.89,NetBanking,Failed,Authentication_Failed,1,0.67,Low,25.1,10,5916.89,0
TX00303,CUST1187,47088.34,Card,Success,Bank_Decline,1,0.57,Low,125.7,15,0.0,1
TX00304,CUST0957,39253.47,Wallet,Failed,Network_Error,3,0.5,Medium,281.5,26,39253.47,0
TX00305,CUST0161,23227.08,Wallet,Success,Authentication_Failed,3,0.38,Low,402.9,4,0.0,1
TX00306,CUST0801,43275.14,NetBanking,Success,Insufficient_Funds,0,0.75,Medium,111.0,25,0.0,1
TX00307,CUST0398,12623.02,UPI,Overdue,Bank_Decline,0,0.77,Low,43.4,27,12623.02,0
TX00308,CUST1301,35912.6,NetBanking,Success,None,1,0.42,Low,316.2,25,0.0,1
TX00309,CUST0816,42835.4,UPI,Success,Bank_Decline,2,0.83,Medium,493.0,16,0.0,1
TX00310,CUST1416,17967.08,NetBanking,Failed,None,1,0.88,Low,30.8,2,17967.08,0
TX00311,CUST1159,37921.73,NetBanking,Overdue,Network_Error,0,0.94,Medium,216.1,13,37921.73,1
TX00312,CUST1219,14894.6,UPI,Overdue,Network_Error,2,0.33,Medium,401.5,15,14894.6,1
TX00313,CUST0401,15083.09,UPI,Failed,Insufficient_Funds,0,0.44,Medium,87.1,16,15083.09,0
TX00314,CUST0640,5531.45,UPI,Success,None,3,0.89,Low,149.2,27,0.0,1
TX00315,CUST1057,22114.89,UPI,Subscription_Failed,Bank_Decline,1,0.36,Low,325.9,18,22114.89,0
TX00316,CUST0688,36539.65,Card,Failed,Network_Error,1,0.2,Medium,572.4,3,36539.65,1
TX00317,CUST0460,47023.0,UPI,Success,Bank_Decline,2,0.9,Low,179.5,27,0.0,1
TX00318,CUST0955,30269.09,NetBanking,Abandoned,Insufficient_Funds,1,0.46,Low,297.6,27,30269.09,0
TX00319,CUST0470,43184.15,NetBanking,Success,None,0,0.53,Medium,246.0,20,0.0,1
TX00320,CUST1399,41160.23,Card,Success,Bank_Decline,0,0.56,Low,539.5,19,0.0,1
TX00321,CUST1046,8832.48,UPI,Abandoned,Authentication_Failed,3,0.88,Low,52.4,19,8832.48,0
TX00322,CUST0750,24393.71,NetBanking,Success,Bank_Decline,0,0.47,Medium,344.0,24,0.0,1
TX00323,CUST0038,6022.79,Card,Success,Timeout,2,0.91,High,509.2,24,0.0,1
TX00324,CUST0230,34171.23,NetBanking,Success,Timeout,0,0.69,High,593.0,8,0.0,1
TX00325,CUST1389,47505.0,Card,Failed,Insufficient_Funds,3,0.62,Low,422.2,10,47505.0,0
TX00326,CUST0563,7027.06,Card,Success,Insufficient_Funds,3,0.46,Medium,234.2,4,0.0,1
TX00327,CUST0438,36747.38,Wallet,Success,Insufficient_Funds,1,0.39,Low,253.0,10,0.0,1
TX00328,CUST1307,31685.46,Wallet,Failed,Authentication_Failed,2,0.7,Low,217.5,12,31685.46,0
TX00329,CUST0027,29263.53,UPI,Subscription_Failed,None,0,0.56,Medium,366.1,20,29263.53,0
TX00330,CUST0226,19627.99,Wallet,Success,Authentication_Failed,3,0.93,Low,446.2,1,0.0,1
TX00331,CUST1301,17885.56,Card,Abandoned,Bank_Decline,0,0.59,Low,493.5,21,17885.56,0
TX00332,CUST0798,2453.41,NetBanking,Abandoned,Network_Error,3,0.61,High,255.8,1,2453.41,1
TX00333,CUST0284,11051.85,NetBanking,Failed,None,1,0.53,Medium,432.9,9,11051.85,1
TX00334,CUST0879,955.81,UPI,Success,Timeout,3,0.83,Medium,550.6,12,0.0,1
TX00335,CUST0960,29154.57,Wallet,Subscription_Failed,Timeout,1,0.54,High,553.3,4,29154.57,0
TX00336,CUST0453,5471.49,UPI,Success,Timeout,2,0.42,Medium,425.4,10,0.0,1
TX00337,CUST1020,43676.37,Card,Success,Bank_Decline,0,0.89,Low,385.8,28,0.0,1
TX00338,CUST0816,26252.52,Wallet,Success,Bank_Decline,0,0.68,Medium,323.6,14,0.0,1
TX00339,CUST0659,35044.56,UPI,Abandoned,Insufficient_Funds,1,0.67,Low,118.1,27,35044.56,1
TX00340,CUST0547,20660.68,NetBanking,Success,Network_Error,2,0.69,Low,82.9,27,0.0,1
TX00341,CUST1216,28116.87,NetBanking,Success,Insufficient_Funds,1,0.78,Medium,296.6,4,0.0,1
TX00342,CUST1073,47144.43,UPI,Failed,Bank_Decline,3,0.45,Low,104.1,19,47144.43,0
TX00343,CUST0017,4320.16,UPI,Subscription_Failed,Authentication_Failed,1,0.23,Low,350.4,4,4320.16,0
TX00344,CUST1196,12846.1,UPI,Failed,Insufficient_Funds,2,0.85,Low,391.0,6,12846.1,0
TX00345,CUST1244,39043.42,Card,Success,None,3,0.3,Low,320.1,9,0.0,1
TX00346,CUST0158,5117.11,Card,Success,Bank_Decline,0,0.78,High,31.5,28,0.0,1
TX00347,CUST0477,3967.92,NetBanking,Failed,Bank_Decline,0,0.27,Medium,44.1,1,3967.92,0
TX00348,CUST1070,18204.76,Card,Success,Authentication_Failed,0,0.5,Medium,76.9,30,0.0,1
TX00349,CUST1397,4789.96,Card,Failed,Authentication_Failed,2,0.25,Medium,100.7,0,4789.96,0
TX00350,CUST0518,29336.91,Wallet,Success,Authentication_Failed,2,0.62,Medium,594.0,19,0.0,1
TX00351,CUST0099,11468.51,Card,Subscription_Failed,Network_Error,2,0.72,Medium,213.3,22,11468.51,0
TX00352,CUST1061,44805.76,Wallet,Success,None,2,0.34,Medium,182.3,0,0.0,1
TX00353,CUST0280,39218.3,Card,Success,Bank_Decline,2,0.5,High,40.8,3,0.0,1
TX00354,CUST1373,35045.32,NetBanking,Subscription_Failed,Authentication_Failed,3,0.94,High,384.8,14,35045.32,0
TX00355,CUST0497,30923.81,UPI,Success,Network_Error,1,0.55,High,394.8,14,0.0,1
TX00356,CUST0302,43200.59,NetBanking,Success,Timeout,0,0.84,Medium,113.5,29,0.0,1
TX00357,CUST0181,11308.49,Card,Subscription_Failed,None,2,0.94,High,552.4,5,11308.49,0
TX00358,CUST0607,43680.82,UPI,Success,Timeout,0,0.98,Low,482.3,5,0.0,1
TX00359,CUST1123,39516.72,UPI,Success,Timeout,2,0.92,High,145.9,0,0.0,1
TX00360,CUST0700,37458.41,UPI,Success,Bank_Decline,0,0.45,High,296.7,6,0.0,1
TX00361,CUST0993,28150.53,Wallet,Success,Network_Error,1,0.97,High,280.5,29,0.0,1
TX00362,CUST1140,12462.96,NetBanking,Success,Network_Error,0,0.85,Medium,215.6,4,0.0,1
TX00363,CUST0191,21292.69,Wallet,Failed,Timeout,0,0.87,Low,492.4,21,21292.69,0
TX00364,CUST0253,39719.82,UPI,Failed,None,2,0.21,Low,74.5,16,39719.82,0
TX00365,CUST0981,1782.57,NetBanking,Success,Insufficient_Funds,3,0.96,Low,255.0,6,0.0,1
TX00366,CUST0928,39146.13,NetBanking,Success,Timeout,3,0.82,Medium,262.5,3,0.0,1
TX00367,CUST1185,12155.52,Card,Overdue,Bank_Decline,0,0.81,Low,286.5,2,12155.52,1
TX00368,CUST1280,7386.6,Wallet,Overdue,Timeout,3,0.27,Low,518.2,11,7386.6,0
TX00369,CUST1347,5961.93,Wallet,Success,None,1,0.39,Medium,138.7,26,0.0,1
TX00370,CUST0128,1557.05,Card,Abandoned,None,1,0.97,Medium,70.7,28,1557.05,1
TX00371,CUST0018,26274.61,Wallet,Abandoned,Timeout,3,0.6,High,374.5,14,26274.61,0
TX00372,CUST0566,11069.34,UPI,Success,Network_Error,3,0.52,Medium,112.6,19,0.0,1
TX00373,CUST0570,49473.7,UPI,Success,Timeout,1,0.87,Medium,54.2,8,0.0,1
TX00374,CUST1347,28806.95,Wallet,Success,Authentication_Failed,3,0.27,Medium,261.7,20,0.0,1
TX00375,CUST0686,7066.69,Card,Subscription_Failed,Authentication_Failed,3,0.53,Medium,139.6,11,7066.69,0
TX00376,CUST0626,34500.37,NetBanking,Abandoned,Insufficient_Funds,2,0.5,Low,223.1,4,34500.37,0
TX00377,CUST1312,44907.63,Wallet,Failed,Bank_Decline,2,0.48,Low,163.2,7,44907.63,0
TX00378,CUST0854,37309.94,NetBanking,Success,Bank_Decline,3,0.45,High,64.7,14,0.0,1
TX00379,CUST0962,4006.71,Card,Failed,Network_Error,3,0.37,Medium,340.6,6,4006.71,1
TX00380,CUST0155,44815.03,NetBanking,Abandoned,Bank_Decline,2,0.34,Medium,25.9,18,44815.03,0
TX00381,CUST0490,39737.68,Card,Subscription_Failed,Insufficient_Funds,2,0.71,Low,580.2,12,39737.68,0
TX00382,CUST1410,8083.53,Card,Success,Authentication_Failed,3,0.94,Low,211.4,30,0.0,1
TX00383,CUST0785,2778.94,UPI,Failed,Network_Error,2,0.61,Medium,420.1,0,2778.94,1
TX00384,CUST1128,27954.07,UPI,Success,None,1,0.44,Low,488.1,27,0.0,1
TX00385,CUST1417,7970.58,Card,Failed,Authentication_Failed,0,0.33,Low,174.7,10,7970.58,0
TX00386,CUST0246,41762.63,Wallet,Failed,Insufficient_Funds,1,0.86,Low,451.8,12,41762.63,0
TX00387,CUST1200,18045.07,UPI,Success,Network_Error,2,0.98,Medium,501.1,1,0.0,1
TX00388,CUST1063,45662.04,Card,Abandoned,Timeout,1,0.48,Medium,152.4,18,45662.04,0
TX00389,CUST0759,28371.27,NetBanking,Success,Bank_Decline,0,0.43,High,595.6,10,0.0,1
TX00390,CUST0538,9297.08,NetBanking,Abandoned,Insufficient_Funds,2,0.68,Medium,22.2,0,9297.08,0
TX00391,CUST0921,7152.02,Wallet,Success,Network_Error,1,0.82,High,138.0,0,0.0,1
TX00392,CUST0408,28908.33,NetBanking,Failed,Authentication_Failed,1,0.56,Medium,470.2,7,28908.33,0
TX00393,CUST0525,38141.8,NetBanking,Subscription_Failed,Network_Error,0,0.7,Medium,124.5,12,38141.8,0
TX00394,CUST0828,39118.98,Card,Success,Timeout,2,0.77,Low,422.0,7,0.0,1
TX00395,CUST0903,13932.72,NetBanking,Success,Insufficient_Funds,3,0.97,Low,514.8,1,0.0,1
TX00396,CUST0036,10371.49,NetBanking,Success,Network_Error,2,0.33,Medium,575.9,7,0.0,1
TX00397,CUST0685,1034.46,NetBanking,Success,None,0,1.0,Low,289.8,26,0.0,1
TX00398,CUST0020,34024.12,NetBanking,Failed,Insufficient_Funds,0,0.51,Medium,583.0,28,34024.12,0
TX00399,CUST0321,4013.1,Card,Abandoned,Insufficient_Funds,0,0.78,Medium,252.9,13,4013.1,0
TX00400,CUST0512,21153.91,NetBanking,Subscription_Failed,Authentication_Failed,0,0.66,High,138.7,1,21153.91,1
TX00401,CUST0400,30163.77,Wallet,Subscription_Failed,Bank_Decline,3,0.59,High,313.2,12,30163.77,0
TX00402,CUST0654,46868.03,UPI,Success,None,2,0.76,Low,393.4,26,0.0,1
TX00403,CUST0972,15727.75,Wallet,Failed,Timeout,2,0.52,Low,280.2,4,15727.75,0
TX00404,CUST0471,12638.65,UPI,Abandoned,Network_Error,1,0.3,Medium,344.5,0,12638.65,1
TX00405,CUST1167,32777.18,Wallet,Success,Bank_Decline,3,0.59,Low,255.7,8,0.0,1
TX00406,CUST1116,31038.1,UPI,Success,Authentication_Failed,3,0.62,Low,319.6,19,0.0,1
TX00407,CUST1378,16739.07,UPI,Success,Bank_Decline,1,0.36,Medium,572.0,9,0.0,1
TX00408,CUST0834,46419.47,UPI,Subscription_Failed,Insufficient_Funds,1,0.95,High,304.9,29,46419.47,1
TX00409,CUST0727,42274.14,UPI,Failed,Insufficient_Funds,2,0.38,Medium,159.4,10,42274.14,0
TX00410,CUST0854,11354.33,Card,Failed,Timeout,2,0.53,Medium,457.7,17,11354.33,0
TX00411,CUST0051,12109.3,Wallet,Success,None,2,0.32,Low,209.2,16,0.0,1
TX00412,CUST0575,25712.56,UPI,Overdue,Network_Error,3,0.63,Medium,491.6,5,25712.56,0
TX00413,CUST1214,38723.89,Wallet,Success,Network_Error,3,0.45,Low,43.5,10,0.0,1
TX00414,CUST1149,2393.21,NetBanking,Failed,Authentication_Failed,1,0.59,Medium,206.0,23,2393.21,1
TX00415,CUST0150,34728.09,UPI,Success,Timeout,0,0.38,Low,65.7,3,0.0,1
TX00416,CUST0314,32482.15,Wallet,Success,Network_Error,0,0.24,High,60.3,0,0.0,1
TX00417,CUST0570,11727.71,Card,Abandoned,None,0,0.82,Medium,398.4,0,11727.71,1
TX00418,CUST1366,34131.38,Wallet,Overdue,Insufficient_Funds,0,0.71,Medium,237.3,21,34131.38,1
TX00419,CUST0305,47021.12,UPI,Success,Timeout,0,0.47,High,524.2,17,0.0,1
TX00420,CUST0682,2529.94,NetBanking,Success,Bank_Decline,2,0.24,Low,314.7,30,0.0,1
TX00421,CUST0838,16118.67,Wallet,Success,Timeout,1,0.89,Low,184.3,4,0.0,1
TX00422,CUST1078,22021.2,NetBanking,Success,Timeout,0,0.34,Medium,435.3,30,0.0,1
TX00423,CUST1003,44983.17,Card,Success,None,0,0.94,High,378.2,15,0.0,1
TX00424,CUST0444,48120.62,Wallet,Abandoned,None,0,0.58,Medium,481.8,1,48120.62,1
TX00425,CUST0613,22316.94,Wallet,Overdue,Network_Error,2,0.47,Low,389.7,8,22316.94,0
TX00426,CUST0993,37551.41,Card,Success,Authentication_Failed,0,0.79,Medium,108.5,1,0.0,1
TX00427,CUST0264,26676.72,Card,Failed,Authentication_Failed,1,0.9,Low,405.5,4,26676.72,1
TX00428,CUST1077,26981.59,Card,Success,None,2,0.5,Medium,241.0,19,0.0,1
TX00429,CUST1004,14049.36,UPI,Success,Network_Error,2,0.53,Low,283.3,26,0.0,1
TX00430,CUST0005,11004.42,UPI,Success,Network_Error,3,0.55,High,553.7,16,0.0,1
TX00431,CUST1127,14542.67,Wallet,Failed,Network_Error,3,0.94,Low,222.4,25,14542.67,1
TX00432,CUST1220,27905.13,Wallet,Success,None,2,0.75,High,371.1,24,0.0,1
TX00433,CUST0774,1651.93,Wallet,Success,Authentication_Failed,0,0.4,Low,224.5,18,0.0,1
TX00434,CUST0877,45381.0,NetBanking,Success,Network_Error,0,0.35,Low,65.9,9,0.0,1
TX00435,CUST0992,7982.93,Card,Success,None,0,0.38,High,277.6,7,0.0,1
TX00436,CUST0884,11160.42,Wallet,Success,Bank_Decline,0,0.41,Low,362.3,19,0.0,1
TX00437,CUST1374,26010.15,Card,Subscription_Failed,Bank_Decline,3,0.38,Medium,250.4,10,26010.15,0
TX00438,CUST0047,35563.72,UPI,Failed,Insufficient_Funds,1,0.73,Low,240.5,12,35563.72,0
TX00439,CUST0867,4967.31,Card,Subscription_Failed,Bank_Decline,2,0.29,Medium,494.0,12,4967.31,0
TX00440,CUST0823,16021.2,NetBanking,Success,Timeout,0,0.51,Low,27.5,8,0.0,1
TX00441,CUST0936,48440.0,NetBanking,Success,Insufficient_Funds,3,0.7,Low,184.4,4,0.0,1
TX00442,CUST0656,13264.68,Card,Success,Bank_Decline,1,0.43,Medium,488.9,17,0.0,1
TX00443,CUST0269,15789.9,NetBanking,Success,Timeout,2,0.25,Low,553.1,7,0.0,1
TX00444,CUST0370,41857.62,NetBanking,Failed,Bank_Decline,2,0.27,Low,253.3,28,41857.62,0
TX00445,CUST0636,2700.68,UPI,Success,None,2,0.3,Medium,534.4,19,0.0,1
TX00446,CUST1130,23337.74,Wallet,Success,Timeout,0,0.87,Medium,127.4,13,0.0,1
TX00447,CUST0657,19104.91,NetBanking,Failed,Network_Error,2,0.73,Low,140.6,1,19104.91,1
TX00448,CUST0120,15966.02,Wallet,Success,None,0,0.25,Medium,509.3,21,0.0,1
TX00449,CUST0831,14427.84,Card,Overdue,Timeout,1,0.51,High,542.9,15,14427.84,0
TX00450,CUST1082,4750.43,Card,Success,None,3,0.42,Low,141.5,0,0.0,1
TX00451,CUST1370,15878.33,NetBanking,Failed,Network_Error,3,0.66,Medium,45.0,23,15878.33,1
TX00452,CUST0741,2344.01,Card,Success,Timeout,3,0.62,Medium,63.3,24,0.0,1
TX00453,CUST1498,39092.0,UPI,Overdue,Timeout,2,0.58,Low,164.2,22,39092.0,0
TX00454,CUST0117,20031.74,NetBanking,Success,None,3,0.45,Low,459.3,28,0.0,1
TX00455,CUST0791,22306.41,NetBanking,Failed,Bank_Decline,1,0.31,Low,310.9,12,22306.41,0
TX00456,CUST1151,44701.01,NetBanking,Success,Timeout,0,0.79,Medium,278.8,24,0.0,1
TX00457,CUST1417,32971.14,Card,Abandoned,Bank_Decline,3,0.9,Low,354.6,17,32971.14,0
TX00458,CUST1013,601.34,Card,Success,Timeout,0,0.96,Medium,535.2,26,0.0,1
TX00459,CUST1082,47170.11,NetBanking,Success,Authentication_Failed,0,0.25,Medium,63.4,0,0.0,1
TX00460,CUST0634,12009.79,Wallet,Subscription_Failed,Insufficient_Funds,3,0.79,Low,419.9,6,12009.79,0
TX00461,CUST0513,5559.19,Card,Overdue,Bank_Decline,3,0.78,Medium,556.8,3,5559.19,0
TX00462,CUST0802,38452.78,Card,Success,Bank_Decline,3,0.96,High,135.9,9,0.0,1
TX00463,CUST1120,25123.77,NetBanking,Subscription_Failed,Network_Error,2,0.4,Low,504.3,7,25123.77,0
TX00464,CUST1142,21801.77,Wallet,Success,Authentication_Failed,3,0.79,Low,421.8,2,0.0,1
TX00465,CUST0560,12625.25,NetBanking,Subscription_Failed,Network_Error,2,0.24,Medium,18.5,22,12625.25,0
TX00466,CUST0488,27464.08,Card,Failed,Authentication_Failed,1,0.7,Low,146.7,6,27464.08,1
TX00467,CUST1261,13864.35,NetBanking,Success,Authentication_Failed,0,0.48,Low,367.4,26,0.0,1
TX00468,CUST0897,45098.83,NetBanking,Subscription_Failed,None,1,0.82,Low,306.4,30,45098.83,0
TX00469,CUST1296,10917.18,NetBanking,Subscription_Failed,None,3,0.89,Low,321.5,25,10917.18,0
TX00470,CUST1213,44240.89,Wallet,Success,None,0,0.49,Low,146.8,24,0.0,1
TX00471,CUST0704,28058.39,NetBanking,Abandoned,Timeout,3,0.62,Medium,408.3,15,28058.39,0
TX00472,CUST1471,41458.71,Card,Success,Network_Error,3,0.29,High,167.2,26,0.0,1
TX00473,CUST0581,35699.73,NetBanking,Abandoned,Insufficient_Funds,0,0.53,Low,239.8,19,35699.73,0
TX00474,CUST0790,34895.42,Wallet,Failed,Authentication_Failed,1,0.49,Low,227.7,29,34895.42,0
TX00475,CUST0861,16352.42,UPI,Success,Authentication_Failed,3,0.35,Low,406.5,9,0.0,1
TX00476,CUST0247,11848.07,Wallet,Failed,Bank_Decline,0,0.92,Low,63.2,12,11848.07,0
TX00477,CUST1100,10702.13,NetBanking,Failed,Timeout,1,0.32,Low,131.3,29,10702.13,0
TX00478,CUST0154,42888.14,UPI,Failed,Insufficient_Funds,2,0.71,Low,128.3,0,42888.14,0
TX00479,CUST1459,41057.26,NetBanking,Success,None,1,0.91,High,74.0,6,0.0,1
TX00480,CUST0997,22140.56,Wallet,Success,Authentication_Failed,1,0.93,Low,132.5,9,0.0,1
TX00481,CUST1110,6793.75,UPI,Abandoned,Bank_Decline,0,0.83,Low,368.2,11,6793.75,0
TX00482,CUST0697,19236.16,UPI,Success,Network_Error,1,0.34,Low,442.0,13,0.0,1
TX00483,CUST1309,31043.3,NetBanking,Success,Authentication_Failed,2,0.85,Low,399.6,21,0.0,1
TX00484,CUST1244,22829.28,NetBanking,Failed,Bank_Decline,2,0.42,High,290.4,10,22829.28,0
TX00485,CUST1093,39053.43,Wallet,Success,Network_Error,3,0.94,Low,40.9,16,0.0,1
TX00486,CUST1071,49881.62,NetBanking,Failed,Timeout,2,0.77,High,575.8,8,49881.62,1
TX00487,CUST1009,9718.38,UPI,Failed,None,3,0.83,Low,109.2,25,9718.38,0
TX00488,CUST0094,23090.61,Card,Failed,Network_Error,2,0.27,Medium,404.4,7,23090.61,0
TX00489,CUST0958,21663.0,Card,Success,Authentication_Failed,1,0.67,High,548.6,9,0.0,1
TX00490,CUST1012,15363.73,Wallet,Success,Insufficient_Funds,3,0.86,Low,421.7,3,0.0,1
TX00491,CUST0453,10065.16,NetBanking,Success,Network_Error,2,0.89,Low,138.6,30,0.0,1
TX00492,CUST1228,3471.47,Wallet,Abandoned,Insufficient_Funds,1,0.22,Medium,196.3,30,3471.47,0
TX00493,CUST0912,44378.54,Card,Success,Insufficient_Funds,1,0.95,Low,27.8,4,0.0,1
TX00494,CUST0218,21108.47,Card,Overdue,Network_Error,3,0.23,Medium,371.5,23,21108.47,0
TX00495,CUST0474,24945.4,NetBanking,Failed,Timeout,0,0.69,Low,371.7,17,24945.4,0
TX00496,CUST0432,45863.71,UPI,Subscription_Failed,Network_Error,1,0.75,Low,438.0,5,45863.71,1
TX00497,CUST0341,38859.27,NetBanking,Success,Bank_Decline,1,0.29,Low,16.5,9,0.0,1
TX00498,CUST0551,6698.96,Card,Success,None,0,0.24,High,492.5,17,0.0,1
TX00499,CUST1313,28357.91,UPI,Subscription_Failed,Insufficient_Funds,3,0.83,Low,445.8,30,28357.91,0
TX00500,CUST1278,22224.16,Wallet,Success,None,2,0.51,Low,93.1,27,0.0,1
TX00501,CUST0357,39901.11,Card,Success,Authentication_Failed,2,0.29,Medium,215.1,10,0.0,1
TX00502,CUST0023,36266.78,Wallet,Success,Insufficient_Funds,1,0.81,Low,386.7,23,0.0,1
TX00503,CUST0522,34582.2,UPI,Overdue,Authentication_Failed,0,0.88,Low,302.5,4,34582.2,1
TX00504,CUST1124,17159.13,Wallet,Failed,Bank_Decline,1,0.67,Low,77.9,27,17159.13,0
TX00505,CUST0802,40287.19,Card,Failed,Bank_Decline,3,0.33,Medium,61.5,25,40287.19,0
TX00506,CUST1204,2809.09,NetBanking,Failed,None,1,0.21,Medium,471.1,2,2809.09,0
TX00507,CUST1247,8149.32,Wallet,Success,Bank_Decline,2,0.76,Low,102.0,17,0.0,1
TX00508,CUST0762,16914.04,Card,Abandoned,Network_Error,0,0.64,Low,111.5,3,16914.04,1
TX00509,CUST0442,4025.01,Card,Success,Insufficient_Funds,3,0.72,Medium,500.2,7,0.0,1
TX00510,CUST0769,11902.72,UPI,Abandoned,Authentication_Failed,1,0.85,Medium,371.2,16,11902.72,0
TX00511,CUST1016,41541.52,Card,Success,None,2,0.55,Low,366.8,9,0.0,1
TX00512,CUST1349,47422.93,NetBanking,Success,None,1,0.3,Low,292.8,30,0.0,1
TX00513,CUST0516,15369.2,NetBanking,Success,Bank_Decline,2,0.95,Low,345.7,18,0.0,1
TX00514,CUST1040,13372.89,Wallet,Success,Bank_Decline,0,0.64,Medium,365.0,28,0.0,1
TX00515,CUST0792,14138.65,Wallet,Failed,Authentication_Failed,3,0.69,High,581.0,0,14138.65,0
TX00516,CUST0336,14030.41,Wallet,Success,Insufficient_Funds,1,0.95,Low,141.6,1,0.0,1
TX00517,CUST0258,1989.32,Wallet,Success,Insufficient_Funds,3,0.95,Low,136.6,25,0.0,1
TX00518,CUST0497,46360.43,NetBanking,Success,None,0,0.66,Low,43.8,10,0.0,1
TX00519,CUST0896,10842.17,UPI,Failed,Authentication_Failed,2,0.44,Low,398.3,14,10842.17,0
TX00520,CUST0160,21116.2,Wallet,Success,None,0,1.0,Low,333.9,22,0.0,1
TX00521,CUST1499,682.41,UPI,Failed,Timeout,0,0.74,High,75.6,0,682.41,0
TX00522,CUST0852,42926.16,Card,Success,Insufficient_Funds,3,0.53,Low,225.1,8,0.0,1
TX00523,CUST0690,36611.64,Card,Success,Authentication_Failed,0,0.65,Medium,115.4,7,0.0,1
TX00524,CUST0380,47348.45,Wallet,Success,Authentication_Failed,1,0.53,Low,205.6,0,0.0,1
TX00525,CUST0957,39124.45,Card,Overdue,None,2,0.91,Medium,571.2,9,39124.45,0
TX00526,CUST0691,15822.58,UPI,Failed,Bank_Decline,0,0.59,Medium,413.2,16,15822.58,0
TX00527,CUST1451,12544.09,UPI,Success,Authentication_Failed,1,0.86,Low,14.5,17,0.0,1
TX00528,CUST1292,34946.27,Card,Failed,None,2,0.87,High,159.0,15,34946.27,1
TX00529,CUST1441,18332.82,Wallet,Subscription_Failed,Network_Error,3,0.86,Low,16.1,1,18332.82,1
TX00530,CUST1192,28397.51,UPI,Success,Bank_Decline,2,0.78,Medium,431.8,21,0.0,1
TX00531,CUST1067,511.62,UPI,Abandoned,Bank_Decline,3,0.88,High,287.0,16,511.62,1
TX00532,CUST0285,3281.91,NetBanking,Success,Insufficient_Funds,2,0.51,Low,596.5,3,0.0,1
TX00533,CUST0397,26861.32,Wallet,Abandoned,Timeout,0,0.29,Medium,442.8,6,26861.32,1
TX00534,CUST0012,28390.37,NetBanking,Success,Insufficient_Funds,3,0.87,Medium,315.6,28,0.0,1
TX00535,CUST1326,37622.36,Card,Success,Network_Error,3,0.6,High,484.8,28,0.0,1
TX00536,CUST1277,6771.87,Card,Success,None,3,0.3,Medium,425.8,27,0.0,1
TX00537,CUST0499,25756.52,NetBanking,Overdue,Bank_Decline,0,0.29,Low,153.8,8,25756.52,0
TX00538,CUST0754,9883.49,Wallet,Abandoned,Bank_Decline,0,0.33,Medium,322.9,25,9883.49,0
TX00539,CUST0035,4841.17,UPI,Failed,Authentication_Failed,2,0.8,Medium,338.0,2,4841.17,1
TX00540,CUST0727,20642.69,Card,Success,Timeout,2,0.77,Medium,276.2,19,0.0,1
TX00541,CUST0849,8334.17,Wallet,Success,Timeout,0,0.36,High,115.7,20,0.0,1
TX00542,CUST0090,11244.74,Wallet,Success,Authentication_Failed,0,0.88,Low,141.8,4,0.0,1
TX00543,CUST0776,16014.22,Card,Success,Network_Error,3,0.43,Low,175.8,17,0.0,1
TX00544,CUST0605,13117.54,Card,Success,Timeout,2,0.83,Medium,16.1,28,0.0,1
TX00545,CUST0970,4562.05,Wallet,Subscription_Failed,Bank_Decline,2,0.59,High,551.0,20,4562.05,0
TX00546,CUST1022,4677.83,UPI,Failed,Network_Error,3,0.79,Low,414.8,25,4677.83,1
TX00547,CUST0418,9823.82,NetBanking,Success,Insufficient_Funds,3,0.51,High,416.9,16,0.0,1
TX00548,CUST0115,2717.85,Card,Failed,Insufficient_Funds,3,0.48,High,347.7,6,2717.85,0
TX00549,CUST0617,31397.56,NetBanking,Overdue,Network_Error,1,0.87,High,416.7,13,31397.56,0
TX00550,CUST1220,14508.87,Wallet,Failed,Bank_Decline,1,0.23,High,589.3,14,14508.87,1
TX00551,CUST0826,14131.35,NetBanking,Failed,Insufficient_Funds,0,0.98,High,237.2,20,14131.35,0
TX00552,CUST1099,16733.52,UPI,Overdue,None,2,0.72,Medium,430.4,21,16733.52,0
TX00553,CUST0413,33207.25,Wallet,Abandoned,Bank_Decline,3,0.55,Medium,222.1,13,33207.25,0
TX00554,CUST1400,43557.57,UPI,Success,Authentication_Failed,3,0.7,Low,514.0,8,0.0,1
TX00555,CUST1444,38002.53,Wallet,Success,Timeout,2,0.3,Low,516.2,15,0.0,1
TX00556,CUST0729,36430.96,UPI,Overdue,Network_Error,1,0.61,Low,542.3,18,36430.96,0
TX00557,CUST1301,24322.68,Wallet,Success,Timeout,2,0.99,Low,13.2,0,0.0,1
TX00558,CUST1021,34751.52,UPI,Success,Authentication_Failed,0,0.39,Low,185.9,7,0.0,1
TX00559,CUST0761,27727.57,Wallet,Success,Insufficient_Funds,1,0.78,High,89.0,17,0.0,1
TX00560,CUST0676,10969.28,UPI,Failed,None,2,0.55,Medium,277.9,1,10969.28,0
TX00561,CUST1418,10587.7,Wallet,Overdue,Bank_Decline,2,0.72,Low,302.3,25,10587.7,0
TX00562,CUST0457,14960.32,UPI,Success,Bank_Decline,0,0.36,Medium,161.0,28,0.0,1
TX00563,CUST0920,45557.97,Card,Success,Authentication_Failed,2,0.58,Low,436.8,3,0.0,1
TX00564,CUST0192,27461.26,NetBanking,Subscription_Failed,Network_Error,1,0.98,Low,169.2,20,27461.26,0
TX00565,CUST0739,36748.49,Wallet,Success,Timeout,3,0.36,High,513.8,0,0.0,1
TX00566,CUST1123,17458.63,UPI,Success,None,3,0.71,Low,114.8,26,0.0,1
TX00567,CUST0978,20504.25,Card,Overdue,Insufficient_Funds,3,0.66,Medium,226.7,18,20504.25,0
TX00568,CUST1009,6453.17,Wallet,Success,Network_Error,1,0.65,Low,377.1,10,0.0,1
TX00569,CUST0096,8730.49,Wallet,Success,None,2,0.69,Medium,367.1,23,0.0,1
TX00570,CUST0663,41402.36,Wallet,Failed,None,2,0.6,Medium,56.0,5,41402.36,0
TX00571,CUST1214,29324.96,NetBanking,Success,Authentication_Failed,2,0.21,Low,509.3,18,0.0,1
TX00572,CUST0037,17009.12,UPI,Overdue,Authentication_Failed,2,0.92,High,362.9,13,17009.12,1
TX00573,CUST1393,40181.99,UPI,Success,Bank_Decline,3,0.86,Low,523.2,27,0.0,1
TX00574,CUST0279,12476.69,Wallet,Success,Insufficient_Funds,1,0.34,Medium,521.9,22,0.0,1
TX00575,CUST0217,48806.43,Wallet,Success,Network_Error,0,0.53,High,332.1,26,0.0,1
TX00576,CUST0867,17371.92,Wallet,Success,Bank_Decline,1,0.82,High,547.4,21,0.0,1
TX00577,CUST0873,16998.09,Card,Abandoned,Insufficient_Funds,2,0.98,Low,510.6,20,16998.09,0
TX00578,CUST1297,15733.21,Wallet,Abandoned,Timeout,2,0.96,Low,575.3,23,15733.21,0
TX00579,CUST0062,6281.15,NetBanking,Overdue,Timeout,1,0.92,Medium,511.8,23,6281.15,0
TX00580,CUST0596,5734.63,UPI,Success,Bank_Decline,1,0.33,Low,494.5,18,0.0,1
TX00581,CUST0729,32475.63,NetBanking,Failed,Network_Error,3,0.93,Low,286.9,23,32475.63,0
TX00582,CUST1366,43780.88,Wallet,Success,Insufficient_Funds,2,0.9,Medium,135.1,25,0.0,1
TX00583,CUST0397,39567.92,Card,Abandoned,Timeout,1,0.5,Medium,547.3,24,39567.92,1
TX00584,CUST0699,7227.16,Wallet,Failed,Timeout,2,0.52,Low,436.3,12,7227.16,1
TX00585,CUST1043,27369.99,Wallet,Success,Network_Error,1,0.57,Low,176.2,11,0.0,1
TX00586,CUST0177,5458.46,Wallet,Success,Bank_Decline,2,0.72,High,211.2,28,0.0,1
TX00587,CUST0396,2455.67,Wallet,Success,Authentication_Failed,1,0.41,Medium,414.8,9,0.0,1
TX00588,CUST0445,32888.02,Wallet,Failed,None,2,0.22,Medium,291.9,18,32888.02,0
TX00589,CUST1257,26850.59,UPI,Overdue,Insufficient_Funds,0,0.31,Low,58.1,10,26850.59,0
TX00590,CUST0076,4284.78,NetBanking,Success,Timeout,3,0.55,Low,93.5,23,0.0,1
TX00591,CUST0265,1939.97,Card,Success,None,0,0.43,Low,449.9,23,0.0,1
TX00592,CUST0455,49489.87,Wallet,Success,None,3,0.81,Medium,203.9,11,0.0,1
TX00593,CUST0718,1695.06,Card,Abandoned,Authentication_Failed,3,0.29,Low,309.5,6,1695.06,0
TX00594,CUST0735,22337.51,UPI,Success,None,1,0.93,Medium,462.3,7,0.0,1
TX00595,CUST1408,25330.03,NetBanking,Success,Network_Error,0,0.92,Medium,453.2,16,0.0,1
TX00596,CUST0851,6040.55,Wallet,Success,Bank_Decline,3,0.93,Medium,108.5,2,0.0,1
TX00597,CUST1391,8619.28,UPI,Failed,Insufficient_Funds,2,0.79,Low,68.1,5,8619.28,0
TX00598,CUST0144,17719.89,UPI,Success,Network_Error,1,0.29,Medium,358.8,11,0.0,1
TX00599,CUST0885,38131.46,NetBanking,Abandoned,Bank_Decline,1,0.55,Medium,447.6,14,38131.46,0
TX00600,CUST1093,25452.7,Wallet,Success,Network_Error,2,0.31,Low,97.9,22,0.0,1
TX00601,CUST1123,31967.51,NetBanking,Success,Timeout,2,0.99,Low,229.5,6,0.0,1
TX00602,CUST0396,49261.69,NetBanking,Success,Timeout,3,0.47,Medium,523.5,26,0.0,1
TX00603,CUST1049,38446.67,Card,Success,Authentication_Failed,2,0.67,Low,567.1,5,0.0,1
TX00604,CUST0948,21831.2,Card,Success,Network_Error,1,0.82,Low,277.9,30,0.0,1
TX00605,CUST0891,22432.81,NetBanking,Success,None,2,0.94,Low,56.9,28,0.0,1
TX00606,CUST1493,31014.85,Card,Failed,Timeout,0,0.8,Low,162.0,11,31014.85,0
TX00607,CUST1175,33335.19,UPI,Success,Bank_Decline,1,0.74,High,147.5,27,0.0,1
TX00608,CUST1168,25135.4,NetBanking,Success,Authentication_Failed,2,0.57,Medium,151.0,11,0.0,1
TX00609,CUST0569,32314.09,Wallet,Subscription_Failed,None,1,0.68,Medium,301.4,26,32314.09,0
TX00610,CUST1063,1371.92,Wallet,Failed,Insufficient_Funds,3,0.28,High,354.1,3,1371.92,0
TX00611,CUST0109,21595.22,UPI,Failed,Network_Error,0,0.91,Medium,82.3,20,21595.22,1
TX00612,CUST1066,14091.12,Wallet,Subscription_Failed,Timeout,3,0.64,Medium,534.7,8,14091.12,0
TX00613,CUST1210,6632.89,Wallet,Success,None,0,0.23,Low,375.8,16,0.0,1
TX00614,CUST0935,5157.42,NetBanking,Abandoned,Bank_Decline,2,0.94,Medium,362.4,1,5157.42,0
TX00615,CUST0398,30238.97,UPI,Success,Network_Error,1,0.59,Low,592.5,4,0.0,1
TX00616,CUST1247,26275.31,NetBanking,Success,Bank_Decline,2,0.89,Low,380.6,20,0.0,1
TX00617,CUST0634,12828.49,UPI,Success,Authentication_Failed,3,0.89,Low,558.1,27,0.0,1
TX00618,CUST1157,23653.31,NetBanking,Success,Timeout,1,0.85,Low,178.9,22,0.0,1
TX00619,CUST1187,24713.17,NetBanking,Success,Timeout,2,0.25,Low,151.7,23,0.0,1
TX00620,CUST1239,9911.45,Card,Success,Authentication_Failed,2,0.4,Low,314.7,9,0.0,1
TX00621,CUST0733,32674.23,Wallet,Success,Bank_Decline,1,0.9,Medium,310.1,5,0.0,1
TX00622,CUST0235,39089.78,UPI,Success,Network_Error,1,0.92,Low,143.6,5,0.0,1
TX00623,CUST0658,39614.88,Wallet,Success,Bank_Decline,3,0.57,Medium,422.8,20,0.0,1
TX00624,CUST0751,30203.0,Card,Success,Network_Error,0,0.55,Medium,27.5,4,0.0,1
TX00625,CUST0588,25679.6,UPI,Success,None,0,0.34,Medium,417.5,28,0.0,1
TX00626,CUST1033,3238.16,Card,Success,Authentication_Failed,1,0.97,Low,279.7,26,0.0,1
TX00627,CUST1098,14534.0,Wallet,Failed,Insufficient_Funds,0,0.37,High,416.5,7,14534.0,0
TX00628,CUST0954,4844.92,NetBanking,Success,Network_Error,3,0.35,Low,291.5,20,0.0,1
TX00629,CUST0492,48198.39,Card,Subscription_Failed,Timeout,0,0.73,Medium,586.6,21,48198.39,0
TX00630,CUST0913,6926.99,Card,Abandoned,None,1,0.39,Medium,207.5,2,6926.99,1
TX00631,CUST1277,7758.42,NetBanking,Success,Timeout,3,0.95,Low,589.7,30,0.0,1
TX00632,CUST1254,44500.92,Wallet,Failed,None,1,0.21,Low,48.3,13,44500.92,0
TX00633,CUST1198,47207.63,Card,Success,Timeout,3,0.2,Low,413.4,4,0.0,1
TX00634,CUST1192,38338.29,Wallet,Success,Bank_Decline,3,0.6,High,278.0,14,0.0,1
TX00635,CUST0170,469.17,NetBanking,Subscription_Failed,Bank_Decline,1,0.59,Medium,495.1,29,469.17,0
TX00636,CUST1417,267.04,UPI,Success,Bank_Decline,2,0.33,High,475.9,8,0.0,1
TX00637,CUST0946,19029.42,Card,Overdue,None,1,0.6,Low,482.1,14,19029.42,0
TX00638,CUST0795,7341.09,Wallet,Failed,None,3,0.53,Low,65.9,18,7341.09,1
TX00639,CUST0634,1115.63,NetBanking,Success,Timeout,1,0.91,Low,495.2,15,0.0,1
TX00640,CUST1218,23310.52,NetBanking,Success,Network_Error,1,0.21,High,136.3,7,0.0,1
TX00641,CUST0029,47164.48,Card,Success,None,3,0.98,Low,25.2,14,0.0,1
TX00642,CUST1189,16326.21,UPI,Success,Timeout,0,0.7,Low,138.5,10,0.0,1
TX00643,CUST1446,33124.81,Card,Success,Network_Error,3,0.32,High,292.8,22,0.0,1
TX00644,CUST0339,32681.32,Wallet,Abandoned,Bank_Decline,1,0.24,Medium,447.8,3,32681.32,0
TX00645,CUST1389,12703.79,NetBanking,Success,None,3,0.63,Medium,139.0,20,0.0,1
TX00646,CUST1366,32591.18,UPI,Success,Insufficient_Funds,3,0.39,Low,76.7,23,0.0,1
TX00647,CUST0500,10774.23,Wallet,Success,Bank_Decline,0,0.44,Low,391.1,9,0.0,1
TX00648,CUST0511,6275.97,Card,Subscription_Failed,Authentication_Failed,2,0.4,High,590.5,22,6275.97,0
TX00649,CUST1351,35128.89,NetBanking,Success,Network_Error,1,0.72,Medium,364.5,25,0.0,1
TX00650,CUST0217,5849.35,Card,Success,Insufficient_Funds,1,0.64,Low,417.7,9,0.0,1
TX00651,CUST1325,49846.08,UPI,Overdue,Bank_Decline,0,0.26,Low,341.1,1,49846.08,0
TX00652,CUST1156,9335.93,UPI,Success,None,3,0.62,Low,471.6,7,0.0,1
TX00653,CUST1094,29788.26,UPI,Success,Insufficient_Funds,2,0.83,Medium,585.7,7,0.0,1
TX00654,CUST1276,20686.45,UPI,Abandoned,Timeout,1,0.26,Low,331.0,8,20686.45,0
TX00655,CUST1439,6494.04,UPI,Abandoned,Network_Error,2,0.91,Medium,255.9,1,6494.04,0
TX00656,CUST0445,1586.63,Card,Success,Authentication_Failed,2,0.66,Medium,517.6,13,0.0,1
TX00657,CUST0876,31212.07,UPI,Success,Timeout,3,0.96,Medium,582.1,19,0.0,1
TX00658,CUST1206,40376.53,UPI,Failed,Insufficient_Funds,3,0.32,Low,86.2,1,40376.53,0
TX00659,CUST0167,42132.38,NetBanking,Success,Bank_Decline,3,0.99,Medium,351.1,3,0.0,1
TX00660,CUST0091,24239.13,UPI,Subscription_Failed,Network_Error,1,0.72,Medium,477.6,2,24239.13,1
TX00661,CUST0714,38917.28,NetBanking,Success,None,2,0.65,Low,324.7,22,0.0,1
TX00662,CUST0039,33707.79,NetBanking,Success,Authentication_Failed,2,0.61,High,251.4,13,0.0,1
TX00663,CUST1150,36267.88,NetBanking,Success,Bank_Decline,1,0.22,Low,396.6,20,0.0,1
TX00664,CUST1475,24731.43,Card,Failed,Authentication_Failed,0,0.95,Medium,169.4,15,24731.43,1
TX00665,CUST0173,31743.9,Card,Subscription_Failed,None,3,0.72,Low,216.0,14,31743.9,0
TX00666,CUST0653,40315.19,Wallet,Failed,Network_Error,1,0.27,Medium,595.4,6,40315.19,0
TX00667,CUST0754,20014.63,Wallet,Overdue,Insufficient_Funds,3,0.22,Medium,385.5,17,20014.63,0
TX00668,CUST1244,40337.75,NetBanking,Success,Authentication_Failed,2,0.24,Low,525.0,19,0.0,1
TX00669,CUST1082,29682.44,Card,Success,Network_Error,1,0.69,Medium,486.6,5,0.0,1
TX00670,CUST0476,8461.87,UPI,Subscription_Failed,Authentication_Failed,0,0.69,Medium,394.8,27,8461.87,0
TX00671,CUST0456,1429.27,Wallet,Subscription_Failed,Bank_Decline,3,0.6,Medium,506.0,20,1429.27,0
TX00672,CUST0829,18265.13,Card,Subscription_Failed,Authentication_Failed,2,0.45,Low,179.4,15,18265.13,0
TX00673,CUST0895,27425.48,UPI,Abandoned,Bank_Decline,2,0.63,Low,385.9,10,27425.48,0
TX00674,CUST1385,42023.05,UPI,Success,Bank_Decline,0,0.61,Medium,358.5,1,0.0,1
TX00675,CUST1025,6548.79,Card,Success,Network_Error,0,0.22,Low,377.2,27,0.0,1
TX00676,CUST0387,40050.28,Wallet,Subscription_Failed,Timeout,3,0.43,Medium,109.5,22,40050.28,0
TX00677,CUST0348,43177.85,Card,Success,None,2,0.24,Low,173.6,1,0.0,1
TX00678,CUST0190,7704.24,Wallet,Success,Authentication_Failed,0,0.92,Low,179.1,13,0.0,1
TX00679,CUST0505,42609.4,NetBanking,Failed,Insufficient_Funds,1,0.78,Medium,365.1,8,42609.4,1
TX00680,CUST1215,49574.39,Card,Success,Bank_Decline,0,1.0,Medium,583.8,22,0.0,1
TX00681,CUST1393,36396.57,Card,Abandoned,Timeout,1,0.44,Medium,572.9,11,36396.57,0
TX00682,CUST1433,39281.53,Wallet,Success,Bank_Decline,2,0.9,High,144.0,2,0.0,1
TX00683,CUST0824,49721.88,Wallet,Abandoned,Timeout,3,0.68,Medium,189.9,21,49721.88,1
TX00684,CUST0929,30352.97,Card,Failed,Timeout,2,0.56,Medium,31.3,4,30352.97,0
TX00685,CUST0934,15532.74,UPI,Failed,Insufficient_Funds,2,0.38,High,245.3,27,15532.74,0
TX00686,CUST1141,41909.04,UPI,Success,Timeout,2,0.79,Medium,502.5,8,0.0,1
TX00687,CUST0134,30801.39,UPI,Success,Insufficient_Funds,2,0.92,Medium,550.3,28,0.0,1
TX00688,CUST0058,29143.53,NetBanking,Success,Network_Error,3,0.39,Low,149.5,2,0.0,1
TX00689,CUST0685,12831.05,NetBanking,Success,Bank_Decline,0,0.34,High,166.8,17,0.0,1
TX00690,CUST0672,37865.45,Wallet,Failed,Insufficient_Funds,3,0.76,Low,140.3,1,37865.45,0
TX00691,CUST0173,4267.03,NetBanking,Success,None,3,0.98,Low,216.6,3,0.0,1
TX00692,CUST0815,46229.5,UPI,Success,Bank_Decline,3,0.8,Low,484.8,12,0.0,1
TX00693,CUST1173,16426.01,Card,Success,None,3,0.43,Low,391.6,16,0.0,1
TX00694,CUST0080,6563.18,NetBanking,Failed,Authentication_Failed,0,0.54,Low,473.7,8,6563.18,0
TX00695,CUST0886,22229.85,NetBanking,Success,None,2,0.51,Medium,354.0,18,0.0,1
TX00696,CUST1237,2315.0,UPI,Subscription_Failed,Network_Error,0,0.88,Medium,162.1,13,2315.0,0
TX00697,CUST0203,34294.38,NetBanking,Failed,Authentication_Failed,0,0.82,Low,144.5,12,34294.38,0
TX00698,CUST0764,45154.73,Wallet,Abandoned,Authentication_Failed,2,0.67,Medium,15.3,4,45154.73,0
TX00699,CUST1253,41895.7,Card,Subscription_Failed,Timeout,0,0.42,Medium,470.8,17,41895.7,0
TX00700,CUST1251,6543.0,UPI,Success,None,3,0.95,Medium,509.8,23,0.0,1
TX00701,CUST1465,6488.3,Wallet,Abandoned,Timeout,3,0.72,Low,463.3,14,6488.3,0
TX00702,CUST1426,40709.04,UPI,Success,None,2,0.98,High,53.9,26,0.0,1
TX00703,CUST0047,46227.86,Wallet,Subscription_Failed,Authentication_Failed,2,0.66,Low,459.7,10,46227.86,1
TX00704,CUST1257,23141.36,Card,Subscription_Failed,Timeout,2,0.86,Low,37.0,29,23141.36,0
TX00705,CUST1329,25048.76,Card,Success,Bank_Decline,3,0.85,Low,72.3,18,0.0,1
TX00706,CUST1167,16049.45,Wallet,Success,None,2,0.47,Medium,269.9,4,0.0,1
TX00707,CUST1439,44734.4,Wallet,Success,None,0,0.97,Medium,290.9,6,0.0,1
TX00708,CUST1397,32316.16,Wallet,Failed,Timeout,0,0.22,Low,491.5,1,32316.16,0
TX00709,CUST1283,14554.93,Wallet,Success,None,1,0.81,Low,410.9,18,0.0,1
TX00710,CUST0656,15079.39,Wallet,Success,Authentication_Failed,1,0.97,Medium,100.5,23,0.0,1
TX00711,CUST0471,44581.76,Wallet,Success,Timeout,2,0.47,Medium,143.4,15,0.0,1
TX00712,CUST0971,878.97,Card,Success,Timeout,1,0.72,Low,178.5,25,0.0,1
TX00713,CUST1036,16271.78,Wallet,Overdue,Insufficient_Funds,3,0.65,Medium,83.0,29,16271.78,0
TX00714,CUST1354,27806.96,NetBanking,Abandoned,Insufficient_Funds,3,0.81,High,179.7,23,27806.96,0
TX00715,CUST0736,7581.23,Card,Success,Authentication_Failed,0,0.89,Low,439.9,2,0.0,1
TX00716,CUST0784,4786.52,UPI,Success,Bank_Decline,0,0.68,Medium,152.4,28,0.0,1
TX00717,CUST0968,40800.76,Card,Success,None,1,0.85,Low,502.9,9,0.0,1
TX00718,CUST0358,44741.34,UPI,Success,Network_Error,1,0.45,Medium,287.0,11,0.0,1
TX00719,CUST0972,41215.6,UPI,Abandoned,None,3,0.38,Low,200.5,22,41215.6,0
TX00720,CUST1432,44959.64,NetBanking,Success,Network_Error,0,0.54,Low,253.3,29,0.0,1
TX00721,CUST0668,27744.98,Wallet,Success,Authentication_Failed,1,0.74,Medium,428.6,26,0.0,1
TX00722,CUST0373,40650.45,Wallet,Subscription_Failed,Bank_Decline,3,0.35,Medium,314.9,28,40650.45,0
TX00723,CUST1032,19325.32,Card,Subscription_Failed,Bank_Decline,0,0.74,Low,14.3,1,19325.32,0
TX00724,CUST1146,33380.14,Wallet,Success,Bank_Decline,3,0.52,Low,554.2,24,0.0,1
TX00725,CUST1372,49444.01,NetBanking,Success,Insufficient_Funds,3,0.84,Low,48.9,28,0.0,1
TX00726,CUST0676,11441.24,Card,Success,Authentication_Failed,0,0.23,Medium,563.8,28,0.0,1
TX00727,CUST0090,19617.01,Card,Failed,Network_Error,3,0.73,Medium,26.6,7,19617.01,0
TX00728,CUST0698,24106.36,Card,Overdue,Bank_Decline,1,0.72,Medium,464.9,24,24106.36,0
TX00729,CUST1340,7073.17,Wallet,Success,Authentication_Failed,3,0.95,Medium,325.5,8,0.0,1
TX00730,CUST1202,4235.72,Wallet,Success,None,1,0.77,Medium,308.4,22,0.0,1
TX00731,CUST0540,41520.2,Wallet,Subscription_Failed,Network_Error,2,0.84,Medium,52.9,19,41520.2,0
TX00732,CUST0732,48844.36,Card,Abandoned,Insufficient_Funds,2,0.92,Medium,150.9,11,48844.36,0
TX00733,CUST0869,20355.31,Card,Overdue,Timeout,2,0.74,Medium,468.8,27,20355.31,0
TX00734,CUST0041,4564.96,UPI,Success,Network_Error,3,0.43,High,535.8,4,0.0,1
TX00735,CUST0740,3477.43,UPI,Success,None,2,0.9,Low,322.2,22,0.0,1
TX00736,CUST0502,44587.65,Wallet,Success,Network_Error,2,0.8,Low,218.5,12,0.0,1
TX00737,CUST0959,23297.95,Card,Success,Network_Error,3,0.54,Low,45.4,4,0.0,1
TX00738,CUST1169,16137.36,Wallet,Failed,Timeout,0,0.77,Medium,412.5,27,16137.36,0
TX00739,CUST1225,23927.77,Wallet,Success,Bank_Decline,3,0.89,Low,174.3,25,0.0,1
TX00740,CUST0929,16051.54,UPI,Success,None,1,0.98,Low,42.5,14,0.0,1
TX00741,CUST0461,24553.98,NetBanking,Subscription_Failed,Timeout,3,0.96,High,402.9,23,24553.98,0
TX00742,CUST0732,43005.91,Wallet,Success,Network_Error,0,0.46,High,296.6,20,0.0,1
TX00743,CUST0752,29696.61,NetBanking,Abandoned,None,2,0.54,High,17.1,4,29696.61,0
TX00744,CUST0925,34793.76,NetBanking,Success,Insufficient_Funds,3,0.29,Low,75.4,4,0.0,1
TX00745,CUST0909,18360.6,Card,Abandoned,Network_Error,2,0.4,High,422.5,3,18360.6,0
TX00746,CUST1277,36977.59,Card,Success,Insufficient_Funds,1,0.91,Low,47.6,26,0.0,1
TX00747,CUST0390,33397.53,Wallet,Abandoned,Authentication_Failed,0,0.49,Low,520.9,27,33397.53,0
TX00748,CUST0883,6154.19,UPI,Success,Insufficient_Funds,2,0.7,Low,193.7,26,0.0,1
TX00749,CUST0256,28717.61,UPI,Success,Network_Error,2,0.73,Medium,62.3,27,0.0,1
TX00750,CUST0709,12985.83,Wallet,Abandoned,Timeout,2,0.83,Low,458.3,22,12985.83,0
TX00751,CUST0450,40243.96,Wallet,Success,Network_Error,2,0.35,Medium,319.4,15,0.0,1
TX00752,CUST0010,21411.7,UPI,Success,Network_Error,3,0.44,Medium,190.9,17,0.0,1
TX00753,CUST0824,49735.27,NetBanking,Subscription_Failed,Authentication_Failed,0,0.56,Low,249.6,9,49735.27,1
TX00754,CUST0798,4806.52,Wallet,Subscription_Failed,Bank_Decline,0,0.49,Low,22.6,28,4806.52,0
TX00755,CUST1266,39061.32,NetBanking,Success,Network_Error,2,0.99,Low,401.0,19,0.0,1
TX00756,CUST1275,33750.35,Wallet,Success,Authentication_Failed,0,0.87,High,225.8,26,0.0,1
TX00757,CUST0877,38421.44,Wallet,Success,Timeout,2,0.58,Low,431.3,2,0.0,1
TX00758,CUST1029,15514.98,NetBanking,Success,Authentication_Failed,1,0.9,Low,380.6,9,0.0,1
TX00759,CUST1143,24704.31,NetBanking,Overdue,Authentication_Failed,1,0.48,Low,394.2,12,24704.31,0
TX00760,CUST1016,39866.12,UPI,Failed,Insufficient_Funds,1,0.83,High,477.8,23,39866.12,0
TX00761,CUST0374,11780.56,Wallet,Success,Bank_Decline,0,0.38,Low,382.4,22,0.0,1
TX00762,CUST1089,11456.45,Card,Overdue,Bank_Decline,2,0.82,Low,257.0,2,11456.45,0
TX00763,CUST0146,27642.34,Card,Failed,None,3,0.57,Low,240.1,3,27642.34,0
TX00764,CUST0224,26273.47,Wallet,Failed,Timeout,3,0.29,High,80.6,12,26273.47,0
TX00765,CUST1263,14256.67,Wallet,Success,None,1,0.42,Low,469.9,13,0.0,1
TX00766,CUST0177,15044.17,Wallet,Success,Authentication_Failed,1,0.52,Medium,459.1,3,0.0,1
TX00767,CUST0853,14036.69,NetBanking,Failed,Timeout,0,0.8,Low,155.3,11,14036.69,0
TX00768,CUST1306,38621.3,Card,Success,Timeout,3,0.26,High,519.0,15,0.0,1
TX00769,CUST0063,32664.66,Card,Success,Bank_Decline,0,0.73,Medium,357.5,9,0.0,1
TX00770,CUST1241,41654.38,Card,Success,Bank_Decline,1,0.77,Medium,292.4,22,0.0,1
TX00771,CUST0827,48778.56,Wallet,Success,Bank_Decline,2,0.72,Low,20.3,23,0.0,1
TX00772,CUST0795,23813.38,NetBanking,Success,Network_Error,2,0.81,Low,235.8,19,0.0,1
TX00773,CUST0689,3521.36,Wallet,Failed,Authentication_Failed,2,0.34,Low,388.0,23,3521.36,0
TX00774,CUST1485,2595.0,UPI,Success,Timeout,1,0.67,Medium,63.0,16,0.0,1
TX00775,CUST0105,14924.12,UPI,Success,Authentication_Failed,0,0.95,High,281.1,28,0.0,1
TX00776,CUST1123,46640.72,Card,Failed,Timeout,2,0.69,Low,596.1,24,46640.72,0
TX00777,CUST0511,26256.01,Wallet,Success,Timeout,3,0.69,High,432.8,6,0.0,1
TX00778,CUST0385,13734.97,UPI,Success,None,3,0.79,Low,332.7,3,0.0,1
TX00779,CUST0405,20078.51,UPI,Abandoned,Timeout,1,0.47,High,324.5,23,20078.51,0
TX00780,CUST0823,30010.04,Wallet,Success,Timeout,3,0.76,Low,35.8,11,0.0,1
TX00781,CUST0518,32716.89,NetBanking,Abandoned,Insufficient_Funds,3,0.93,Low,574.8,9,32716.89,0
TX00782,CUST0476,7865.19,Wallet,Abandoned,Insufficient_Funds,1,0.21,Low,557.6,1,7865.19,0
TX00783,CUST0709,48856.18,Wallet,Success,None,0,0.9,Medium,412.6,13,0.0,1
TX00784,CUST0771,27329.66,NetBanking,Success,Network_Error,2,0.37,Medium,68.4,7,0.0,1
TX00785,CUST1461,6957.28,Card,Overdue,Bank_Decline,1,0.56,Low,132.6,9,6957.28,0
TX00786,CUST1047,44703.04,Card,Success,Timeout,3,0.88,Medium,118.5,5,0.0,1
TX00787,CUST0997,3916.99,Card,Abandoned,Authentication_Failed,2,0.86,Low,316.6,22,3916.99,0
TX00788,CUST0677,45405.22,NetBanking,Failed,Insufficient_Funds,2,0.91,Low,132.6,22,45405.22,0
TX00789,CUST0714,49828.97,UPI,Success,Bank_Decline,2,0.95,Low,420.5,1,0.0,1
TX00790,CUST1482,35081.5,NetBanking,Success,Network_Error,1,0.56,Medium,331.7,13,0.0,1
TX00791,CUST0083,38568.27,Wallet,Success,Bank_Decline,2,0.73,Medium,20.4,10,0.0,1
TX00792,CUST1169,16997.68,NetBanking,Success,Timeout,0,0.51,Medium,449.0,1,0.0,1
TX00793,CUST1109,47090.53,UPI,Failed,Bank_Decline,3,0.48,Medium,121.4,3,47090.53,0
TX00794,CUST1102,26579.76,UPI,Subscription_Failed,Timeout,1,0.55,Low,496.7,5,26579.76,0
TX00795,CUST0457,36672.94,Wallet,Abandoned,None,1,0.79,Medium,219.5,3,36672.94,1
TX00796,CUST0001,46220.56,Card,Success,Insufficient_Funds,2,0.6,Low,209.8,21,0.0,1
TX00797,CUST0051,48763.96,UPI,Subscription_Failed,Insufficient_Funds,3,0.85,Medium,17.0,4,48763.96,1
TX00798,CUST0685,41693.58,UPI,Subscription_Failed,Timeout,2,0.8,Low,592.8,5,41693.58,0
TX00799,CUST0717,15290.27,UPI,Subscription_Failed,Authentication_Failed,2,0.22,Medium,371.1,8,15290.27,0
TX00800,CUST1470,48334.07,Wallet,Success,Insufficient_Funds,1,0.7,Medium,259.4,21,0.0,1
TX00801,CUST0449,31480.35,UPI,Abandoned,Authentication_Failed,0,0.55,Low,67.0,21,31480.35,0
TX00802,CUST0881,46546.0,Card,Failed,Timeout,3,0.57,Medium,422.5,15,46546.0,1
TX00803,CUST0488,33870.03,Wallet,Success,None,3,0.85,Low,176.8,10,0.0,1
TX00804,CUST0034,15500.5,Card,Overdue,Timeout,3,0.64,Low,593.1,10,15500.5,0
TX00805,CUST1372,18627.22,UPI,Success,None,3,0.91,Medium,570.8,23,0.0,1
TX00806,CUST0095,27613.49,UPI,Success,Insufficient_Funds,0,0.77,Medium,443.8,30,0.0,1
TX00807,CUST1096,39542.74,Card,Subscription_Failed,Authentication_Failed,1,0.64,Low,582.9,20,39542.74,0
TX00808,CUST0154,16035.53,Wallet,Success,Timeout,0,0.8,Low,72.3,20,0.0,1
TX00809,CUST0250,29070.61,Wallet,Subscription_Failed,Insufficient_Funds,2,0.23,Medium,175.2,9,29070.61,0
TX00810,CUST0674,17412.12,Card,Failed,None,1,0.22,Medium,159.4,28,17412.12,1
TX00811,CUST0438,40825.32,UPI,Success,Timeout,0,0.27,Low,52.5,26,0.0,1
TX00812,CUST0118,23443.06,NetBanking,Success,None,3,0.55,High,583.6,0,0.0,1
TX00813,CUST0771,4020.8,Card,Abandoned,Bank_Decline,3,0.39,Medium,45.4,21,4020.8,0
TX00814,CUST1330,8469.42,Card,Failed,None,1,0.99,Low,515.4,16,8469.42,1
TX00815,CUST0268,3243.01,Card,Overdue,Bank_Decline,0,0.63,Low,463.2,26,3243.01,0
TX00816,CUST1078,25065.29,UPI,Subscription_Failed,Insufficient_Funds,1,0.73,Low,231.8,7,25065.29,0
TX00817,CUST0236,5495.6,Wallet,Success,Timeout,3,0.42,Medium,21.1,25,0.0,1
TX00818,CUST0389,5884.17,UPI,Success,Insufficient_Funds,0,0.46,Low,13.6,15,0.0,1
TX00819,CUST0990,47064.2,Card,Overdue,Network_Error,3,0.47,High,130.4,24,47064.2,0
TX00820,CUST0763,43658.22,UPI,Success,None,1,0.76,Low,301.4,5,0.0,1
TX00821,CUST0401,22713.91,UPI,Success,Insufficient_Funds,1,0.58,Medium,280.2,13,0.0,1
TX00822,CUST0624,49293.1,Card,Abandoned,Insufficient_Funds,1,0.61,Low,355.3,24,49293.1,0
TX00823,CUST0767,209.29,UPI,Subscription_Failed,Bank_Decline,1,0.67,High,465.5,1,209.29,0
TX00824,CUST1327,30776.18,NetBanking,Failed,None,1,0.82,Medium,232.6,8,30776.18,0
TX00825,CUST0919,30898.12,UPI,Success,Bank_Decline,2,0.27,Low,104.6,3,0.0,1
TX00826,CUST1231,22980.66,UPI,Failed,Timeout,1,0.82,High,482.0,30,22980.66,1
TX00827,CUST1253,19968.01,Wallet,Failed,Insufficient_Funds,1,0.65,Low,206.3,18,19968.01,0
TX00828,CUST0853,22878.08,Wallet,Subscription_Failed,None,3,0.74,Medium,179.3,16,22878.08,1
TX00829,CUST0578,20865.03,Card,Overdue,Insufficient_Funds,1,0.46,Medium,460.9,0,20865.03,0
TX00830,CUST0075,36578.53,Card,Success,Timeout,0,0.53,Medium,561.1,23,0.0,1
TX00831,CUST0435,6940.7,Wallet,Abandoned,Authentication_Failed,1,0.38,High,549.8,1,6940.7,1
TX00832,CUST0103,10042.43,NetBanking,Overdue,Timeout,2,0.98,High,91.1,16,10042.43,1
TX00833,CUST1446,9189.81,UPI,Success,Bank_Decline,1,0.6,High,306.9,1,0.0,1
TX00834,CUST0764,13271.04,NetBanking,Success,Bank_Decline,3,1.0,Low,64.8,2,0.0,1
TX00835,CUST0738,26357.87,NetBanking,Subscription_Failed,Insufficient_Funds,0,0.59,Low,577.0,3,26357.87,0
TX00836,CUST0806,5738.2,Wallet,Success,Bank_Decline,0,0.38,Medium,137.0,12,0.0,1
TX00837,CUST1330,43434.83,Card,Success,None,1,0.61,Medium,126.5,26,0.0,1
TX00838,CUST0098,15008.6,UPI,Success,Timeout,1,0.23,Medium,534.4,24,0.0,1
TX00839,CUST0798,8294.39,Card,Success,Insufficient_Funds,1,0.92,Low,581.0,22,0.0,1
TX00840,CUST1359,33845.94,NetBanking,Success,Timeout,1,0.85,Medium,421.6,11,0.0,1
TX00841,CUST0859,2096.7,NetBanking,Success,Timeout,3,0.78,High,81.4,20,0.0,1
TX00842,CUST0435,31074.43,Card,Overdue,Insufficient_Funds,3,0.69,Low,296.7,4,31074.43,0
TX00843,CUST0447,34970.28,Card,Failed,Authentication_Failed,0,0.66,Low,491.8,13,34970.28,1
TX00844,CUST1332,10902.84,Wallet,Failed,Bank_Decline,1,1.0,Low,347.8,5,10902.84,0
TX00845,CUST0249,2289.81,Card,Success,Network_Error,3,0.42,Low,88.2,0,0.0,1
TX00846,CUST0166,18309.54,Card,Abandoned,Network_Error,3,0.82,Medium,111.4,15,18309.54,0
TX00847,CUST0984,5109.99,Wallet,Abandoned,Network_Error,0,0.67,High,519.8,5,5109.99,1
TX00848,CUST1359,6000.6,Card,Failed,Bank_Decline,0,0.98,Low,320.9,12,6000.6,0
TX00849,CUST1020,12862.21,NetBanking,Success,Authentication_Failed,2,0.86,Medium,426.4,12,0.0,1
TX00850,CUST0542,14914.3,Card,Success,Timeout,3,1.0,Medium,230.1,10,0.0,1
TX00851,CUST0759,26592.52,UPI,Subscription_Failed,Insufficient_Funds,0,0.67,Low,324.2,15,26592.52,0
TX00852,CUST1130,33983.92,NetBanking,Failed,Authentication_Failed,3,0.36,Medium,586.5,21,33983.92,0
TX00853,CUST0081,29719.99,Wallet,Abandoned,Network_Error,3,0.6,Medium,204.5,13,29719.99,0
TX00854,CUST0133,7588.34,NetBanking,Failed,None,1,0.77,Medium,408.1,10,7588.34,0
TX00855,CUST0797,8769.88,Wallet,Success,Bank_Decline,1,0.82,Low,111.8,4,0.0,1
TX00856,CUST0900,43962.71,UPI,Abandoned,Bank_Decline,1,0.2,Medium,81.8,25,43962.71,0
TX00857,CUST0138,28005.95,UPI,Success,Insufficient_Funds,1,0.6,Low,472.3,24,0.0,1
TX00858,CUST0184,43522.9,NetBanking,Failed,None,3,0.39,Low,508.0,25,43522.9,0
TX00859,CUST1425,18703.02,Card,Overdue,Timeout,2,0.9,Low,404.3,9,18703.02,0
TX00860,CUST1354,30797.12,NetBanking,Abandoned,Authentication_Failed,2,0.32,Low,103.3,20,30797.12,0
TX00861,CUST0785,26278.44,NetBanking,Success,None,2,0.73,Low,151.9,24,0.0,1
TX00862,CUST0984,16092.35,UPI,Success,Authentication_Failed,3,0.41,Low,547.6,25,0.0,1
TX00863,CUST0069,23601.79,Wallet,Failed,Authentication_Failed,2,0.49,Medium,180.3,14,23601.79,0
TX00864,CUST0546,25224.05,NetBanking,Subscription_Failed,Timeout,3,0.95,Medium,493.1,6,25224.05,1
TX00865,CUST0053,10198.39,Card,Failed,Timeout,0,0.39,Low,178.7,30,10198.39,1
TX00866,CUST1474,15887.52,UPI,Success,Timeout,2,0.28,Low,564.3,2,0.0,1
TX00867,CUST0205,39612.21,NetBanking,Success,Insufficient_Funds,3,0.26,Medium,549.5,10,0.0,1
TX00868,CUST0126,45806.25,NetBanking,Failed,Bank_Decline,0,0.6,Low,35.5,8,45806.25,0
TX00869,CUST0043,18117.75,Card,Failed,Network_Error,1,0.71,Low,464.5,9,18117.75,0
TX00870,CUST0111,15487.22,NetBanking,Overdue,Timeout,0,0.46,Medium,110.0,22,15487.22,0
TX00871,CUST0761,9920.82,NetBanking,Success,Bank_Decline,0,0.75,Low,137.0,3,0.0,1
TX00872,CUST1207,33988.86,NetBanking,Abandoned,Timeout,2,0.25,Low,281.3,29,33988.86,0
TX00873,CUST0848,16290.37,NetBanking,Success,Network_Error,1,0.89,Low,350.0,27,0.0,1
TX00874,CUST0095,49389.93,Card,Failed,None,1,0.85,Low,202.2,24,49389.93,0
TX00875,CUST1398,16419.1,NetBanking,Abandoned,Timeout,2,0.99,High,349.5,21,16419.1,1
TX00876,CUST0900,19827.98,NetBanking,Success,Bank_Decline,0,0.95,Low,110.7,24,0.0,1
TX00877,CUST0360,30246.04,NetBanking,Success,Insufficient_Funds,3,0.48,Medium,23.2,19,0.0,1
TX00878,CUST0900,40123.88,UPI,Abandoned,None,2,0.52,Medium,347.0,25,40123.88,0
TX00879,CUST0281,23582.03,Card,Failed,None,0,0.8,Low,315.3,17,23582.03,1
TX00880,CUST1219,21248.27,UPI,Success,None,3,0.31,Low,416.9,28,0.0,1
TX00881,CUST1219,49782.76,UPI,Success,Network_Error,2,0.45,Medium,393.4,13,0.0,1
TX00882,CUST0667,722.58,Card,Failed,Bank_Decline,2,0.29,High,539.5,8,722.58,0
TX00883,CUST0093,44774.25,UPI,Subscription_Failed,Authentication_Failed,1,0.56,Low,281.1,25,44774.25,0
TX00884,CUST0672,7627.21,UPI,Success,Authentication_Failed,1,0.64,Low,14.9,27,0.0,1
TX00885,CUST0061,39339.08,UPI,Abandoned,Authentication_Failed,1,0.37,Medium,382.1,29,39339.08,0
TX00886,CUST0634,30972.99,Card,Success,Insufficient_Funds,3,0.22,Low,408.3,19,0.0,1
TX00887,CUST1075,17223.99,NetBanking,Success,Timeout,2,0.78,Low,317.7,15,0.0,1
TX00888,CUST1427,43718.97,Wallet,Success,Timeout,1,0.22,Low,416.7,26,0.0,1
TX00889,CUST1029,842.78,Wallet,Subscription_Failed,Timeout,1,0.98,Low,200.9,1,842.78,1
TX00890,CUST1490,11489.19,Card,Success,Insufficient_Funds,2,0.38,Low,97.8,22,0.0,1
TX00891,CUST0604,28431.26,Wallet,Abandoned,Authentication_Failed,3,0.73,Low,402.1,6,28431.26,1
TX00892,CUST0682,17706.8,Card,Success,None,1,0.55,Medium,154.7,4,0.0,1
TX00893,CUST0534,30596.8,Card,Overdue,Timeout,0,0.25,Medium,279.2,20,30596.8,0
TX00894,CUST1429,1400.69,Wallet,Subscription_Failed,None,3,0.58,Low,300.1,23,1400.69,0
TX00895,CUST0838,5999.65,UPI,Abandoned,None,1,0.61,Low,291.5,21,5999.65,0
TX00896,CUST0645,6529.39,NetBanking,Subscription_Failed,Insufficient_Funds,0,0.88,Medium,363.1,16,6529.39,0
TX00897,CUST0233,9626.33,Wallet,Failed,Insufficient_Funds,1,0.79,Low,27.4,10,9626.33,0
TX00898,CUST0524,23074.71,Wallet,Subscription_Failed,Bank_Decline,3,0.26,Low,593.9,29,23074.71,0
TX00899,CUST0346,37656.01,Wallet,Success,Timeout,2,0.37,Low,432.6,27,0.0,1
TX00900,CUST1070,45295.83,Wallet,Success,Authentication_Failed,2,0.45,Low,261.0,3,0.0,1
TX00901,CUST0546,41801.55,Card,Failed,Network_Error,3,0.29,High,122.9,16,41801.55,1
TX00902,CUST1102,10005.02,Card,Success,Insufficient_Funds,1,0.57,Medium,57.3,20,0.0,1
TX00903,CUST1097,22169.3,NetBanking,Success,None,3,0.99,Low,406.6,4,0.0,1
TX00904,CUST0794,10130.7,NetBanking,Success,Bank_Decline,0,0.61,Medium,197.0,3,0.0,1
TX00905,CUST0249,13370.7,Wallet,Success,Network_Error,1,0.79,Low,145.4,30,0.0,1
TX00906,CUST0047,25276.64,Wallet,Failed,Insufficient_Funds,3,0.75,Low,234.2,24,25276.64,0
TX00907,CUST1145,3591.83,Wallet,Success,Bank_Decline,2,0.88,Low,359.8,23,0.0,1
TX00908,CUST0214,11065.08,NetBanking,Overdue,None,3,0.37,Medium,406.3,29,11065.08,0
TX00909,CUST0239,46781.83,Wallet,Subscription_Failed,Timeout,1,0.8,Low,390.7,9,46781.83,0
TX00910,CUST1080,23412.59,UPI,Overdue,Bank_Decline,3,0.91,Low,519.3,29,23412.59,0
TX00911,CUST0350,22380.25,NetBanking,Success,Insufficient_Funds,2,0.34,Low,139.1,2,0.0,1
TX00912,CUST0107,925.44,UPI,Success,Timeout,0,0.48,Low,385.7,20,0.0,1
TX00913,CUST0831,12520.51,Wallet,Overdue,None,3,0.98,Medium,69.7,5,12520.51,0
TX00914,CUST0048,43341.36,Card,Subscription_Failed,Authentication_Failed,3,0.82,Medium,333.3,20,43341.36,1
TX00915,CUST0337,8398.5,UPI,Abandoned,Bank_Decline,0,0.43,Medium,354.5,7,8398.5,1
TX00916,CUST1050,20873.22,NetBanking,Success,Network_Error,3,0.65,Medium,137.6,4,0.0,1
TX00917,CUST0804,913.68,UPI,Failed,None,2,0.52,High,241.1,7,913.68,0
TX00918,CUST1281,24021.11,NetBanking,Abandoned,Timeout,0,0.59,Low,498.0,9,24021.11,0
TX00919,CUST0008,1246.85,Wallet,Success,None,2,0.48,Low,97.6,30,0.0,1
TX00920,CUST0625,41016.56,UPI,Failed,Timeout,2,0.42,Low,266.4,25,41016.56,0
TX00921,CUST1277,41277.72,Card,Abandoned,None,2,0.74,Low,560.3,29,41277.72,0
TX00922,CUST0719,39429.56,UPI,Failed,Authentication_Failed,1,0.82,Low,307.4,18,39429.56,1
TX00923,CUST0303,14311.53,Card,Success,Bank_Decline,0,0.9,Low,437.8,20,0.0,1
TX00924,CUST0639,41894.41,NetBanking,Failed,Network_Error,1,0.32,Low,497.9,3,41894.41,1
TX00925,CUST0056,27241.31,Wallet,Overdue,Authentication_Failed,1,0.86,Medium,130.2,28,27241.31,0
TX00926,CUST0726,18815.64,Wallet,Failed,Bank_Decline,3,0.4,High,138.7,26,18815.64,0
TX00927,CUST0526,31341.43,Card,Abandoned,Network_Error,0,0.54,Low,457.6,5,31341.43,1
TX00928,CUST0474,814.58,NetBanking,Failed,None,3,0.92,Low,454.5,2,814.58,1
TX00929,CUST0028,7319.45,Wallet,Failed,Network_Error,1,0.56,Medium,45.5,27,7319.45,1
TX00930,CUST0078,37166.22,NetBanking,Failed,Insufficient_Funds,3,0.36,Low,200.3,25,37166.22,0
TX00931,CUST1240,12359.25,Card,Success,Network_Error,2,0.33,Low,245.1,3,0.0,1
TX00932,CUST1410,29980.85,Card,Success,Bank_Decline,1,0.58,Low,499.1,26,0.0,1
TX00933,CUST0365,19378.11,UPI,Success,Authentication_Failed,2,0.81,Medium,258.9,3,0.0,1
TX00934,CUST0666,42769.33,Wallet,Success,Authentication_Failed,0,1.0,Medium,556.3,4,0.0,1
TX00935,CUST0526,47630.28,Wallet,Success,Insufficient_Funds,3,0.83,Medium,598.0,26,0.0,1
TX00936,CUST0699,44201.52,UPI,Success,Bank_Decline,1,0.9,Low,470.6,14,0.0,1
TX00937,CUST1336,13676.88,Card,Subscription_Failed,Network_Error,0,0.8,Low,403.2,15,13676.88,0
TX00938,CUST0883,9869.31,Card,Success,Insufficient_Funds,2,0.92,Low,241.2,5,0.0,1
TX00939,CUST1031,23826.86,Card,Success,None,3,0.26,High,49.6,17,0.0,1
TX00940,CUST1027,565.24,Card,Success,Timeout,3,0.94,Medium,348.2,25,0.0,1
TX00941,CUST0919,1485.31,NetBanking,Failed,None,1,0.52,Low,223.4,11,1485.31,0
TX00942,CUST0750,27753.87,Wallet,Success,Bank_Decline,3,0.94,Medium,217.0,23,0.0,1
TX00943,CUST0363,26118.38,Wallet,Success,Insufficient_Funds,3,0.26,Low,415.7,19,0.0,1
TX00944,CUST1298,49730.18,Card,Success,Authentication_Failed,2,0.77,High,283.5,6,0.0,1
TX00945,CUST0806,10251.72,Card,Subscription_Failed,Insufficient_Funds,2,0.79,Medium,453.7,22,10251.72,0
TX00946,CUST0739,13053.58,Card,Overdue,Timeout,2,1.0,Low,244.9,11,13053.58,0
TX00947,CUST1039,5854.32,Wallet,Overdue,Bank_Decline,0,0.82,Medium,99.0,13,5854.32,0
TX00948,CUST1216,45893.64,Wallet,Success,Insufficient_Funds,0,0.51,Low,282.2,12,0.0,1
TX00949,CUST0485,38935.0,Card,Failed,None,3,0.65,Low,571.1,25,38935.0,0
TX00950,CUST0028,41152.49,NetBanking,Failed,Network_Error,0,0.49,Medium,482.9,10,41152.49,0
TX00951,CUST0714,45157.64,UPI,Success,None,1,0.36,Medium,131.4,10,0.0,1
TX00952,CUST1063,26340.02,UPI,Success,Bank_Decline,2,0.4,Low,240.9,1,0.0,1
TX00953,CUST1297,22669.42,UPI,Success,Insufficient_Funds,0,0.38,Medium,557.4,13,0.0,1
TX00954,CUST1255,16653.5,Wallet,Abandoned,None,3,0.64,Medium,83.0,14,16653.5,1
TX00955,CUST0086,29542.89,Wallet,Success,Insufficient_Funds,2,0.92,Low,159.8,22,0.0,1
TX00956,CUST1498,22823.06,UPI,Success,None,0,0.93,Low,164.7,27,0.0,1
TX00957,CUST0126,22687.97,UPI,Success,Bank_Decline,2,0.24,Medium,346.9,0,0.0,1
TX00958,CUST0812,46859.01,NetBanking,Failed,Authentication_Failed,0,0.26,Low,252.3,11,46859.01,0
TX00959,CUST0537,49204.77,Wallet,Abandoned,None,3,0.4,High,57.1,13,49204.77,0
TX00960,CUST0145,39864.92,Wallet,Failed,Network_Error,0,0.4,Low,381.2,17,39864.92,0
TX00961,CUST1236,37886.55,UPI,Failed,None,0,0.28,Low,68.5,20,37886.55,0
TX00962,CUST0025,34091.8,NetBanking,Success,Bank_Decline,0,0.51,Low,367.8,23,0.0,1
TX00963,CUST1418,8470.53,NetBanking,Success,None,2,0.67,Medium,309.1,27,0.0,1
TX00964,CUST0067,3143.47,UPI,Success,Network_Error,0,0.66,Medium,301.3,22,0.0,1
TX00965,CUST0233,34598.17,UPI,Overdue,Network_Error,0,0.63,Low,49.8,2,34598.17,0
TX00966,CUST0109,36493.55,Wallet,Overdue,Bank_Decline,0,0.47,Low,387.1,28,36493.55,0
TX00967,CUST1170,2539.25,UPI,Abandoned,Insufficient_Funds,2,0.77,Medium,264.5,25,2539.25,0
TX00968,CUST0111,46416.98,Card,Success,None,3,0.86,Low,252.6,30,0.0,1
TX00969,CUST0228,4738.8,NetBanking,Success,Authentication_Failed,3,0.48,Low,361.9,24,0.0,1
TX00970,CUST0111,14437.85,UPI,Success,Network_Error,3,0.27,Low,367.7,11,0.0,1
TX00971,CUST1494,33685.01,Card,Subscription_Failed,Network_Error,0,0.44,Low,18.9,28,33685.01,0
TX00972,CUST0034,8659.66,NetBanking,Failed,None,2,0.31,Low,83.9,4,8659.66,0
TX00973,CUST0623,2959.71,Card,Subscription_Failed,Insufficient_Funds,3,0.57,Low,149.5,2,2959.71,0
TX00974,CUST1393,16691.1,Card,Failed,None,3,0.32,Low,410.0,6,16691.1,0
TX00975,CUST0748,38345.38,UPI,Success,Bank_Decline,3,0.57,Medium,350.3,15,0.0,1
TX00976,CUST0595,20801.2,NetBanking,Success,Authentication_Failed,1,0.38,Low,457.0,19,0.0,1
TX00977,CUST0425,32718.05,Card,Success,None,2,0.79,Medium,447.0,16,0.0,1
TX00978,CUST0613,29065.03,Wallet,Failed,Network_Error,1,0.22,Medium,513.4,20,29065.03,0
TX00979,CUST0692,1306.48,NetBanking,Success,Network_Error,0,0.64,Low,232.3,26,0.0,1
TX00980,CUST1306,49429.29,Wallet,Abandoned,Bank_Decline,3,0.34,Medium,213.6,7,49429.29,1
TX00981,CUST1344,2263.12,UPI,Failed,Insufficient_Funds,0,0.2,Low,500.3,14,2263.12,0
TX00982,CUST1467,48396.58,Wallet,Success,None,2,0.9,Low,150.2,27,0.0,1
TX00983,CUST0315,27583.24,NetBanking,Success,Timeout,0,0.74,High,282.1,19,0.0,1
TX00984,CUST0877,48165.32,Card,Success,Insufficient_Funds,0,0.28,Medium,124.7,14,0.0,1
TX00985,CUST1401,5914.73,Card,Abandoned,Network_Error,3,0.73,High,549.2,22,5914.73,0
TX00986,CUST1313,24622.34,NetBanking,Success,None,2,0.69,Medium,250.6,30,0.0,1
TX00987,CUST1461,8641.3,Card,Success,Network_Error,0,0.58,Low,135.4,7,0.0,1
TX00988,CUST0662,2738.55,Wallet,Subscription_Failed,Authentication_Failed,1,0.54,Low,418.3,24,2738.55,0
TX00989,CUST0277,30952.95,Card,Failed,Insufficient_Funds,3,0.91,Low,154.3,10,30952.95,0
TX00990,CUST0624,10547.61,Card,Success,Timeout,1,0.4,Medium,566.7,30,0.0,1
TX00991,CUST0516,29467.31,Wallet,Abandoned,Authentication_Failed,3,0.52,High,226.9,24,29467.31,0
TX00992,CUST1374,5795.75,Wallet,Abandoned,Timeout,0,0.46,Medium,402.1,20,5795.75,0
TX00993,CUST0843,16732.93,Wallet,Failed,Authentication_Failed,3,0.82,Low,213.7,21,16732.93,0
TX00994,CUST1470,39125.3,UPI,Success,Insufficient_Funds,0,0.93,Low,486.3,22,0.0,1
TX00995,CUST0350,21965.17,Wallet,Success,Network_Error,1,0.88,Medium,539.2,9,0.0,1
TX00996,CUST0823,31461.72,Wallet,Abandoned,Timeout,0,0.84,High,474.9,17,31461.72,1
TX00997,CUST1161,32443.41,UPI,Success,Insufficient_Funds,3,0.99,Low,510.6,8,0.0,1
TX00998,CUST0759,42219.0,Card,Failed,Timeout,3,0.76,Low,70.1,15,42219.0,1
TX00999,CUST0899,16381.16,Wallet,Subscription_Failed,Insufficient_Funds,3,0.8,Low,555.2,0,16381.16,0
TX01000,CUST0243,34427.32,NetBanking,Subscription_Failed,Authentication_Failed,1,0.99,Low,378.3,29,34427.32,0
TX01001,CUST0543,48088.47,Wallet,Success,Insufficient_Funds,2,0.21,Medium,522.8,21,0.0,1
TX01002,CUST1064,36566.12,Wallet,Success,Authentication_Failed,1,0.71,Low,413.8,5,0.0,1
TX01003,CUST0229,24595.55,UPI,Success,Network_Error,0,0.79,Medium,129.1,29,0.0,1
TX01004,CUST0548,31609.73,NetBanking,Abandoned,Authentication_Failed,0,0.93,Low,369.6,22,31609.73,1
TX01005,CUST0920,37036.21,Card,Success,Bank_Decline,1,0.91,Low,63.7,1,0.0,1
TX01006,CUST1247,30691.33,Card,Success,Network_Error,1,0.87,Low,420.5,12,0.0,1
TX01007,CUST0006,1030.46,NetBanking,Success,None,0,0.96,Medium,251.3,21,0.0,1
TX01008,CUST1346,9899.72,Wallet,Success,None,0,0.63,Medium,99.5,5,0.0,1
TX01009,CUST0468,40561.32,UPI,Success,Insufficient_Funds,0,0.21,Low,587.7,8,0.0,1
TX01010,CUST0075,13778.0,NetBanking,Success,Insufficient_Funds,2,0.21,Low,541.6,13,0.0,1
TX01011,CUST0004,36631.79,NetBanking,Failed,Bank_Decline,2,0.64,Low,537.2,23,36631.79,0
TX01012,CUST0646,18731.59,Card,Success,Insufficient_Funds,1,0.55,Low,475.4,20,0.0,1
TX01013,CUST0118,26189.84,UPI,Success,Network_Error,1,0.56,Medium,418.3,6,0.0,1
TX01014,CUST0881,3585.07,NetBanking,Subscription_Failed,Network_Error,2,0.52,Medium,396.5,22,3585.07,0
TX01015,CUST0504,9225.03,UPI,Subscription_Failed,Authentication_Failed,3,0.93,Low,72.6,4,9225.03,0
TX01016,CUST0947,47868.41,Wallet,Success,Timeout,2,0.49,Medium,541.3,6,0.0,1
TX01017,CUST0574,44528.88,Card,Success,Insufficient_Funds,1,0.88,Medium,529.9,2,0.0,1
TX01018,CUST1465,32683.3,Wallet,Failed,Bank_Decline,2,0.92,Low,451.2,22,32683.3,0
TX01019,CUST0194,23090.3,UPI,Success,None,3,0.6,Low,557.1,12,0.0,1
TX01020,CUST0847,33852.91,Wallet,Success,Network_Error,1,0.56,Medium,336.3,21,0.0,1
TX01021,CUST0715,31006.79,Card,Success,Network_Error,0,0.81,Medium,274.1,30,0.0,1
TX01022,CUST1416,28513.9,UPI,Success,Network_Error,1,0.77,Low,581.1,11,0.0,1
TX01023,CUST1050,3147.02,NetBanking,Failed,Timeout,2,0.46,Medium,283.8,5,3147.02,0
TX01024,CUST1459,31713.57,Wallet,Subscription_Failed,Timeout,2,0.28,Low,388.4,1,31713.57,0
TX01025,CUST0173,38492.22,Card,Abandoned,Insufficient_Funds,3,0.41,Medium,230.1,14,38492.22,0
TX01026,CUST1324,49705.27,NetBanking,Success,None,2,0.3,High,385.4,14,0.0,1
TX01027,CUST0326,751.71,Card,Success,Bank_Decline,3,0.44,Medium,434.9,17,0.0,1
TX01028,CUST1434,36562.64,UPI,Failed,Timeout,1,0.41,Medium,378.5,22,36562.64,1
TX01029,CUST1142,28675.11,UPI,Success,Authentication_Failed,2,0.71,Low,313.6,16,0.0,1
TX01030,CUST0836,21815.8,Wallet,Success,Timeout,1,0.96,Medium,187.1,24,0.0,1
TX01031,CUST0724,6552.99,Card,Failed,Network_Error,0,0.75,Medium,389.9,2,6552.99,1
TX01032,CUST0225,20572.44,Card,Subscription_Failed,Bank_Decline,0,0.94,Low,546.0,21,20572.44,1
TX01033,CUST0532,17847.98,Card,Success,Insufficient_Funds,3,0.83,Medium,14.1,2,0.0,1
TX01034,CUST0113,15280.93,UPI,Subscription_Failed,Timeout,2,0.78,High,89.0,27,15280.93,0
TX01035,CUST0140,36597.81,Wallet,Success,Network_Error,1,0.53,Low,80.7,8,0.0,1
TX01036,CUST0559,35096.13,Card,Success,Authentication_Failed,1,0.46,Low,554.7,9,0.0,1
TX01037,CUST0001,29533.2,Card,Success,Authentication_Failed,2,0.88,Medium,401.0,11,0.0,1
TX01038,CUST0090,46945.51,NetBanking,Failed,Insufficient_Funds,1,0.92,Medium,571.6,22,46945.51,0
TX01039,CUST0654,17622.75,Card,Abandoned,Insufficient_Funds,2,0.56,High,353.9,0,17622.75,0
TX01040,CUST0320,12341.34,Wallet,Failed,Timeout,2,0.21,Medium,282.4,3,12341.34,0
TX01041,CUST0139,32863.98,NetBanking,Success,Insufficient_Funds,0,0.83,Medium,477.5,29,0.0,1
TX01042,CUST0845,10100.94,NetBanking,Success,None,2,0.43,Medium,105.0,20,0.0,1
TX01043,CUST0259,15887.52,NetBanking,Failed,None,1,0.21,Low,235.0,22,15887.52,0
TX01044,CUST0902,11385.2,UPI,Success,Network_Error,2,0.84,Medium,285.1,22,0.0,1
TX01045,CUST0690,3643.85,NetBanking,Success,Network_Error,0,0.61,Low,186.1,4,0.0,1
TX01046,CUST0010,41409.44,Card,Overdue,Network_Error,0,0.75,Low,229.1,27,41409.44,1
TX01047,CUST0261,12876.12,UPI,Failed,None,3,0.93,Low,56.1,16,12876.12,0
TX01048,CUST0172,23756.77,UPI,Success,Timeout,1,0.63,Low,126.8,20,0.0,1
TX01049,CUST0898,2357.1,UPI,Success,Timeout,2,0.6,Low,207.9,4,0.0,1
TX01050,CUST0013,35027.11,UPI,Success,Insufficient_Funds,1,0.43,Low,479.6,3,0.0,1
TX01051,CUST1192,16661.94,UPI,Failed,Timeout,1,0.44,Low,117.7,28,16661.94,0
TX01052,CUST0321,37287.89,UPI,Subscription_Failed,Network_Error,2,0.84,Low,214.5,21,37287.89,0
TX01053,CUST1343,20737.67,UPI,Failed,Bank_Decline,0,0.56,Low,48.3,14,20737.67,0
TX01054,CUST0329,9948.63,NetBanking,Success,Network_Error,1,0.33,Medium,338.7,23,0.0,1
TX01055,CUST0785,25756.12,Wallet,Success,None,3,0.28,High,370.6,9,0.0,1
TX01056,CUST0777,6699.13,Card,Overdue,Bank_Decline,1,0.58,Medium,520.7,4,6699.13,0
TX01057,CUST0911,22138.85,Card,Overdue,Insufficient_Funds,0,0.57,Low,493.3,13,22138.85,0
TX01058,CUST1443,16001.81,NetBanking,Success,Authentication_Failed,3,0.72,Medium,178.4,23,0.0,1
TX01059,CUST1119,45615.59,NetBanking,Success,Timeout,3,0.58,Low,90.8,30,0.0,1
TX01060,CUST0318,3234.25,UPI,Success,Timeout,3,0.31,Low,102.1,27,0.0,1
TX01061,CUST0236,34762.07,Wallet,Subscription_Failed,None,3,0.61,Medium,581.7,20,34762.07,0
TX01062,CUST0334,9301.01,UPI,Failed,Network_Error,2,0.93,Medium,407.2,12,9301.01,0
TX01063,CUST0376,16088.44,NetBanking,Failed,Network_Error,2,0.33,Medium,35.1,18,16088.44,0
TX01064,CUST1483,20892.6,UPI,Success,Bank_Decline,2,0.75,Medium,90.7,7,0.0,1
TX01065,CUST1161,45419.15,Card,Success,Timeout,3,0.68,Low,296.6,11,0.0,1
TX01066,CUST0588,12280.4,Card,Success,None,0,0.8,High,132.6,19,0.0,1
TX01067,CUST0513,4747.18,UPI,Subscription_Failed,Insufficient_Funds,1,0.32,Medium,484.2,29,4747.18,0
TX01068,CUST1320,16070.74,Wallet,Success,Network_Error,3,0.95,Medium,348.2,18,0.0,1
TX01069,CUST1344,5412.86,UPI,Abandoned,Timeout,0,0.7,Medium,371.5,18,5412.86,0
TX01070,CUST0918,6604.11,UPI,Success,Authentication_Failed,1,0.88,Low,283.1,5,0.0,1
TX01071,CUST1373,28777.76,Wallet,Subscription_Failed,None,3,0.4,Low,161.1,7,28777.76,0
TX01072,CUST0873,3232.92,Wallet,Abandoned,Bank_Decline,1,0.79,Low,357.7,9,3232.92,0
TX01073,CUST1253,1740.36,Wallet,Success,Network_Error,2,0.82,Low,433.0,20,0.0,1
TX01074,CUST0270,35777.82,Card,Subscription_Failed,Network_Error,2,0.52,Low,228.9,16,35777.82,0
TX01075,CUST0798,18210.03,UPI,Success,Insufficient_Funds,2,0.51,Low,307.9,0,0.0,1
TX01076,CUST1315,6443.69,NetBanking,Success,Network_Error,0,0.73,High,505.4,18,0.0,1
TX01077,CUST0725,12829.92,Wallet,Success,None,2,0.27,High,97.7,11,0.0,1
TX01078,CUST1189,32175.91,Wallet,Subscription_Failed,Timeout,0,0.79,Medium,331.7,27,32175.91,1
TX01079,CUST0005,13921.72,UPI,Subscription_Failed,Timeout,2,0.23,Low,215.6,21,13921.72,0
TX01080,CUST0851,24827.15,NetBanking,Success,Timeout,2,0.35,Low,424.6,1,0.0,1
TX01081,CUST1403,6260.43,UPI,Failed,Authentication_Failed,2,0.73,Medium,21.1,16,6260.43,0
TX01082,CUST0078,29487.06,UPI,Failed,Authentication_Failed,0,0.28,Low,405.6,30,29487.06,0
TX01083,CUST1434,15940.67,Wallet,Abandoned,Network_Error,1,0.98,Medium,70.7,6,15940.67,1
TX01084,CUST0574,31423.03,Wallet,Success,Authentication_Failed,0,0.89,High,48.2,13,0.0,1
TX01085,CUST0132,40458.07,Card,Success,Authentication_Failed,3,0.7,Low,437.5,13,0.0,1
TX01086,CUST0601,30659.99,NetBanking,Failed,Insufficient_Funds,3,0.86,Medium,387.8,11,30659.99,1
TX01087,CUST1066,14928.23,NetBanking,Success,Authentication_Failed,0,0.91,Low,538.0,15,0.0,1
TX01088,CUST0089,12936.04,Wallet,Success,Bank_Decline,0,0.41,Medium,316.6,17,0.0,1
TX01089,CUST0402,16505.56,Wallet,Failed,Bank_Decline,1,0.88,Low,322.7,7,16505.56,1
TX01090,CUST0296,8398.1,Wallet,Success,Bank_Decline,0,0.36,Low,427.1,1,0.0,1
TX01091,CUST1319,9222.36,NetBanking,Overdue,Network_Error,2,0.53,Medium,200.8,10,9222.36,0
TX01092,CUST0616,39576.42,Card,Success,Timeout,1,0.65,Medium,31.8,0,0.0,1
TX01093,CUST0800,19359.68,NetBanking,Overdue,Insufficient_Funds,0,0.77,Medium,145.7,9,19359.68,0
TX01094,CUST0422,21912.56,Wallet,Success,Network_Error,0,0.22,Low,150.4,17,0.0,1
TX01095,CUST1047,29783.66,Wallet,Success,Timeout,3,0.43,Medium,208.0,15,0.0,1
TX01096,CUST0575,29564.74,Card,Success,Insufficient_Funds,1,0.69,Medium,566.6,1,0.0,1
TX01097,CUST0143,3555.37,UPI,Abandoned,Insufficient_Funds,3,0.49,High,484.9,22,3555.37,0
TX01098,CUST0993,41610.73,UPI,Abandoned,Insufficient_Funds,0,0.82,High,562.2,16,41610.73,0
TX01099,CUST0665,9030.86,NetBanking,Success,Bank_Decline,1,0.72,Medium,599.2,15,0.0,1
TX01100,CUST0145,36208.97,UPI,Success,Bank_Decline,2,0.39,Medium,265.9,18,0.0,1
TX01101,CUST1249,38679.02,UPI,Failed,Bank_Decline,0,0.32,Medium,144.0,4,38679.02,0
TX01102,CUST1007,35802.0,NetBanking,Success,Insufficient_Funds,0,0.7,Low,340.4,27,0.0,1
TX01103,CUST0503,29033.09,Wallet,Abandoned,None,3,0.56,Low,529.9,22,29033.09,0
TX01104,CUST0821,927.53,UPI,Success,Insufficient_Funds,2,0.34,Medium,284.8,29,0.0,1
TX01105,CUST0104,18146.7,Wallet,Failed,Bank_Decline,0,0.46,Medium,308.2,5,18146.7,0
TX01106,CUST1063,30321.0,NetBanking,Abandoned,Insufficient_Funds,3,0.44,Medium,89.3,23,30321.0,0
TX01107,CUST0198,19495.07,Wallet,Overdue,Bank_Decline,3,0.29,Low,258.1,16,19495.07,0
TX01108,CUST0579,43201.3,Wallet,Failed,Bank_Decline,0,0.64,Low,238.3,15,43201.3,0
TX01109,CUST0391,15578.35,NetBanking,Success,Bank_Decline,1,0.81,Low,217.5,15,0.0,1
TX01110,CUST1203,14818.03,Wallet,Success,None,0,0.66,Low,533.5,6,0.0,1
TX01111,CUST0554,13446.69,UPI,Failed,Timeout,2,0.86,Low,45.0,15,13446.69,1
TX01112,CUST1472,16772.49,UPI,Success,Insufficient_Funds,0,0.3,High,583.6,8,0.0,1
TX01113,CUST1039,27958.77,UPI,Subscription_Failed,Network_Error,1,0.55,Low,14.9,22,27958.77,0
TX01114,CUST1313,35409.36,UPI,Failed,Bank_Decline,3,0.69,Medium,567.9,5,35409.36,0
TX01115,CUST0478,33195.88,Wallet,Success,None,2,0.74,Low,333.3,15,0.0,1
TX01116,CUST1255,40424.35,UPI,Success,Network_Error,2,0.76,High,424.4,8,0.0,1
TX01117,CUST0923,44318.52,Wallet,Success,Timeout,2,0.78,High,120.4,28,0.0,1
TX01118,CUST0420,40840.74,Card,Success,Insufficient_Funds,2,0.72,Low,396.0,3,0.0,1
TX01119,CUST0157,1143.48,Wallet,Success,None,1,0.28,High,530.4,27,0.0,1
TX01120,CUST0550,36848.71,UPI,Failed,Bank_Decline,1,0.76,Medium,92.3,25,36848.71,1
TX01121,CUST1465,10578.3,Card,Success,Bank_Decline,1,0.78,Low,85.0,21,0.0,1
TX01122,CUST1121,6819.82,NetBanking,Success,Bank_Decline,1,0.99,Medium,189.3,5,0.0,1
TX01123,CUST1021,31996.74,Wallet,Success,None,3,0.75,Low,105.4,29,0.0,1
TX01124,CUST0997,16123.21,UPI,Success,Network_Error,0,0.75,Medium,75.3,25,0.0,1
TX01125,CUST1435,3044.43,UPI,Success,Timeout,1,0.61,High,410.2,13,0.0,1
TX01126,CUST0951,7053.96,UPI,Failed,Insufficient_Funds,0,0.89,Medium,136.2,2,7053.96,0
TX01127,CUST0289,246.28,NetBanking,Success,Timeout,2,1.0,Low,403.5,22,0.0,1
TX01128,CUST1278,45180.54,Card,Failed,Bank_Decline,3,0.82,Low,518.5,16,45180.54,0
TX01129,CUST0196,1425.98,Card,Failed,Timeout,3,0.69,Low,394.7,10,1425.98,0
TX01130,CUST0598,10630.9,UPI,Overdue,Network_Error,0,0.26,Low,80.4,23,10630.9,0
TX01131,CUST0517,20929.89,Wallet,Success,Authentication_Failed,0,0.78,Low,348.4,7,0.0,1
TX01132,CUST0865,17957.25,UPI,Success,Authentication_Failed,0,0.77,Low,242.2,7,0.0,1
TX01133,CUST1142,45603.95,UPI,Success,Insufficient_Funds,3,0.82,Medium,212.6,24,0.0,1
TX01134,CUST0806,2206.39,Wallet,Success,Insufficient_Funds,1,0.3,Medium,197.9,30,0.0,1
TX01135,CUST1183,25708.29,UPI,Subscription_Failed,Timeout,3,0.72,Low,558.4,3,25708.29,0
TX01136,CUST0815,34087.88,NetBanking,Failed,Insufficient_Funds,1,0.44,Low,448.1,14,34087.88,0
TX01137,CUST0228,46598.56,UPI,Failed,None,2,0.81,Low,89.0,15,46598.56,0
TX01138,CUST0216,31094.49,NetBanking,Success,Network_Error,1,0.39,Low,290.8,21,0.0,1
TX01139,CUST0948,40227.01,UPI,Failed,Bank_Decline,0,0.75,Low,197.8,30,40227.01,1
TX01140,CUST0015,4369.5,Card,Success,Bank_Decline,1,0.44,Low,587.0,10,0.0,1
TX01141,CUST1181,19419.79,Wallet,Failed,Timeout,1,0.21,Medium,587.0,27,19419.79,0
TX01142,CUST1285,18822.57,Card,Failed,Bank_Decline,3,0.71,High,198.5,6,18822.57,0
TX01143,CUST1181,44337.15,UPI,Success,Timeout,0,0.29,Low,217.7,17,0.0,1
TX01144,CUST0047,7738.28,UPI,Success,Insufficient_Funds,2,0.73,Medium,363.7,5,0.0,1
TX01145,CUST0324,7763.93,NetBanking,Abandoned,Insufficient_Funds,1,0.94,Low,292.8,23,7763.93,1
TX01146,CUST0844,16562.2,UPI,Success,None,2,0.98,High,135.7,30,0.0,1
TX01147,CUST0130,2912.41,UPI,Success,None,0,0.39,Low,399.6,3,0.0,1
TX01148,CUST1435,9286.41,UPI,Success,Network_Error,1,0.85,Low,207.1,4,0.0,1
TX01149,CUST0095,48267.44,Card,Success,Bank_Decline,3,0.48,Low,395.7,23,0.0,1
TX01150,CUST0627,21523.56,NetBanking,Abandoned,None,2,0.92,Low,236.4,2,21523.56,0
TX01151,CUST0755,31674.56,Card,Failed,Network_Error,3,0.83,Medium,423.1,5,31674.56,1
TX01152,CUST1316,36360.34,NetBanking,Abandoned,Authentication_Failed,2,0.26,High,404.0,13,36360.34,1
TX01153,CUST0794,18474.68,Card,Success,None,0,0.53,Medium,310.2,0,0.0,1
TX01154,CUST1307,7531.91,UPI,Abandoned,Network_Error,1,0.47,Low,425.8,19,7531.91,0
TX01155,CUST0069,10487.73,Card,Subscription_Failed,Timeout,2,0.83,Medium,282.0,13,10487.73,0
TX01156,CUST0011,15800.67,Card,Success,Timeout,3,0.53,Medium,78.5,5,0.0,1
TX01157,CUST1278,31876.21,NetBanking,Success,Network_Error,2,0.75,Medium,117.4,2,0.0,1
TX01158,CUST0872,20034.37,NetBanking,Subscription_Failed,Insufficient_Funds,2,0.68,Medium,155.1,16,20034.37,0
TX01159,CUST0550,539.37,Card,Success,Authentication_Failed,2,0.98,Medium,47.3,21,0.0,1
TX01160,CUST1158,26265.68,NetBanking,Success,Network_Error,2,0.95,Medium,429.7,13,0.0,1
TX01161,CUST0712,46091.37,NetBanking,Success,None,2,0.54,Medium,226.8,18,0.0,1
TX01162,CUST0023,40641.47,NetBanking,Success,Insufficient_Funds,2,0.78,Low,65.2,23,0.0,1
TX01163,CUST0815,41295.53,Wallet,Success,Network_Error,3,0.86,Low,493.8,6,0.0,1
TX01164,CUST0346,39793.89,NetBanking,Success,Bank_Decline,2,0.92,Medium,413.4,10,0.0,1
TX01165,CUST0302,16321.8,Wallet,Failed,None,2,0.25,High,276.8,6,16321.8,0
TX01166,CUST0363,38306.65,Wallet,Success,None,2,0.44,Low,156.0,12,0.0,1
TX01167,CUST0396,7329.44,NetBanking,Subscription_Failed,Timeout,1,0.46,High,99.5,27,7329.44,0
TX01168,CUST0218,32954.26,Card,Success,Bank_Decline,0,0.55,Low,280.4,23,0.0,1
TX01169,CUST0141,32150.11,NetBanking,Overdue,Bank_Decline,0,0.34,Low,532.3,22,32150.11,0
TX01170,CUST0958,1473.38,UPI,Overdue,None,0,0.6,Low,121.2,20,1473.38,0
TX01171,CUST1234,39440.91,Card,Abandoned,Authentication_Failed,3,0.73,High,345.5,25,39440.91,0
TX01172,CUST0985,45181.76,Wallet,Overdue,Insufficient_Funds,3,0.6,Low,577.4,23,45181.76,0
TX01173,CUST0993,13517.28,Wallet,Failed,Timeout,3,0.73,Low,385.9,13,13517.28,0
TX01174,CUST0828,40657.06,Card,Subscription_Failed,Bank_Decline,2,0.25,Low,269.6,23,40657.06,0
TX01175,CUST0683,4303.82,Card,Success,Timeout,0,0.9,Medium,432.7,10,0.0,1
TX01176,CUST1484,30078.4,NetBanking,Success,None,2,0.95,High,496.5,7,0.0,1
TX01177,CUST1004,24385.21,Wallet,Abandoned,Insufficient_Funds,1,0.69,Low,358.4,30,24385.21,0
TX01178,CUST0356,27386.99,UPI,Success,Network_Error,0,0.91,Medium,524.4,11,0.0,1
TX01179,CUST1008,46325.02,NetBanking,Subscription_Failed,Bank_Decline,1,0.31,High,313.6,14,46325.02,0
TX01180,CUST1348,43591.5,Card,Subscription_Failed,Insufficient_Funds,1,0.84,Low,499.7,9,43591.5,0
TX01181,CUST1157,39297.17,Wallet,Success,Timeout,2,0.3,Medium,571.7,21,0.0,1
TX01182,CUST0888,13830.18,Card,Abandoned,None,0,0.53,Low,305.7,1,13830.18,1
TX01183,CUST0127,45608.57,Card,Success,Insufficient_Funds,1,0.46,Low,367.0,23,0.0,1
TX01184,CUST1130,5055.88,Card,Success,Network_Error,0,0.67,Medium,369.6,12,0.0,1
TX01185,CUST1009,42695.79,NetBanking,Success,Insufficient_Funds,1,0.44,Medium,471.0,9,0.0,1
TX01186,CUST0604,16542.37,UPI,Success,None,1,0.71,Low,495.5,30,0.0,1
TX01187,CUST1402,2877.86,UPI,Failed,Timeout,2,0.49,Low,26.1,16,2877.86,0
TX01188,CUST1014,33533.98,Wallet,Failed,Bank_Decline,0,0.89,High,442.7,24,33533.98,1
TX01189,CUST0051,11717.74,Card,Success,Bank_Decline,2,0.71,Medium,472.5,24,0.0,1
TX01190,CUST1053,12329.84,UPI,Abandoned,Authentication_Failed,2,0.37,Low,423.3,21,12329.84,0
TX01191,CUST1486,15441.15,Card,Failed,Timeout,2,0.47,Low,431.1,9,15441.15,0
TX01192,CUST1320,3371.5,Wallet,Success,Authentication_Failed,2,0.88,Low,34.4,21,0.0,1
TX01193,CUST1321,9020.93,Card,Success,Authentication_Failed,2,0.51,Low,270.8,5,0.0,1
TX01194,CUST0779,455.95,UPI,Subscription_Failed,None,1,0.63,Medium,492.7,26,455.95,1
TX01195,CUST1431,22381.39,Card,Subscription_Failed,None,0,0.72,Medium,561.1,19,22381.39,1
TX01196,CUST0814,4395.92,UPI,Success,None,0,0.48,Low,145.4,0,0.0,1
TX01197,CUST1429,34196.1,Wallet,Success,Network_Error,2,0.44,Medium,351.7,16,0.0,1
TX01198,CUST1370,11934.02,Card,Abandoned,Timeout,0,0.58,Low,484.6,0,11934.02,1
TX01199,CUST0420,47189.99,UPI,Failed,Bank_Decline,1,0.37,Medium,453.9,4,47189.99,0
TX01200,CUST1206,43588.33,Wallet,Success,Timeout,2,0.43,Low,375.1,28,0.0,1
TX01201,CUST0983,14614.16,Card,Failed,None,3,0.25,Low,21.0,14,14614.16,0
TX01202,CUST0825,39204.13,Wallet,Success,Network_Error,3,0.44,Low,437.1,22,0.0,1
TX01203,CUST1025,40201.6,UPI,Abandoned,Timeout,1,0.46,Medium,466.2,0,40201.6,0
TX01204,CUST0567,49330.84,Card,Success,Timeout,1,0.97,Low,436.5,16,0.0,1
TX01205,CUST0371,29972.43,Card,Success,Authentication_Failed,3,0.67,Low,461.8,13,0.0,1
TX01206,CUST0936,4281.89,Card,Success,Timeout,2,0.83,Low,264.2,12,0.0,1
TX01207,CUST0661,32412.49,Wallet,Overdue,Authentication_Failed,1,0.24,Low,596.3,27,32412.49,0
TX01208,CUST1455,31323.99,Wallet,Abandoned,Authentication_Failed,3,0.29,Low,464.8,10,31323.99,0
TX01209,CUST0969,31989.86,UPI,Abandoned,Insufficient_Funds,2,0.85,Medium,351.4,11,31989.86,0
TX01210,CUST1333,15495.85,NetBanking,Failed,None,1,0.7,Low,561.2,5,15495.85,0
TX01211,CUST1161,43012.04,Card,Success,Network_Error,0,0.35,Medium,545.8,10,0.0,1
TX01212,CUST0202,47981.71,Card,Subscription_Failed,Authentication_Failed,0,0.52,High,490.6,1,47981.71,1
TX01213,CUST1460,11042.08,UPI,Success,Timeout,0,0.63,Medium,342.6,17,0.0,1
TX01214,CUST0313,4589.98,Card,Abandoned,Authentication_Failed,2,0.87,Medium,321.0,11,4589.98,1
TX01215,CUST0117,9887.84,Wallet,Success,Authentication_Failed,1,0.25,Medium,203.9,28,0.0,1
TX01216,CUST0937,41063.5,Wallet,Success,Authentication_Failed,3,0.68,High,158.0,22,0.0,1
TX01217,CUST0575,33896.9,Card,Success,Bank_Decline,1,0.77,Low,312.3,14,0.0,1
TX01218,CUST0244,31875.16,Card,Abandoned,Bank_Decline,0,0.98,Medium,350.9,8,31875.16,1
TX01219,CUST0537,20209.3,Wallet,Subscription_Failed,Bank_Decline,0,0.85,High,154.3,7,20209.3,0
TX01220,CUST0075,28975.83,Card,Failed,Bank_Decline,2,0.42,Low,554.3,17,28975.83,0
TX01221,CUST0386,15532.13,Wallet,Success,Insufficient_Funds,3,0.77,Low,338.8,15,0.0,1
TX01222,CUST1234,23964.56,NetBanking,Overdue,Authentication_Failed,2,0.81,High,320.6,29,23964.56,0
TX01223,CUST0475,39694.54,NetBanking,Success,Insufficient_Funds,3,0.78,Medium,267.0,22,0.0,1
TX01224,CUST0418,49065.83,Card,Abandoned,Timeout,1,0.86,Low,44.3,20,49065.83,0
TX01225,CUST0347,46637.95,Card,Failed,None,2,0.92,Medium,530.6,28,46637.95,0
TX01226,CUST0640,46706.52,Card,Success,Network_Error,2,0.28,Low,197.0,26,0.0,1
TX01227,CUST0939,20230.74,Wallet,Success,Insufficient_Funds,2,0.28,Low,389.1,9,0.0,1
TX01228,CUST0955,23545.74,NetBanking,Success,Bank_Decline,0,0.84,Medium,368.4,11,0.0,1
TX01229,CUST0876,35340.64,NetBanking,Success,Bank_Decline,0,0.4,Medium,354.8,29,0.0,1
TX01230,CUST0763,46125.16,UPI,Success,Timeout,3,0.25,Medium,320.2,28,0.0,1
TX01231,CUST1203,7271.31,UPI,Success,Authentication_Failed,1,0.52,Low,117.0,19,0.0,1
TX01232,CUST1206,15351.24,Card,Success,Network_Error,2,0.86,Medium,175.6,11,0.0,1
TX01233,CUST0664,7134.49,Wallet,Failed,Insufficient_Funds,0,0.3,Low,319.3,29,7134.49,0
TX01234,CUST0025,30678.02,Card,Subscription_Failed,Authentication_Failed,2,0.74,Medium,475.7,9,30678.02,1
TX01235,CUST1204,15453.79,NetBanking,Success,Authentication_Failed,3,0.2,Low,264.9,13,0.0,1
TX01236,CUST0710,16440.17,Card,Success,None,3,0.29,Low,130.3,3,0.0,1
TX01237,CUST1185,3731.61,Card,Success,None,1,0.48,High,61.9,14,0.0,1
TX01238,CUST0177,17619.84,NetBanking,Success,Insufficient_Funds,3,0.27,Low,401.2,19,0.0,1
TX01239,CUST0285,43152.33,NetBanking,Abandoned,Insufficient_Funds,2,0.88,Medium,259.8,8,43152.33,0
TX01240,CUST0063,11807.03,NetBanking,Failed,Insufficient_Funds,1,0.89,Low,84.0,6,11807.03,0
TX01241,CUST1003,34820.34,NetBanking,Subscription_Failed,Insufficient_Funds,1,0.8,Low,407.9,6,34820.34,0
TX01242,CUST0662,31555.49,UPI,Success,Bank_Decline,0,0.39,Low,132.5,29,0.0,1
TX01243,CUST0666,43201.53,Wallet,Failed,Authentication_Failed,2,0.62,Medium,310.3,19,43201.53,1
TX01244,CUST0156,6787.94,Wallet,Success,Authentication_Failed,3,0.35,Low,190.7,8,0.0,1
TX01245,CUST1493,48883.98,NetBanking,Abandoned,Bank_Decline,0,0.43,Medium,559.7,23,48883.98,0
TX01246,CUST1073,29214.91,Wallet,Subscription_Failed,Authentication_Failed,2,0.61,Medium,144.7,9,29214.91,0
TX01247,CUST0967,49774.61,Wallet,Failed,Insufficient_Funds,2,0.79,Low,257.8,19,49774.61,0
TX01248,CUST0849,45593.43,Wallet,Abandoned,Network_Error,1,0.28,Low,576.1,12,45593.43,0
TX01249,CUST1108,11231.56,Wallet,Success,None,1,0.44,Low,198.0,5,0.0,1
TX01250,CUST1385,2996.87,NetBanking,Subscription_Failed,None,2,0.94,High,390.3,3,2996.87,1
TX01251,CUST0689,12930.83,Card,Success,Authentication_Failed,0,0.54,Low,196.9,16,0.0,1
TX01252,CUST0148,26472.67,Card,Success,Network_Error,1,0.95,Low,75.3,20,0.0,1
TX01253,CUST0342,8745.5,Card,Success,None,1,0.99,Low,380.3,25,0.0,1
TX01254,CUST0476,8539.5,UPI,Overdue,Network_Error,2,0.62,Medium,550.5,13,8539.5,1
TX01255,CUST1087,23237.16,Wallet,Subscription_Failed,Bank_Decline,2,0.43,Medium,277.0,26,23237.16,0
TX01256,CUST1384,1856.74,NetBanking,Subscription_Failed,Timeout,1,0.83,High,379.4,2,1856.74,1
TX01257,CUST0561,6270.03,NetBanking,Subscription_Failed,Authentication_Failed,0,0.33,High,369.3,0,6270.03,1
TX01258,CUST0327,20909.89,UPI,Success,Bank_Decline,1,0.4,Low,254.9,17,0.0,1
TX01259,CUST1165,3343.87,NetBanking,Subscription_Failed,Bank_Decline,2,0.83,Low,372.8,1,3343.87,0
TX01260,CUST0990,19958.4,Card,Overdue,Network_Error,1,0.55,Medium,163.0,7,19958.4,1
TX01261,CUST0215,23805.51,UPI,Success,Authentication_Failed,2,0.36,High,233.0,15,0.0,1
TX01262,CUST0435,22673.08,NetBanking,Success,Bank_Decline,1,0.72,Low,271.0,3,0.0,1
TX01263,CUST0952,43484.91,UPI,Failed,Insufficient_Funds,2,0.79,Low,519.8,18,43484.91,0
TX01264,CUST0723,26597.11,UPI,Overdue,Bank_Decline,2,0.3,High,215.5,19,26597.11,0
TX01265,CUST1342,23505.43,NetBanking,Subscription_Failed,Insufficient_Funds,0,0.42,Low,384.7,9,23505.43,0
TX01266,CUST0032,20653.32,Card,Subscription_Failed,Timeout,2,0.38,Low,135.9,16,20653.32,0
TX01267,CUST0670,40917.64,NetBanking,Overdue,Insufficient_Funds,1,0.5,High,159.0,16,40917.64,0
TX01268,CUST0285,44773.82,Wallet,Subscription_Failed,Insufficient_Funds,2,0.81,Medium,392.6,20,44773.82,1
TX01269,CUST1329,42691.47,Wallet,Abandoned,Network_Error,3,0.77,Low,459.8,6,42691.47,1
TX01270,CUST0429,33742.62,NetBanking,Failed,Bank_Decline,1,0.73,Low,282.6,8,33742.62,1
TX01271,CUST0286,7040.61,Card,Success,Timeout,0,0.21,Low,207.7,6,0.0,1
TX01272,CUST1168,13988.12,Wallet,Failed,Bank_Decline,1,0.31,High,547.1,26,13988.12,0
TX01273,CUST1448,2493.94,Wallet,Success,Insufficient_Funds,0,0.38,High,90.1,20,0.0,1
TX01274,CUST1043,46555.04,NetBanking,Subscription_Failed,None,3,0.42,Medium,435.2,2,46555.04,0
TX01275,CUST0018,33107.77,NetBanking,Success,Insufficient_Funds,0,0.32,Low,417.2,23,0.0,1
TX01276,CUST0769,37368.87,NetBanking,Success,Bank_Decline,2,0.53,Low,417.2,11,0.0,1
TX01277,CUST0590,15716.27,UPI,Success,Timeout,3,0.26,Medium,561.9,22,0.0,1
TX01278,CUST1395,42313.55,UPI,Failed,None,3,0.8,Low,439.6,3,42313.55,1
TX01279,CUST1199,13128.24,UPI,Success,Timeout,0,0.83,Medium,187.9,16,0.0,1
TX01280,CUST1010,281.86,NetBanking,Success,Network_Error,1,0.66,Medium,218.5,28,0.0,1
TX01281,CUST0194,18945.47,Card,Success,Insufficient_Funds,0,0.27,Low,240.8,2,0.0,1
TX01282,CUST0502,28623.92,Wallet,Success,Insufficient_Funds,0,0.91,High,28.2,10,0.0,1
TX01283,CUST0988,24039.5,UPI,Success,Network_Error,3,0.97,Low,549.0,7,0.0,1
TX01284,CUST1137,43131.39,Card,Success,Bank_Decline,2,0.36,Medium,53.4,1,0.0,1
TX01285,CUST0114,5449.18,NetBanking,Success,Insufficient_Funds,1,0.76,Low,422.9,24,0.0,1
TX01286,CUST1246,27780.41,UPI,Success,Bank_Decline,0,0.87,Medium,440.8,13,0.0,1
TX01287,CUST0947,25746.37,NetBanking,Success,Timeout,2,0.63,Medium,507.8,3,0.0,1
TX01288,CUST0831,14213.37,Card,Success,None,2,0.46,Low,336.5,30,0.0,1
TX01289,CUST1288,41146.96,UPI,Subscription_Failed,None,1,0.58,Low,437.9,15,41146.96,0
TX01290,CUST0925,37691.86,UPI,Success,None,2,0.61,Low,188.6,13,0.0,1
TX01291,CUST0055,36696.39,UPI,Success,Authentication_Failed,0,0.52,Low,449.9,6,0.0,1
TX01292,CUST0800,43834.39,UPI,Success,Network_Error,3,0.94,Medium,212.6,9,0.0,1
TX01293,CUST0778,36194.67,Card,Success,None,2,0.8,Low,542.7,11,0.0,1
TX01294,CUST1482,11745.7,UPI,Success,Insufficient_Funds,3,0.39,Low,106.4,22,0.0,1
TX01295,CUST0162,35337.02,Wallet,Success,Network_Error,1,0.67,Low,196.3,27,0.0,1
TX01296,CUST1404,15523.6,Wallet,Failed,Timeout,1,0.75,Medium,304.3,7,15523.6,1
TX01297,CUST0087,12260.3,NetBanking,Failed,Timeout,2,0.31,Medium,467.8,22,12260.3,0
TX01298,CUST0055,3835.58,UPI,Success,Timeout,3,0.49,Low,451.8,10,0.0,1
TX01299,CUST1202,37252.62,Wallet,Abandoned,Timeout,0,0.92,Medium,134.3,19,37252.62,1
TX01300,CUST1415,35607.85,Wallet,Success,Authentication_Failed,3,0.65,Medium,95.1,12,0.0,1
TX01301,CUST1373,11878.07,Wallet,Overdue,Bank_Decline,2,0.37,Low,189.3,11,11878.07,0
TX01302,CUST1032,37519.08,Card,Success,Bank_Decline,3,0.3,Medium,295.4,6,0.0,1
TX01303,CUST0833,45908.48,UPI,Failed,None,3,0.61,Low,328.0,20,45908.48,0
TX01304,CUST0313,5579.84,Card,Success,Authentication_Failed,1,0.64,Low,263.2,30,0.0,1
TX01305,CUST0759,11785.3,Card,Subscription_Failed,Bank_Decline,2,0.47,Medium,401.2,11,11785.3,0
TX01306,CUST0443,37562.99,Wallet,Success,Timeout,3,0.7,Low,262.3,9,0.0,1
TX01307,CUST0328,13870.43,Wallet,Success,Bank_Decline,2,0.25,Medium,568.3,6,0.0,1
TX01308,CUST1078,31308.27,NetBanking,Failed,Network_Error,0,0.32,Low,164.0,18,31308.27,0
TX01309,CUST0761,4241.98,UPI,Success,None,2,0.64,Low,380.1,25,0.0,1
TX01310,CUST1263,22719.68,UPI,Abandoned,Bank_Decline,0,0.25,Medium,370.7,26,22719.68,0
TX01311,CUST1253,37006.75,Wallet,Failed,Network_Error,2,0.9,Medium,176.1,6,37006.75,0
TX01312,CUST0579,34388.39,Wallet,Success,Insufficient_Funds,2,0.31,Medium,252.9,22,0.0,1
TX01313,CUST1075,40790.59,UPI,Success,Network_Error,3,0.74,Low,225.6,17,0.0,1
TX01314,CUST1007,43897.12,NetBanking,Success,Network_Error,3,0.51,Medium,111.8,23,0.0,1
TX01315,CUST1288,38704.54,Wallet,Failed,Timeout,0,0.52,High,291.6,22,38704.54,1
TX01316,CUST1442,33645.07,NetBanking,Success,Timeout,0,0.81,Low,238.1,24,0.0,1
TX01317,CUST0096,1779.78,Card,Failed,None,1,0.6,Medium,115.2,11,1779.78,0
TX01318,CUST1112,26841.34,Wallet,Overdue,Timeout,3,0.78,Medium,275.4,3,26841.34,0
TX01319,CUST1102,2077.35,Card,Success,Network_Error,0,0.6,Low,258.9,24,0.0,1
TX01320,CUST1312,40441.78,Wallet,Overdue,Authentication_Failed,3,0.67,Low,87.5,0,40441.78,0
TX01321,CUST1144,16172.08,Card,Failed,Timeout,2,0.81,Low,87.4,4,16172.08,1
TX01322,CUST0814,28208.98,Wallet,Success,Timeout,1,0.69,High,392.0,9,0.0,1
TX01323,CUST0491,14116.38,NetBanking,Success,Network_Error,3,0.69,Low,426.9,6,0.0,1
TX01324,CUST0452,39168.51,NetBanking,Abandoned,Insufficient_Funds,3,0.83,Medium,565.3,19,39168.51,0
TX01325,CUST0165,44347.83,NetBanking,Success,Insufficient_Funds,3,0.96,Low,61.3,28,0.0,1
TX01326,CUST0182,20052.4,Card,Success,Bank_Decline,3,0.5,Medium,79.5,30,0.0,1
TX01327,CUST0469,43173.54,NetBanking,Success,None,0,0.66,Low,40.6,6,0.0,1
TX01328,CUST0910,13500.34,Card,Abandoned,Insufficient_Funds,0,0.27,Medium,324.0,29,13500.34,0
TX01329,CUST0735,26826.11,Wallet,Failed,Timeout,1,0.49,Low,377.4,27,26826.11,0
TX01330,CUST0823,42966.32,Card,Failed,Authentication_Failed,2,0.53,High,248.1,30,42966.32,0
TX01331,CUST0944,16428.89,Wallet,Success,Bank_Decline,2,0.87,Medium,480.8,24,0.0,1
TX01332,CUST0007,47711.3,UPI,Subscription_Failed,None,1,0.61,Medium,415.2,12,47711.3,0
TX01333,CUST0330,6269.6,UPI,Overdue,Authentication_Failed,2,0.78,Low,591.6,13,6269.6,0
TX01334,CUST0775,1110.1,UPI,Success,Authentication_Failed,0,0.22,Low,91.4,4,0.0,1
TX01335,CUST0151,45225.94,Card,Success,Timeout,3,0.57,High,44.4,20,0.0,1
TX01336,CUST1109,3618.7,UPI,Subscription_Failed,Network_Error,2,0.92,Low,172.1,1,3618.7,0
TX01337,CUST0147,49596.08,UPI,Abandoned,Network_Error,3,0.38,Low,21.2,13,49596.08,0
TX01338,CUST1405,47579.56,UPI,Failed,Network_Error,3,0.23,Medium,560.2,20,47579.56,0
TX01339,CUST0915,7023.64,Wallet,Overdue,Insufficient_Funds,0,0.55,Low,189.3,7,7023.64,0
TX01340,CUST1309,26971.71,NetBanking,Failed,Network_Error,3,0.76,Low,335.9,19,26971.71,1
TX01341,CUST0700,9409.03,Card,Success,None,2,0.56,Medium,197.7,1,0.0,1
TX01342,CUST0082,21522.13,UPI,Failed,Timeout,0,0.57,Low,155.0,7,21522.13,1
TX01343,CUST0514,3258.97,Wallet,Failed,Insufficient_Funds,1,0.74,Low,99.9,19,3258.97,0
TX01344,CUST0815,11351.44,NetBanking,Overdue,None,0,0.4,Medium,199.0,29,11351.44,0
TX01345,CUST0709,18290.99,NetBanking,Success,Network_Error,2,0.8,Low,373.1,28,0.0,1
TX01346,CUST0746,22044.65,NetBanking,Failed,None,0,0.32,Medium,583.3,4,22044.65,0
TX01347,CUST1023,48879.31,Wallet,Abandoned,Authentication_Failed,2,0.52,Low,339.3,29,48879.31,1
TX01348,CUST1410,40431.71,UPI,Success,Timeout,2,0.72,Medium,324.3,11,0.0,1
TX01349,CUST0707,36923.02,NetBanking,Success,Timeout,0,0.86,Low,30.8,6,0.0,1
TX01350,CUST0471,26944.66,Wallet,Subscription_Failed,None,2,0.83,Low,505.7,26,26944.66,1
TX01351,CUST1143,42031.89,Wallet,Success,Bank_Decline,1,0.78,Low,36.5,20,0.0,1
TX01352,CUST0396,17098.28,Card,Failed,Timeout,2,0.49,Low,544.7,12,17098.28,0
TX01353,CUST0261,35503.18,Wallet,Subscription_Failed,Authentication_Failed,1,0.3,Medium,327.8,14,35503.18,0
TX01354,CUST0805,49690.44,NetBanking,Success,Timeout,1,0.37,Low,109.4,9,0.0,1
TX01355,CUST0934,15868.52,NetBanking,Overdue,Bank_Decline,2,0.89,Medium,276.5,3,15868.52,1
TX01356,CUST1280,33766.07,Wallet,Failed,Timeout,3,0.89,High,597.0,30,33766.07,0
TX01357,CUST0905,42246.88,NetBanking,Success,Timeout,1,0.96,Medium,190.0,15,0.0,1
TX01358,CUST1250,45807.22,Wallet,Success,Bank_Decline,1,0.26,Low,169.0,6,0.0,1
TX01359,CUST1077,35953.05,NetBanking,Overdue,Timeout,0,0.63,Low,79.6,12,35953.05,0
TX01360,CUST0940,14323.67,Card,Success,None,1,0.72,High,362.3,3,0.0,1
TX01361,CUST0854,16448.85,UPI,Success,Insufficient_Funds,1,0.77,Medium,62.6,25,0.0,1
TX01362,CUST1388,1233.75,Card,Success,None,1,0.72,Medium,461.9,11,0.0,1
TX01363,CUST1304,38092.12,Card,Success,Timeout,1,0.82,Low,552.3,19,0.0,1
TX01364,CUST0593,2328.43,UPI,Success,Network_Error,3,0.49,Medium,559.8,30,0.0,1
TX01365,CUST0714,43259.69,NetBanking,Overdue,Network_Error,1,0.34,Medium,73.7,1,43259.69,1
TX01366,CUST1182,6109.3,UPI,Subscription_Failed,Insufficient_Funds,2,0.36,Low,339.4,4,6109.3,0
TX01367,CUST0632,8759.45,Wallet,Success,Timeout,3,0.21,Medium,67.3,7,0.0,1
TX01368,CUST0059,23931.02,UPI,Success,Authentication_Failed,1,0.48,Low,347.5,3,0.0,1
TX01369,CUST0128,36946.44,Card,Failed,Timeout,2,0.27,Low,490.8,26,36946.44,0
TX01370,CUST0736,7122.31,UPI,Success,Network_Error,2,0.46,Medium,327.3,28,0.0,1
TX01371,CUST0721,22115.54,NetBanking,Abandoned,Bank_Decline,3,0.7,Low,524.5,30,22115.54,0
TX01372,CUST1139,24245.99,Card,Subscription_Failed,Insufficient_Funds,3,0.92,Medium,483.0,1,24245.99,0
TX01373,CUST1233,10771.82,Wallet,Subscription_Failed,Bank_Decline,2,0.87,Low,173.2,24,10771.82,0
TX01374,CUST0526,5954.81,NetBanking,Success,Authentication_Failed,3,0.4,Low,381.8,5,0.0,1
TX01375,CUST0521,41853.76,Card,Success,Timeout,3,0.31,Low,14.4,2,0.0,1
TX01376,CUST0552,25222.79,Wallet,Success,Authentication_Failed,0,0.35,High,243.7,28,0.0,1
TX01377,CUST0237,916.19,NetBanking,Success,Bank_Decline,3,0.98,Low,150.4,13,0.0,1
TX01378,CUST1305,40188.47,Wallet,Success,Timeout,0,0.64,Low,562.9,9,0.0,1
TX01379,CUST1383,49043.53,UPI,Subscription_Failed,None,3,0.35,Medium,249.2,10,49043.53,0
TX01380,CUST1225,30375.12,UPI,Subscription_Failed,None,3,0.87,Low,395.9,4,30375.12,0
TX01381,CUST1302,25284.68,Wallet,Overdue,Authentication_Failed,2,0.52,Low,441.9,21,25284.68,0
TX01382,CUST1259,43945.11,UPI,Subscription_Failed,None,0,0.92,Low,466.2,15,43945.11,0
TX01383,CUST0494,47635.34,Wallet,Success,None,3,0.41,Low,444.1,8,0.0,1
TX01384,CUST0004,37775.94,NetBanking,Failed,Network_Error,1,0.51,Low,180.6,20,37775.94,1
TX01385,CUST0666,22383.56,Card,Success,None,3,0.6,Low,414.8,15,0.0,1
TX01386,CUST0442,29692.63,Wallet,Success,Network_Error,2,0.91,Low,333.9,8,0.0,1
TX01387,CUST0029,35106.58,Card,Failed,Insufficient_Funds,2,0.9,Medium,362.4,16,35106.58,0
TX01388,CUST1133,9874.82,Card,Failed,Network_Error,2,0.66,Low,10.5,11,9874.82,0
TX01389,CUST0610,22470.61,Wallet,Failed,Network_Error,0,0.38,High,162.4,14,22470.61,1
TX01390,CUST0805,41525.1,UPI,Success,Bank_Decline,0,0.52,Medium,559.1,9,0.0,1
TX01391,CUST0075,32805.32,NetBanking,Success,Network_Error,0,0.98,Low,181.1,3,0.0,1
TX01392,CUST0838,20677.96,Card,Success,Network_Error,1,0.69,High,268.4,16,0.0,1
TX01393,CUST1170,33235.45,NetBanking,Success,Bank_Decline,0,0.82,Low,120.1,17,0.0,1
TX01394,CUST0128,6087.48,Card,Success,Network_Error,2,0.56,Low,91.8,17,0.0,1
TX01395,CUST0042,20194.58,Wallet,Failed,None,0,0.63,Low,133.1,9,20194.58,0
TX01396,CUST1380,39697.8,UPI,Subscription_Failed,Network_Error,0,0.54,Medium,336.7,10,39697.8,1
TX01397,CUST0041,11181.34,NetBanking,Success,Insufficient_Funds,3,0.76,Low,552.2,20,0.0,1
TX01398,CUST0934,9460.88,Card,Failed,Network_Error,0,0.88,Low,202.5,0,9460.88,1
TX01399,CUST0034,47550.77,Wallet,Success,Network_Error,3,0.61,Low,200.8,9,0.0,1
TX01400,CUST1041,10652.9,Wallet,Overdue,Insufficient_Funds,0,0.58,Medium,342.8,29,10652.9,0
TX01401,CUST1177,13193.75,Card,Success,Bank_Decline,3,0.47,Low,220.5,2,0.0,1
TX01402,CUST0998,48486.87,Card,Subscription_Failed,None,2,0.34,Low,547.1,26,48486.87,0
TX01403,CUST1402,36788.49,Card,Overdue,Network_Error,0,0.95,Low,232.9,5,36788.49,1
TX01404,CUST0588,35039.91,UPI,Subscription_Failed,None,2,0.45,Medium,299.4,16,35039.91,0
TX01405,CUST0342,42675.73,Card,Success,Authentication_Failed,0,0.84,Low,324.7,11,0.0,1
TX01406,CUST0027,5967.99,Card,Failed,None,1,0.77,Low,471.4,10,5967.99,1
TX01407,CUST1311,35356.62,UPI,Success,Bank_Decline,1,0.83,Medium,342.7,16,0.0,1
TX01408,CUST0646,25283.69,Wallet,Success,Bank_Decline,2,0.95,Low,151.1,2,0.0,1
TX01409,CUST0731,41491.7,Card,Success,Network_Error,2,0.7,Medium,83.2,8,0.0,1
TX01410,CUST0168,25505.46,NetBanking,Subscription_Failed,Insufficient_Funds,1,0.92,High,563.3,17,25505.46,0
TX01411,CUST0610,31088.02,Wallet,Subscription_Failed,Bank_Decline,1,0.33,Medium,482.9,30,31088.02,0
TX01412,CUST0268,23991.56,NetBanking,Success,Insufficient_Funds,3,0.7,Low,23.5,27,0.0,1
TX01413,CUST0821,24012.31,Card,Success,Authentication_Failed,0,0.82,Low,494.7,5,0.0,1
TX01414,CUST0455,38444.9,UPI,Overdue,Insufficient_Funds,1,0.42,Low,358.5,2,38444.9,0
TX01415,CUST0906,31502.61,UPI,Success,Timeout,2,0.79,High,316.1,5,0.0,1
TX01416,CUST1425,31736.51,UPI,Success,Insufficient_Funds,2,0.82,High,17.2,10,0.0,1
TX01417,CUST0922,22624.07,Card,Success,Bank_Decline,1,0.86,Low,470.7,10,0.0,1
TX01418,CUST0981,26649.25,Card,Abandoned,Insufficient_Funds,2,0.45,Medium,126.9,6,26649.25,0
TX01419,CUST0702,37336.74,NetBanking,Success,Insufficient_Funds,0,0.75,Medium,439.5,12,0.0,1
TX01420,CUST0634,41331.86,UPI,Abandoned,Timeout,3,0.44,Low,19.4,12,41331.86,0
TX01421,CUST0130,34888.76,Card,Success,Timeout,0,0.79,Low,479.8,6,0.0,1
TX01422,CUST1020,46218.83,Wallet,Success,Network_Error,3,0.57,Low,23.6,13,0.0,1
TX01423,CUST1387,41052.14,Card,Success,Bank_Decline,3,0.68,Low,149.2,1,0.0,1
TX01424,CUST0819,28180.82,Card,Success,Network_Error,1,0.53,High,168.3,2,0.0,1
TX01425,CUST0693,33636.02,Wallet,Success,Timeout,2,0.33,High,102.9,3,0.0,1
TX01426,CUST1316,46330.15,UPI,Success,Insufficient_Funds,3,0.34,Low,293.8,7,0.0,1
TX01427,CUST1395,31034.57,Wallet,Abandoned,Timeout,1,0.26,Low,177.4,20,31034.57,0
TX01428,CUST0794,41275.39,UPI,Success,Authentication_Failed,2,0.69,Low,596.0,0,0.0,1
TX01429,CUST0029,34502.76,Wallet,Abandoned,Insufficient_Funds,2,0.88,Medium,352.2,8,34502.76,0
TX01430,CUST0149,27686.43,NetBanking,Overdue,Network_Error,3,0.22,Medium,344.2,16,27686.43,1
TX01431,CUST1320,12243.54,UPI,Subscription_Failed,Insufficient_Funds,2,0.25,Medium,140.3,17,12243.54,0
TX01432,CUST0011,21414.68,Card,Overdue,Authentication_Failed,0,0.57,Medium,251.1,6,21414.68,1
TX01433,CUST0676,48393.59,NetBanking,Failed,Timeout,2,0.79,Low,83.1,26,48393.59,0
TX01434,CUST1137,32956.72,UPI,Success,Bank_Decline,0,0.33,Low,459.9,2,0.0,1
TX01435,CUST0187,28306.89,UPI,Overdue,None,2,0.42,High,205.4,21,28306.89,0
TX01436,CUST0807,46661.24,UPI,Subscription_Failed,Bank_Decline,3,0.39,Low,453.7,15,46661.24,0
TX01437,CUST0744,29408.29,Wallet,Subscription_Failed,Bank_Decline,3,0.52,Medium,229.3,7,29408.29,0
TX01438,CUST1251,26398.91,UPI,Failed,Timeout,1,0.38,Low,593.4,4,26398.91,1
TX01439,CUST1334,38013.68,Card,Failed,Bank_Decline,0,0.48,Medium,111.0,16,38013.68,0
TX01440,CUST0098,35690.75,UPI,Success,Authentication_Failed,0,0.78,Medium,10.9,25,0.0,1
TX01441,CUST0055,9819.37,Card,Abandoned,Timeout,3,0.69,Medium,360.9,29,9819.37,0
TX01442,CUST0623,23671.15,Card,Success,Bank_Decline,3,0.26,High,572.2,27,0.0,1
TX01443,CUST0664,23731.27,Card,Success,None,3,0.71,Low,391.8,18,0.0,1
TX01444,CUST0758,19035.58,NetBanking,Failed,Network_Error,0,0.58,Medium,60.6,26,19035.58,1
TX01445,CUST0406,25961.22,Card,Success,Timeout,1,0.95,Low,328.9,17,0.0,1
TX01446,CUST0069,20772.75,Wallet,Success,Timeout,0,0.43,Medium,546.6,21,0.0,1
TX01447,CUST1336,10127.41,UPI,Abandoned,Insufficient_Funds,3,0.78,Low,13.8,29,10127.41,0
TX01448,CUST1313,20735.85,Wallet,Subscription_Failed,Bank_Decline,1,0.78,Medium,108.5,4,20735.85,0
TX01449,CUST0751,3799.39,NetBanking,Failed,Network_Error,2,0.38,Low,490.6,6,3799.39,0
TX01450,CUST1172,28874.14,UPI,Success,None,2,0.92,Low,537.4,17,0.0,1
TX01451,CUST1491,42712.0,Card,Overdue,Authentication_Failed,3,0.59,Low,427.2,29,42712.0,0
TX01452,CUST1268,36319.3,UPI,Success,Timeout,1,0.74,High,595.0,12,0.0,1
TX01453,CUST0958,18147.62,NetBanking,Abandoned,Authentication_Failed,3,0.32,Low,63.2,21,18147.62,0
TX01454,CUST0365,4536.15,NetBanking,Success,Authentication_Failed,0,0.41,Low,331.9,10,0.0,1
TX01455,CUST0482,10267.04,Wallet,Success,Authentication_Failed,0,0.67,Low,414.1,4,0.0,1
TX01456,CUST0201,27365.42,UPI,Failed,Insufficient_Funds,1,0.46,Low,424.6,21,27365.42,0
TX01457,CUST0154,10511.44,UPI,Abandoned,Authentication_Failed,3,0.6,Low,478.2,14,10511.44,0
TX01458,CUST1474,27289.86,UPI,Success,Bank_Decline,3,0.5,Medium,551.4,30,0.0,1
TX01459,CUST0073,11733.63,Wallet,Success,Bank_Decline,2,0.71,Low,223.4,20,0.0,1
TX01460,CUST0713,42476.41,NetBanking,Success,Network_Error,1,0.59,Medium,35.3,6,0.0,1
TX01461,CUST0296,19984.12,Card,Success,Network_Error,3,0.2,Low,223.8,4,0.0,1
TX01462,CUST1041,12428.42,UPI,Failed,None,0,0.72,Low,406.3,30,12428.42,1
TX01463,CUST1241,40653.84,Wallet,Success,Authentication_Failed,3,0.54,Medium,135.9,29,0.0,1
TX01464,CUST0061,17273.38,Wallet,Success,Authentication_Failed,3,0.47,Low,487.9,28,0.0,1
TX01465,CUST0939,5752.09,Card,Success,Insufficient_Funds,0,0.28,Low,139.7,6,0.0,1
TX01466,CUST0042,28606.39,NetBanking,Success,Authentication_Failed,0,0.38,Low,15.9,16,0.0,1
TX01467,CUST0025,29161.9,UPI,Failed,Authentication_Failed,3,0.38,Low,309.8,30,29161.9,0
TX01468,CUST1063,35791.84,UPI,Failed,Authentication_Failed,0,0.95,Medium,438.6,8,35791.84,1
TX01469,CUST0131,12162.93,Wallet,Success,Timeout,2,0.55,Medium,216.3,5,0.0,1
TX01470,CUST1253,22299.81,NetBanking,Success,Timeout,2,0.23,Medium,451.8,8,0.0,1
TX01471,CUST0108,14261.92,UPI,Failed,Insufficient_Funds,2,0.31,Low,268.7,16,14261.92,0
TX01472,CUST0172,4231.5,Card,Success,Insufficient_Funds,0,0.26,Low,111.3,1,0.0,1
TX01473,CUST1459,43855.37,NetBanking,Success,Bank_Decline,0,0.67,Low,63.4,22,0.0,1
TX01474,CUST0102,36497.72,NetBanking,Success,Insufficient_Funds,0,0.35,Medium,429.2,19,0.0,1
TX01475,CUST0866,15212.86,Wallet,Success,None,1,0.6,Low,237.6,29,0.0,1
TX01476,CUST0524,30048.78,Wallet,Success,Bank_Decline,0,0.5,Low,548.5,12,0.0,1
TX01477,CUST0275,10222.94,UPI,Subscription_Failed,Authentication_Failed,2,0.84,Medium,328.8,25,10222.94,0
TX01478,CUST1068,44533.78,Wallet,Failed,Insufficient_Funds,2,0.46,Low,215.6,29,44533.78,0
TX01479,CUST0817,5922.34,NetBanking,Failed,None,2,0.57,High,215.9,16,5922.34,1
TX01480,CUST0957,391.09,UPI,Success,Insufficient_Funds,1,0.78,Low,87.5,20,0.0,1
TX01481,CUST1041,25200.01,UPI,Failed,Insufficient_Funds,3,0.55,Medium,360.3,19,25200.01,0
TX01482,CUST0330,29239.77,NetBanking,Overdue,Bank_Decline,2,0.83,Low,353.5,5,29239.77,0
TX01483,CUST0012,29032.47,UPI,Failed,Bank_Decline,1,0.73,High,482.0,28,29032.47,0
TX01484,CUST1342,2914.69,Card,Success,Network_Error,3,0.53,Low,128.7,22,0.0,1
TX01485,CUST0216,15839.38,Card,Failed,Bank_Decline,1,0.6,Low,181.6,30,15839.38,0
TX01486,CUST0339,25060.11,UPI,Success,Bank_Decline,1,0.97,Low,67.4,26,0.0,1
TX01487,CUST0661,10985.64,Wallet,Failed,Timeout,3,0.73,High,184.3,18,10985.64,0
TX01488,CUST1105,43656.77,Card,Success,Insufficient_Funds,0,0.92,High,262.6,5,0.0,1
TX01489,CUST0374,4538.04,UPI,Subscription_Failed,Bank_Decline,0,0.34,Low,578.8,1,4538.04,0
TX01490,CUST0976,24471.75,Card,Failed,Insufficient_Funds,2,0.59,Medium,395.3,27,24471.75,0
TX01491,CUST0710,34632.52,Wallet,Success,Insufficient_Funds,3,0.93,Medium,471.9,25,0.0,1
TX01492,CUST1224,13235.2,NetBanking,Success,Timeout,2,0.46,Low,202.1,12,0.0,1
TX01493,CUST0466,31287.19,UPI,Success,Insufficient_Funds,1,0.97,Low,95.3,19,0.0,1
TX01494,CUST1113,41503.38,UPI,Success,None,0,0.28,High,161.5,29,0.0,1
TX01495,CUST1292,9678.78,UPI,Success,Bank_Decline,2,0.92,Low,161.3,9,0.0,1
TX01496,CUST0489,45877.59,UPI,Success,Insufficient_Funds,2,0.56,Low,354.0,28,0.0,1
TX01497,CUST0047,27767.21,UPI,Success,Network_Error,0,0.26,Low,211.5,8,0.0,1
TX01498,CUST1312,15101.75,UPI,Overdue,Network_Error,1,0.9,Low,515.9,12,15101.75,0
TX01499,CUST0778,21656.74,Wallet,Success,Timeout,2,0.4,Medium,593.2,6,0.0,1
TX01500,CUST1040,15747.16,NetBanking,Success,None,2,0.22,Low,212.5,17,0.0,1
TX01501,CUST0711,36310.54,Wallet,Success,Bank_Decline,3,0.31,Low,426.0,21,0.0,1
TX01502,CUST0401,39855.77,Wallet,Success,Timeout,3,0.73,Low,397.9,13,0.0,1
TX01503,CUST0981,41680.28,NetBanking,Success,Network_Error,0,0.98,Low,124.7,3,0.0,1
TX01504,CUST1110,49291.26,Wallet,Failed,None,0,0.29,Low,551.6,7,49291.26,0
TX01505,CUST0250,39605.96,Card,Success,Bank_Decline,1,0.57,High,127.7,11,0.0,1
TX01506,CUST0391,30148.93,Wallet,Failed,Insufficient_Funds,1,0.34,Low,444.8,7,30148.93,0
TX01507,CUST0335,17093.17,UPI,Abandoned,Bank_Decline,2,0.8,Medium,215.1,15,17093.17,0
TX01508,CUST0629,27320.85,Card,Success,Authentication_Failed,3,0.29,Low,226.6,0,0.0,1
TX01509,CUST0137,2245.2,Card,Success,Bank_Decline,1,0.39,Low,278.7,23,0.0,1
TX01510,CUST0883,37292.29,NetBanking,Success,Insufficient_Funds,2,0.36,Low,520.1,9,0.0,1
TX01511,CUST0688,22408.59,Wallet,Abandoned,Authentication_Failed,2,0.64,Medium,92.7,6,22408.59,0
TX01512,CUST0827,1197.16,Wallet,Success,None,0,0.9,Medium,42.2,29,0.0,1
TX01513,CUST0727,3312.85,Card,Failed,Timeout,3,0.61,Low,247.2,13,3312.85,0
TX01514,CUST0594,19495.83,Wallet,Abandoned,None,2,0.25,Low,42.8,16,19495.83,0
TX01515,CUST1247,29254.39,Wallet,Failed,Bank_Decline,0,0.65,Medium,415.7,18,29254.39,0
TX01516,CUST0990,23317.36,NetBanking,Success,Timeout,2,0.84,Low,458.6,29,0.0,1
TX01517,CUST0372,31036.38,Card,Success,Bank_Decline,3,0.31,Medium,514.3,4,0.0,1
TX01518,CUST0935,24118.65,UPI,Failed,Network_Error,2,0.26,Low,448.9,18,24118.65,0
TX01519,CUST0995,33152.85,Card,Subscription_Failed,Network_Error,2,0.35,Medium,550.6,2,33152.85,1
TX01520,CUST0402,11112.48,NetBanking,Overdue,Insufficient_Funds,1,0.8,Medium,451.5,0,11112.48,0
TX01521,CUST1467,5819.59,NetBanking,Subscription_Failed,None,1,0.67,Low,562.3,7,5819.59,0
TX01522,CUST0615,29902.41,NetBanking,Abandoned,Network_Error,0,0.63,Medium,123.9,8,29902.41,1
TX01523,CUST1297,24337.54,Wallet,Failed,Authentication_Failed,2,0.4,Low,304.9,4,24337.54,0
TX01524,CUST1183,1538.01,Card,Abandoned,Authentication_Failed,0,0.47,Low,596.4,0,1538.01,0
TX01525,CUST1176,19148.0,Wallet,Success,Bank_Decline,3,0.97,Low,412.1,16,0.0,1
TX01526,CUST0995,5485.05,Wallet,Failed,Timeout,0,0.39,Low,528.4,24,5485.05,0
TX01527,CUST0620,26661.57,Card,Success,Authentication_Failed,2,0.92,Low,27.9,13,0.0,1
TX01528,CUST0188,19909.73,NetBanking,Success,Bank_Decline,1,0.66,High,524.3,16,0.0,1
TX01529,CUST1122,30734.97,UPI,Abandoned,Timeout,1,0.3,Medium,421.7,8,30734.97,0
TX01530,CUST0131,40318.99,UPI,Success,Network_Error,0,0.57,Low,110.7,30,0.0,1
TX01531,CUST0805,15123.5,Card,Success,Bank_Decline,1,0.96,Medium,25.2,2,0.0,1
TX01532,CUST1195,48112.68,Card,Success,Timeout,2,0.53,Low,163.4,2,0.0,1
TX01533,CUST0936,26874.6,NetBanking,Subscription_Failed,Insufficient_Funds,2,0.89,Medium,550.3,12,26874.6,0
TX01534,CUST0986,30990.88,Card,Failed,None,3,0.41,Low,404.2,19,30990.88,0
TX01535,CUST0183,34097.48,Card,Success,None,1,0.66,Medium,552.5,4,0.0,1
TX01536,CUST0983,33403.23,NetBanking,Success,Insufficient_Funds,1,0.88,Medium,273.2,5,0.0,1
TX01537,CUST0364,25646.34,NetBanking,Success,Authentication_Failed,3,0.94,Medium,562.6,13,0.0,1
TX01538,CUST0039,21552.46,Wallet,Success,None,0,0.59,Low,283.1,5,0.0,1
TX01539,CUST0497,2878.34,Card,Success,Timeout,3,0.71,Low,130.5,25,0.0,1
TX01540,CUST1373,1299.88,UPI,Abandoned,Insufficient_Funds,1,0.2,Low,99.3,28,1299.88,0
TX01541,CUST0982,18026.47,Card,Success,Authentication_Failed,0,0.4,Low,596.3,30,0.0,1
TX01542,CUST0921,16816.31,UPI,Success,Bank_Decline,2,0.42,Low,207.0,28,0.0,1
TX01543,CUST1421,19507.22,UPI,Success,Bank_Decline,2,0.27,Medium,104.4,24,0.0,1
TX01544,CUST0722,7090.74,UPI,Success,Timeout,3,0.42,Medium,15.0,16,0.0,1
TX01545,CUST1185,36960.78,Wallet,Success,Timeout,2,0.46,Low,178.5,8,0.0,1
TX01546,CUST0016,42876.83,NetBanking,Failed,Timeout,1,0.98,Low,534.6,3,42876.83,0
TX01547,CUST0493,46947.99,NetBanking,Success,None,3,0.73,Medium,325.1,22,0.0,1
TX01548,CUST1450,24719.64,Wallet,Subscription_Failed,Timeout,1,0.54,High,383.1,14,24719.64,1
TX01549,CUST1132,35103.11,NetBanking,Failed,Insufficient_Funds,1,0.99,Low,554.2,21,35103.11,1
TX01550,CUST0894,42806.45,Wallet,Success,Insufficient_Funds,0,0.32,Low,312.6,24,0.0,1
TX01551,CUST1474,21030.9,Card,Success,Authentication_Failed,0,0.58,Medium,504.6,17,0.0,1
TX01552,CUST0311,15608.76,Wallet,Failed,Insufficient_Funds,0,0.72,Medium,201.1,14,15608.76,0
TX01553,CUST0739,46848.88,NetBanking,Success,None,2,0.24,Low,586.5,26,0.0,1
TX01554,CUST1194,25880.69,NetBanking,Failed,Bank_Decline,0,0.77,Medium,56.5,17,25880.69,0
TX01555,CUST0546,24963.24,Card,Subscription_Failed,Authentication_Failed,1,0.28,Medium,437.6,6,24963.24,0
TX01556,CUST0414,9085.12,Wallet,Success,Insufficient_Funds,3,0.31,Low,399.7,14,0.0,1
TX01557,CUST0251,5586.12,Card,Failed,Timeout,3,0.33,Medium,123.1,27,5586.12,0
TX01558,CUST0759,42136.92,UPI,Abandoned,Insufficient_Funds,1,0.94,Low,239.4,24,42136.92,0
TX01559,CUST1165,30783.83,Wallet,Success,Network_Error,2,0.75,Medium,194.6,4,0.0,1
TX01560,CUST1298,16426.06,Card,Failed,Authentication_Failed,3,0.72,Medium,65.8,22,16426.06,0
TX01561,CUST1440,9748.46,Card,Success,None,1,0.64,Low,355.0,10,0.0,1
TX01562,CUST1063,27863.76,NetBanking,Success,Insufficient_Funds,1,0.43,Medium,596.3,23,0.0,1
TX01563,CUST0814,29279.18,Wallet,Failed,Insufficient_Funds,1,0.7,Medium,340.2,13,29279.18,1
TX01564,CUST0029,10508.28,UPI,Failed,None,3,0.53,High,331.7,7,10508.28,1
TX01565,CUST0958,42600.01,UPI,Overdue,Bank_Decline,3,0.32,Low,33.8,3,42600.01,0
TX01566,CUST0477,4396.37,Wallet,Success,Timeout,0,0.75,Low,92.1,9,0.0,1
TX01567,CUST0318,17933.44,Wallet,Success,Timeout,0,0.3,High,312.8,6,0.0,1
TX01568,CUST0245,34083.14,Card,Success,Bank_Decline,1,0.35,Medium,591.3,0,0.0,1
TX01569,CUST0748,13851.19,NetBanking,Success,Bank_Decline,1,0.85,High,527.2,19,0.0,1
TX01570,CUST0697,41418.22,NetBanking,Success,Network_Error,1,0.73,Low,210.7,11,0.0,1
TX01571,CUST0272,37045.42,NetBanking,Success,None,1,0.7,Low,330.4,12,0.0,1
TX01572,CUST1464,39493.34,Wallet,Success,Authentication_Failed,3,0.53,Low,336.1,15,0.0,1
TX01573,CUST1263,6131.51,NetBanking,Success,Timeout,0,0.52,Medium,414.4,13,0.0,1
TX01574,CUST0377,7199.25,Card,Success,Bank_Decline,2,0.75,High,415.8,12,0.0,1
TX01575,CUST0266,14466.39,Wallet,Overdue,Bank_Decline,1,0.79,Medium,476.0,4,14466.39,0
TX01576,CUST0926,26000.24,Wallet,Abandoned,None,0,0.61,Low,24.7,13,26000.24,1
TX01577,CUST0921,37451.2,NetBanking,Success,Authentication_Failed,1,0.98,Low,566.8,25,0.0,1
TX01578,CUST1383,41859.24,UPI,Subscription_Failed,Bank_Decline,3,0.96,Medium,51.3,12,41859.24,0
TX01579,CUST0340,35275.9,UPI,Failed,Network_Error,2,0.53,Medium,290.9,13,35275.9,1
TX01580,CUST0389,46444.12,Card,Subscription_Failed,Authentication_Failed,0,0.86,Medium,552.6,11,46444.12,0
TX01581,CUST0577,36989.43,NetBanking,Success,Network_Error,0,0.63,Low,297.7,22,0.0,1
TX01582,CUST0003,15452.14,NetBanking,Success,Insufficient_Funds,2,0.61,Low,47.5,27,0.0,1
TX01583,CUST1453,13401.05,Wallet,Subscription_Failed,Timeout,3,0.24,Low,145.3,21,13401.05,0
TX01584,CUST1166,34870.38,Wallet,Success,Bank_Decline,2,0.66,Medium,351.4,19,0.0,1
TX01585,CUST0376,9804.95,NetBanking,Subscription_Failed,Authentication_Failed,0,0.92,Low,61.8,14,9804.95,0
TX01586,CUST0324,4817.2,Wallet,Abandoned,Network_Error,2,0.82,High,260.0,18,4817.2,1
TX01587,CUST0146,26704.7,NetBanking,Overdue,Timeout,3,0.83,Medium,204.2,10,26704.7,0
TX01588,CUST0293,41117.75,Card,Success,Timeout,3,0.33,Low,491.0,29,0.0,1
TX01589,CUST0432,5248.72,Wallet,Success,Bank_Decline,1,0.49,Low,75.0,21,0.0,1
TX01590,CUST0705,39636.19,NetBanking,Success,Timeout,2,0.39,High,412.9,25,0.0,1
TX01591,CUST0949,40616.29,Wallet,Overdue,Bank_Decline,2,0.45,Low,249.9,14,40616.29,0
TX01592,CUST0585,24217.25,Card,Success,Insufficient_Funds,0,0.66,Low,356.8,29,0.0,1
TX01593,CUST0399,3054.05,Wallet,Failed,Bank_Decline,3,0.49,High,131.3,28,3054.05,0
TX01594,CUST0817,8894.57,NetBanking,Success,None,2,0.65,Medium,369.7,27,0.0,1
TX01595,CUST1368,35429.83,Wallet,Success,Network_Error,0,0.55,Medium,407.6,20,0.0,1
TX01596,CUST0964,35646.54,Wallet,Success,None,1,0.43,Low,51.4,29,0.0,1
TX01597,CUST1164,44938.09,NetBanking,Success,Timeout,2,0.28,Medium,496.4,11,0.0,1
TX01598,CUST0187,29217.77,UPI,Subscription_Failed,Timeout,2,0.91,Low,518.1,18,29217.77,0
TX01599,CUST0061,6380.55,Wallet,Success,Timeout,0,0.21,Low,47.5,15,0.0,1
TX01600,CUST0939,6246.46,Wallet,Subscription_Failed,Bank_Decline,0,0.2,Low,365.9,3,6246.46,0
TX01601,CUST1404,36112.39,Card,Failed,Authentication_Failed,3,0.86,Low,360.5,17,36112.39,0
TX01602,CUST0710,9352.48,UPI,Failed,Bank_Decline,3,1.0,High,17.4,8,9352.48,1
TX01603,CUST0807,16553.6,Card,Failed,Network_Error,3,0.78,Medium,212.0,15,16553.6,1
TX01604,CUST1464,24463.16,NetBanking,Success,Bank_Decline,2,0.21,Medium,581.7,6,0.0,1
TX01605,CUST1343,1433.29,NetBanking,Success,Timeout,0,0.38,High,337.7,27,0.0,1
TX01606,CUST1326,12591.19,Card,Abandoned,Insufficient_Funds,3,0.98,Low,560.6,29,12591.19,0
TX01607,CUST1368,20512.9,Wallet,Success,Network_Error,2,0.85,Low,408.6,25,0.0,1
TX01608,CUST0011,14125.89,UPI,Success,None,3,0.65,Medium,26.8,18,0.0,1
TX01609,CUST1086,6991.24,Card,Success,Insufficient_Funds,1,0.39,Medium,55.9,23,0.0,1
TX01610,CUST0226,36455.01,Card,Abandoned,Network_Error,2,0.21,Low,436.1,23,36455.01,0
TX01611,CUST1177,40694.75,NetBanking,Success,Network_Error,3,0.22,Low,337.2,10,0.0,1
TX01612,CUST0564,13022.45,Wallet,Success,Timeout,3,0.69,Low,85.0,16,0.0,1
TX01613,CUST0772,38766.09,UPI,Success,None,1,0.22,Low,372.3,29,0.0,1
TX01614,CUST1334,19400.57,Card,Overdue,Bank_Decline,1,0.99,Low,488.1,20,19400.57,1
TX01615,CUST0885,25432.95,UPI,Success,None,3,0.35,Low,454.3,4,0.0,1
TX01616,CUST1267,42828.85,UPI,Failed,Timeout,3,0.77,Low,155.2,11,42828.85,0
TX01617,CUST1390,37547.69,Card,Failed,Timeout,0,0.32,Low,162.3,18,37547.69,0
TX01618,CUST1354,40294.82,UPI,Abandoned,Timeout,3,0.63,Low,581.0,1,40294.82,1
TX01619,CUST1131,7014.89,NetBanking,Success,Insufficient_Funds,3,0.26,High,533.6,0,0.0,1
TX01620,CUST0226,3672.03,Wallet,Abandoned,None,0,0.81,High,197.8,28,3672.03,0
TX01621,CUST0825,44691.56,Wallet,Success,None,0,0.67,Medium,496.2,3,0.0,1
TX01622,CUST0218,19514.15,Wallet,Success,Network_Error,3,0.27,High,105.4,27,0.0,1
TX01623,CUST0937,14536.41,NetBanking,Failed,Authentication_Failed,0,0.88,High,126.1,10,14536.41,1
TX01624,CUST0753,36289.87,NetBanking,Abandoned,Bank_Decline,2,0.64,Low,116.9,25,36289.87,0
TX01625,CUST0506,41853.5,NetBanking,Failed,Timeout,1,0.94,Low,61.8,17,41853.5,0
TX01626,CUST0259,43151.98,Wallet,Subscription_Failed,None,2,0.93,High,514.3,20,43151.98,0
TX01627,CUST0054,15936.66,UPI,Success,None,1,0.94,Medium,351.5,27,0.0,1
TX01628,CUST1071,42640.18,NetBanking,Subscription_Failed,Network_Error,1,0.26,Low,162.8,26,42640.18,1
TX01629,CUST0727,2238.51,Card,Success,Bank_Decline,3,0.3,Medium,510.7,15,0.0,1
TX01630,CUST0689,2673.14,NetBanking,Failed,Authentication_Failed,1,0.99,Low,483.6,9,2673.14,1
TX01631,CUST1123,31251.26,Card,Success,Authentication_Failed,2,0.59,Low,69.6,11,0.0,1
TX01632,CUST1044,3342.7,Wallet,Success,Timeout,3,0.39,Low,390.0,1,0.0,1
TX01633,CUST0419,16365.54,Card,Success,Authentication_Failed,0,0.82,Low,435.9,0,0.0,1
TX01634,CUST0690,33703.25,NetBanking,Success,Authentication_Failed,2,0.41,Low,432.3,9,0.0,1
TX01635,CUST0850,16995.89,NetBanking,Success,Bank_Decline,3,0.78,High,436.7,9,0.0,1
TX01636,CUST0062,9144.07,UPI,Success,Bank_Decline,1,0.87,Low,110.0,27,0.0,1
TX01637,CUST1169,14211.26,Wallet,Success,Timeout,2,0.83,Low,195.9,25,0.0,1
TX01638,CUST0216,22987.25,Card,Failed,None,1,0.42,Low,508.1,9,22987.25,0
TX01639,CUST0003,23874.22,Wallet,Success,Network_Error,3,0.52,Medium,540.1,24,0.0,1
TX01640,CUST0160,39193.41,NetBanking,Success,Timeout,3,0.53,High,174.7,1,0.0,1
TX01641,CUST0781,37557.63,UPI,Success,Insufficient_Funds,0,0.59,Low,23.6,25,0.0,1
TX01642,CUST1144,22949.53,NetBanking,Success,Authentication_Failed,0,0.33,Low,517.3,19,0.0,1
TX01643,CUST0893,42314.23,NetBanking,Subscription_Failed,Network_Error,2,0.56,Low,232.5,2,42314.23,1
TX01644,CUST1113,5889.01,NetBanking,Subscription_Failed,None,0,0.61,Medium,204.4,0,5889.01,0
TX01645,CUST0329,12916.6,Card,Success,None,1,0.63,Low,214.7,23,0.0,1
TX01646,CUST0580,41433.23,NetBanking,Failed,Bank_Decline,1,0.86,Low,255.3,17,41433.23,0
TX01647,CUST1381,19024.1,Wallet,Failed,Insufficient_Funds,0,0.61,Low,233.2,10,19024.1,0
TX01648,CUST1291,49062.84,Wallet,Success,None,0,0.38,Low,344.2,23,0.0,1
TX01649,CUST0952,23419.41,UPI,Failed,Insufficient_Funds,0,0.73,High,56.6,11,23419.41,0
TX01650,CUST1347,39638.39,Wallet,Success,Authentication_Failed,2,0.84,Low,583.2,0,0.0,1
TX01651,CUST0635,20234.89,NetBanking,Success,Bank_Decline,2,0.46,Low,562.5,5,0.0,1
TX01652,CUST0988,21362.69,NetBanking,Success,Network_Error,1,0.72,Medium,561.3,15,0.0,1
TX01653,CUST1219,19267.58,Wallet,Success,Bank_Decline,2,0.32,Medium,528.8,19,0.0,1
TX01654,CUST0921,36009.97,UPI,Failed,Authentication_Failed,2,0.47,Low,399.6,2,36009.97,0
TX01655,CUST0738,27466.39,UPI,Success,None,3,0.93,High,140.5,16,0.0,1
TX01656,CUST1356,47200.15,Wallet,Success,Insufficient_Funds,1,0.93,Medium,39.2,25,0.0,1
TX01657,CUST0170,12694.34,Card,Success,Authentication_Failed,1,0.66,Low,68.6,15,0.0,1
TX01658,CUST0521,5208.02,Card,Abandoned,None,0,0.76,Low,201.2,10,5208.02,1
TX01659,CUST1487,19784.42,Card,Abandoned,Timeout,3,0.88,Low,307.3,15,19784.42,0
TX01660,CUST0040,30912.29,Card,Failed,Insufficient_Funds,0,0.97,Low,596.0,11,30912.29,0
TX01661,CUST1285,43067.79,Wallet,Success,Authentication_Failed,2,0.59,Low,266.9,0,0.0,1
TX01662,CUST1419,17440.6,UPI,Failed,Network_Error,1,0.65,Medium,319.5,10,17440.6,0
TX01663,CUST0955,32758.58,NetBanking,Success,Network_Error,2,0.53,Medium,420.1,22,0.0,1
TX01664,CUST1250,17639.89,NetBanking,Success,None,2,0.26,Low,116.6,5,0.0,1
TX01665,CUST0984,30937.54,Wallet,Success,None,3,0.54,Low,560.4,18,0.0,1
TX01666,CUST1148,44263.44,NetBanking,Success,Network_Error,3,0.83,Low,322.1,11,0.0,1
TX01667,CUST0975,11721.61,Card,Failed,Timeout,1,0.84,Medium,173.0,27,11721.61,0
TX01668,CUST0038,20331.23,UPI,Overdue,Bank_Decline,1,0.91,Medium,561.7,1,20331.23,0
TX01669,CUST0328,49664.61,Wallet,Abandoned,Network_Error,3,0.24,Low,379.0,9,49664.61,0
TX01670,CUST1275,43454.14,UPI,Success,None,3,0.62,Medium,295.4,18,0.0,1
TX01671,CUST1200,28319.06,Wallet,Success,None,3,0.29,Low,352.3,27,0.0,1
TX01672,CUST0914,25928.05,Wallet,Success,Timeout,3,0.36,Medium,451.5,14,0.0,1
TX01673,CUST0454,14373.1,Wallet,Abandoned,Network_Error,1,0.92,Low,101.2,7,14373.1,1
TX01674,CUST0037,25957.03,Wallet,Failed,Timeout,1,0.6,Low,520.2,10,25957.03,1
TX01675,CUST1340,42439.44,UPI,Overdue,Network_Error,2,0.81,Low,576.1,22,42439.44,0
TX01676,CUST0973,34321.69,NetBanking,Success,Bank_Decline,2,0.25,High,344.5,15,0.0,1
TX01677,CUST0796,14644.19,Wallet,Abandoned,Authentication_Failed,2,0.53,Medium,412.5,12,14644.19,0
TX01678,CUST0973,10232.9,Card,Failed,Network_Error,1,0.74,High,517.3,29,10232.9,1
TX01679,CUST0593,13407.39,Wallet,Subscription_Failed,Authentication_Failed,0,0.31,Low,231.1,27,13407.39,0
TX01680,CUST1138,8654.01,UPI,Failed,Network_Error,2,0.46,Low,595.8,30,8654.01,0
TX01681,CUST1064,4962.91,Wallet,Failed,Bank_Decline,0,0.25,Low,411.5,12,4962.91,0
TX01682,CUST1325,21072.98,Card,Failed,None,0,0.72,Medium,260.2,22,21072.98,1
TX01683,CUST0224,5842.32,UPI,Failed,Authentication_Failed,0,0.98,Medium,409.6,4,5842.32,0
TX01684,CUST0318,8761.25,Wallet,Success,Timeout,3,0.86,Medium,317.8,11,0.0,1
TX01685,CUST0349,27456.77,Card,Success,Network_Error,1,0.98,Medium,75.9,9,0.0,1
TX01686,CUST0115,8397.04,UPI,Success,None,1,0.88,Medium,479.6,18,0.0,1
TX01687,CUST0698,3381.21,Wallet,Success,Network_Error,2,0.88,High,343.0,16,0.0,1
TX01688,CUST1347,16005.96,Card,Failed,Timeout,2,0.66,Low,479.5,0,16005.96,1
TX01689,CUST1064,11171.89,UPI,Success,Bank_Decline,1,0.61,Medium,101.4,21,0.0,1
TX01690,CUST0040,25862.2,Wallet,Success,Insufficient_Funds,3,0.53,High,327.6,14,0.0,1
TX01691,CUST1313,5297.88,UPI,Success,Network_Error,1,0.85,Low,462.3,15,0.0,1
TX01692,CUST1286,37638.19,Card,Failed,Timeout,0,0.35,Medium,593.1,19,37638.19,0
TX01693,CUST0216,45330.43,Wallet,Success,Insufficient_Funds,1,0.24,Low,531.8,22,0.0,1
TX01694,CUST1171,37223.07,Wallet,Success,Network_Error,3,0.96,Low,520.0,9,0.0,1
TX01695,CUST0336,26734.79,Wallet,Success,Authentication_Failed,1,0.2,Medium,156.0,9,0.0,1
TX01696,CUST1192,43061.26,Card,Success,None,1,0.98,Low,504.4,25,0.0,1
TX01697,CUST0092,34806.94,NetBanking,Subscription_Failed,None,1,0.78,Low,109.9,16,34806.94,0
TX01698,CUST0353,725.45,Wallet,Success,Timeout,0,0.46,High,126.9,28,0.0,1
TX01699,CUST0571,19825.69,Card,Failed,Authentication_Failed,2,0.76,Low,75.0,21,19825.69,0
TX01700,CUST0816,42577.4,UPI,Failed,Bank_Decline,3,0.85,Low,516.0,22,42577.4,0
TX01701,CUST0781,17423.77,UPI,Overdue,Insufficient_Funds,0,0.4,Medium,73.9,16,17423.77,0
TX01702,CUST0363,1953.72,Card,Success,Timeout,1,0.82,Low,91.5,1,0.0,1
TX01703,CUST0557,37359.75,NetBanking,Success,Network_Error,1,0.84,Low,155.1,8,0.0,1
TX01704,CUST1369,40141.51,Card,Success,None,2,0.4,Low,347.9,24,0.0,1
TX01705,CUST1194,8197.57,UPI,Success,Network_Error,2,0.23,Low,529.3,21,0.0,1
TX01706,CUST0356,26959.56,UPI,Failed,Insufficient_Funds,2,0.36,Low,256.8,26,26959.56,0
TX01707,CUST0191,9759.38,Wallet,Success,Authentication_Failed,0,0.36,High,332.3,3,0.0,1
TX01708,CUST0422,36017.87,NetBanking,Success,Authentication_Failed,3,0.25,Low,108.2,6,0.0,1
TX01709,CUST0700,13723.21,Card,Subscription_Failed,Timeout,2,0.78,Low,166.9,4,13723.21,0
TX01710,CUST0007,15947.51,UPI,Failed,Timeout,1,0.5,High,89.0,30,15947.51,1
TX01711,CUST0133,42279.55,UPI,Success,Authentication_Failed,3,0.91,Medium,251.9,18,0.0,1
TX01712,CUST0557,23920.85,UPI,Success,Timeout,1,0.4,Low,358.3,3,0.0,1
TX01713,CUST0826,33553.77,Card,Success,Authentication_Failed,1,0.56,Medium,177.6,17,0.0,1
TX01714,CUST0761,20238.18,Card,Overdue,Insufficient_Funds,3,0.71,Medium,509.1,29,20238.18,0
TX01715,CUST1055,15040.74,NetBanking,Subscription_Failed,Timeout,0,0.9,Medium,588.9,21,15040.74,0
TX01716,CUST0535,31348.81,Wallet,Subscription_Failed,Authentication_Failed,3,0.62,Medium,80.9,2,31348.81,1
TX01717,CUST0426,7911.91,Wallet,Subscription_Failed,Timeout,2,0.5,Low,20.5,22,7911.91,0
TX01718,CUST1418,18775.39,Wallet,Success,Network_Error,3,0.89,Low,476.0,3,0.0,1
TX01719,CUST0672,10610.04,UPI,Success,None,2,0.45,Low,122.5,13,0.0,1
TX01720,CUST0363,34850.59,Wallet,Success,Network_Error,2,0.26,Medium,218.4,23,0.0,1
TX01721,CUST1461,47221.6,UPI,Failed,Bank_Decline,3,0.56,Medium,242.6,26,47221.6,0
TX01722,CUST0082,49776.45,NetBanking,Subscription_Failed,Authentication_Failed,3,0.83,Low,550.8,13,49776.45,1
TX01723,CUST0356,22623.79,UPI,Success,Bank_Decline,2,0.22,Low,398.7,16,0.0,1
TX01724,CUST1282,12776.01,NetBanking,Success,Authentication_Failed,1,0.67,High,34.0,8,0.0,1
TX01725,CUST0589,22252.9,NetBanking,Overdue,None,3,0.68,Low,18.7,18,22252.9,0
TX01726,CUST0295,42394.02,Wallet,Success,Timeout,0,0.94,Low,127.7,30,0.0,1
TX01727,CUST1248,10459.08,Wallet,Subscription_Failed,Authentication_Failed,2,0.43,Medium,197.7,2,10459.08,0
TX01728,CUST1070,47614.36,UPI,Success,Network_Error,1,0.42,Low,295.9,14,0.0,1
TX01729,CUST1137,17224.92,Card,Success,Timeout,3,0.55,Low,504.3,20,0.0,1
TX01730,CUST1257,49293.02,Wallet,Success,None,3,0.49,Low,195.7,25,0.0,1
TX01731,CUST0017,41962.72,Wallet,Failed,Network_Error,1,0.79,Medium,232.2,0,41962.72,0
TX01732,CUST0360,40466.81,Card,Failed,Timeout,0,0.71,Low,204.3,29,40466.81,0
TX01733,CUST1247,16031.65,Card,Success,Authentication_Failed,2,0.81,High,15.3,18,0.0,1
TX01734,CUST0866,637.11,Wallet,Subscription_Failed,Authentication_Failed,3,0.86,Low,573.6,3,637.11,0
TX01735,CUST0700,19230.22,Card,Failed,Network_Error,0,0.94,Medium,92.0,13,19230.22,1
TX01736,CUST0448,15230.11,UPI,Failed,Insufficient_Funds,2,0.54,Low,179.7,17,15230.11,0
TX01737,CUST0856,2062.37,NetBanking,Success,Authentication_Failed,0,0.99,Low,86.3,11,0.0,1
TX01738,CUST0365,25367.19,NetBanking,Subscription_Failed,Insufficient_Funds,2,0.37,Medium,299.4,5,25367.19,0
TX01739,CUST0675,20270.96,Wallet,Success,Timeout,2,0.77,Low,560.0,9,0.0,1
TX01740,CUST1008,31800.91,Wallet,Success,Insufficient_Funds,0,0.63,Medium,69.4,3,0.0,1
TX01741,CUST1350,31135.08,UPI,Success,Network_Error,2,0.85,Low,270.1,15,0.0,1
TX01742,CUST0467,6213.18,Card,Success,Bank_Decline,3,0.58,Low,23.2,0,0.0,1
TX01743,CUST0414,48852.88,Wallet,Subscription_Failed,Bank_Decline,3,0.83,Medium,464.8,2,48852.88,1
TX01744,CUST1479,9509.19,NetBanking,Success,Network_Error,0,0.94,Medium,388.3,6,0.0,1
TX01745,CUST0586,22374.65,UPI,Success,Bank_Decline,0,0.79,Low,422.8,29,0.0,1
TX01746,CUST1257,24508.25,UPI,Subscription_Failed,Network_Error,2,0.82,High,288.7,2,24508.25,1
TX01747,CUST1248,40690.53,Card,Failed,Authentication_Failed,2,0.25,Low,545.5,28,40690.53,0
TX01748,CUST0994,5141.63,Wallet,Abandoned,Insufficient_Funds,0,0.36,Low,251.6,21,5141.63,0
TX01749,CUST1436,21546.49,Wallet,Success,Bank_Decline,1,0.98,Low,313.3,26,0.0,1
TX01750,CUST0572,31499.41,UPI,Failed,Authentication_Failed,0,0.75,Low,420.2,14,31499.41,0
TX01751,CUST0335,10914.75,NetBanking,Success,Bank_Decline,1,0.65,Low,317.1,5,0.0,1
TX01752,CUST1246,31447.9,Wallet,Overdue,Timeout,1,0.49,Medium,121.7,15,31447.9,0
TX01753,CUST0037,46198.51,NetBanking,Failed,Network_Error,0,0.24,Low,197.1,16,46198.51,0
TX01754,CUST0989,49876.4,UPI,Failed,Network_Error,0,0.5,Low,64.5,1,49876.4,0
TX01755,CUST0278,1816.06,Wallet,Success,Authentication_Failed,0,0.6,High,265.2,9,0.0,1
TX01756,CUST1220,11932.29,NetBanking,Success,Timeout,1,0.37,Low,369.5,10,0.0,1
TX01757,CUST0916,15653.29,UPI,Success,Insufficient_Funds,3,0.34,Low,79.9,27,0.0,1
TX01758,CUST0484,20076.48,NetBanking,Success,Timeout,3,0.61,Low,382.0,26,0.0,1
TX01759,CUST1266,12264.41,Wallet,Success,Timeout,0,0.67,Low,536.8,5,0.0,1
TX01760,CUST1348,10333.7,Card,Abandoned,None,0,0.39,Low,209.3,17,10333.7,0
TX01761,CUST0731,47736.78,NetBanking,Success,Insufficient_Funds,2,0.67,Low,141.0,14,0.0,1
TX01762,CUST0192,45942.38,Card,Abandoned,Insufficient_Funds,2,0.92,Medium,536.9,15,45942.38,0
TX01763,CUST1041,2540.23,Wallet,Success,Timeout,2,0.58,Medium,418.2,29,0.0,1
TX01764,CUST0524,17072.89,Card,Success,Bank_Decline,0,0.89,Medium,72.2,12,0.0,1
TX01765,CUST0918,20376.4,UPI,Abandoned,None,3,0.94,Medium,250.8,15,20376.4,0
TX01766,CUST0401,12102.92,Card,Abandoned,Bank_Decline,3,0.27,Low,407.7,1,12102.92,0
TX01767,CUST0886,31517.87,NetBanking,Success,Timeout,0,0.28,Low,348.9,19,0.0,1
TX01768,CUST0705,32090.96,NetBanking,Success,Bank_Decline,0,0.58,Medium,374.9,11,0.0,1
TX01769,CUST0022,42555.11,Card,Failed,Insufficient_Funds,1,0.67,Low,344.6,28,42555.11,0
TX01770,CUST0474,37095.29,UPI,Success,Insufficient_Funds,1,0.54,Low,480.9,13,0.0,1
TX01771,CUST1144,27220.15,Wallet,Success,Bank_Decline,3,0.46,Medium,199.1,7,0.0,1
TX01772,CUST0210,32748.62,Card,Failed,Insufficient_Funds,2,0.71,Low,428.0,5,32748.62,0
TX01773,CUST0306,13844.64,NetBanking,Success,Network_Error,3,0.2,Medium,594.7,13,0.0,1
TX01774,CUST1294,29734.2,NetBanking,Success,Insufficient_Funds,1,0.97,Low,240.1,23,0.0,1
TX01775,CUST0704,24563.52,Card,Subscription_Failed,Timeout,3,0.39,High,476.7,14,24563.52,1
TX01776,CUST0687,6840.55,Card,Abandoned,Authentication_Failed,1,0.93,Medium,155.2,19,6840.55,0
TX01777,CUST0285,12278.7,Card,Success,Bank_Decline,1,0.29,Low,176.3,26,0.0,1
TX01778,CUST0716,14726.33,Wallet,Success,None,2,0.39,Medium,561.6,2,0.0,1
TX01779,CUST0763,46230.62,NetBanking,Success,Bank_Decline,2,0.39,Medium,25.3,6,0.0,1
TX01780,CUST1251,11673.25,NetBanking,Subscription_Failed,Insufficient_Funds,1,1.0,Medium,138.3,30,11673.25,0
TX01781,CUST0948,14604.35,NetBanking,Failed,Insufficient_Funds,0,0.2,Low,294.9,15,14604.35,0
TX01782,CUST0381,18593.84,Wallet,Success,Authentication_Failed,2,0.71,Low,247.1,22,0.0,1
TX01783,CUST0460,33254.39,UPI,Success,Authentication_Failed,1,0.9,Low,381.2,1,0.0,1
TX01784,CUST1031,6088.27,NetBanking,Success,None,0,0.74,Low,123.7,16,0.0,1
TX01785,CUST0029,47706.47,NetBanking,Success,Timeout,0,0.49,High,51.6,10,0.0,1
TX01786,CUST0907,43305.45,UPI,Abandoned,Network_Error,3,0.97,Low,227.9,23,43305.45,0
TX01787,CUST1057,28945.36,Wallet,Success,Timeout,3,0.91,Low,319.4,2,0.0,1
TX01788,CUST0879,33767.09,UPI,Success,None,2,0.55,Low,341.6,21,0.0,1
TX01789,CUST0079,1029.69,UPI,Success,Bank_Decline,0,0.66,High,364.9,22,0.0,1
TX01790,CUST0947,17079.45,UPI,Success,Insufficient_Funds,2,0.97,Medium,333.7,7,0.0,1
TX01791,CUST0459,39823.88,UPI,Success,Timeout,1,0.99,Medium,155.0,21,0.0,1
TX01792,CUST0570,4058.65,Wallet,Failed,Insufficient_Funds,2,0.56,Medium,461.1,22,4058.65,0
TX01793,CUST1454,14259.23,Wallet,Failed,Insufficient_Funds,0,0.88,Medium,61.8,20,14259.23,0
TX01794,CUST0738,29347.78,UPI,Overdue,Timeout,3,0.44,Medium,127.0,18,29347.78,1
TX01795,CUST1309,12969.37,Card,Overdue,Timeout,2,0.5,Low,446.2,30,12969.37,0
TX01796,CUST0516,46712.1,Card,Failed,Authentication_Failed,3,0.33,Low,175.0,17,46712.1,0
TX01797,CUST1123,6726.72,Card,Abandoned,None,2,0.37,Medium,301.1,6,6726.72,0
TX01798,CUST0397,39910.24,Card,Overdue,None,1,0.73,Low,203.0,15,39910.24,1
TX01799,CUST0039,25495.84,NetBanking,Success,Network_Error,0,0.61,Medium,309.1,23,0.0,1
TX01800,CUST1295,37566.47,Wallet,Success,Authentication_Failed,2,0.38,Low,214.5,13,0.0,1
TX01801,CUST0887,15673.62,Wallet,Success,Network_Error,1,0.52,Medium,596.6,7,0.0,1
TX01802,CUST0797,25821.58,UPI,Failed,Timeout,1,0.5,Low,220.9,12,25821.58,0
TX01803,CUST0157,42870.4,NetBanking,Abandoned,None,1,0.99,Low,380.0,2,42870.4,1
TX01804,CUST1099,23450.53,UPI,Success,None,3,0.88,Medium,534.1,1,0.0,1
TX01805,CUST0884,18114.05,UPI,Success,Network_Error,3,0.51,Low,386.4,12,0.0,1
TX01806,CUST1154,26900.54,Wallet,Success,Bank_Decline,1,0.93,Medium,343.9,24,0.0,1
TX01807,CUST0974,35924.67,NetBanking,Success,Authentication_Failed,1,0.47,Medium,345.8,21,0.0,1
TX01808,CUST1108,22289.45,Card,Success,Authentication_Failed,2,0.73,High,302.9,25,0.0,1
TX01809,CUST1046,46956.07,Wallet,Success,Authentication_Failed,2,0.97,Medium,486.5,2,0.0,1
TX01810,CUST1483,14888.3,NetBanking,Success,None,0,0.51,Low,39.8,20,0.0,1
TX01811,CUST0849,23878.09,NetBanking,Abandoned,Insufficient_Funds,2,0.74,Medium,532.2,0,23878.09,0
TX01812,CUST1406,37895.0,Wallet,Abandoned,None,0,0.44,Low,355.9,1,37895.0,0
TX01813,CUST0748,34518.23,Wallet,Abandoned,Insufficient_Funds,0,0.41,Low,510.8,24,34518.23,0
TX01814,CUST1464,43209.32,UPI,Failed,None,0,0.66,Medium,16.1,9,43209.32,0
TX01815,CUST0989,49841.1,UPI,Abandoned,Timeout,3,0.98,Medium,522.9,10,49841.1,0
TX01816,CUST0021,21457.54,UPI,Failed,None,2,0.56,Low,80.9,25,21457.54,0
TX01817,CUST0303,5735.31,Card,Failed,Timeout,1,0.95,Low,435.5,2,5735.31,1
TX01818,CUST0869,1714.71,Wallet,Failed,Insufficient_Funds,0,0.93,Medium,255.7,23,1714.71,1
TX01819,CUST0084,36398.47,NetBanking,Success,Authentication_Failed,1,0.4,Low,411.8,25,0.0,1
TX01820,CUST1477,43725.88,Wallet,Success,Insufficient_Funds,0,0.52,Medium,380.6,7,0.0,1
TX01821,CUST1411,11191.49,NetBanking,Abandoned,Network_Error,2,0.71,Medium,106.4,14,11191.49,0
TX01822,CUST1281,8090.71,Card,Success,Authentication_Failed,0,0.61,Low,313.6,4,0.0,1
TX01823,CUST0570,3297.81,Wallet,Success,None,2,0.28,Low,173.6,7,0.0,1
TX01824,CUST0934,41170.61,NetBanking,Success,None,1,0.99,Low,340.7,17,0.0,1
TX01825,CUST1186,15706.82,NetBanking,Success,None,2,0.8,High,445.4,17,0.0,1
TX01826,CUST1187,20204.51,UPI,Overdue,None,1,0.55,Medium,57.9,11,20204.51,1
TX01827,CUST1009,25236.96,Card,Success,None,2,0.69,Medium,314.3,3,0.0,1
TX01828,CUST0793,42004.77,Wallet,Success,Insufficient_Funds,0,0.27,Low,374.4,7,0.0,1
TX01829,CUST0792,32611.49,UPI,Success,Timeout,0,0.6,Medium,184.3,1,0.0,1
TX01830,CUST1295,30830.22,Card,Abandoned,Insufficient_Funds,2,0.94,Low,572.3,19,30830.22,0
TX01831,CUST0492,8948.47,UPI,Failed,Bank_Decline,1,0.92,Medium,317.0,23,8948.47,1
TX01832,CUST0208,25756.86,Wallet,Failed,Insufficient_Funds,1,0.47,Low,117.7,2,25756.86,0
TX01833,CUST1084,35825.97,NetBanking,Abandoned,Authentication_Failed,1,0.63,Medium,73.6,7,35825.97,1
TX01834,CUST0430,48668.39,Wallet,Success,None,2,0.76,Medium,329.6,11,0.0,1
TX01835,CUST0985,10230.03,Card,Success,Insufficient_Funds,2,0.47,Low,231.4,1,0.0,1
TX01836,CUST1333,675.26,Wallet,Success,Timeout,2,0.25,Medium,123.6,29,0.0,1
TX01837,CUST0520,3950.01,Card,Abandoned,None,2,0.6,Low,28.1,16,3950.01,0
TX01838,CUST0591,18917.45,UPI,Failed,Network_Error,1,0.68,Low,344.3,13,18917.45,0
TX01839,CUST1051,41063.12,Card,Success,Bank_Decline,1,0.2,Low,363.2,13,0.0,1
TX01840,CUST0199,555.68,NetBanking,Success,Authentication_Failed,3,0.28,Medium,93.7,29,0.0,1
TX01841,CUST0387,22945.18,NetBanking,Success,Timeout,2,0.37,High,365.0,5,0.0,1
TX01842,CUST0349,16595.68,NetBanking,Failed,Bank_Decline,3,0.48,Medium,571.7,7,16595.68,0
TX01843,CUST0960,2813.59,UPI,Success,Insufficient_Funds,2,0.63,Medium,587.2,24,0.0,1
TX01844,CUST0693,22621.77,Card,Success,Bank_Decline,3,0.44,Low,534.2,9,0.0,1
TX01845,CUST0378,12886.49,UPI,Success,None,1,0.42,Low,486.2,23,0.0,1
TX01846,CUST0899,17723.86,Wallet,Failed,None,1,0.9,Low,133.5,17,17723.86,0
TX01847,CUST0916,35339.64,Wallet,Failed,Network_Error,3,0.32,High,102.3,0,35339.64,0
TX01848,CUST0527,26173.24,Wallet,Success,Bank_Decline,0,0.6,High,272.5,6,0.0,1
TX01849,CUST1177,6407.44,Wallet,Failed,Bank_Decline,2,0.96,Low,375.6,6,6407.44,1
TX01850,CUST0734,48078.44,NetBanking,Success,None,3,0.7,Medium,511.9,12,0.0,1
TX01851,CUST0206,31868.36,Card,Overdue,Insufficient_Funds,3,0.77,Medium,146.9,15,31868.36,0
TX01852,CUST0455,38340.25,NetBanking,Success,Insufficient_Funds,0,0.54,Low,293.0,11,0.0,1
TX01853,CUST1297,4144.81,Card,Failed,Authentication_Failed,1,0.22,Medium,392.0,28,4144.81,0
TX01854,CUST1260,2543.51,Card,Success,Insufficient_Funds,3,0.72,Medium,272.9,18,0.0,1
TX01855,CUST0521,1168.51,UPI,Success,Bank_Decline,1,0.71,Low,278.0,5,0.0,1
TX01856,CUST1017,9601.94,Wallet,Abandoned,Network_Error,2,0.29,High,142.8,6,9601.94,1
TX01857,CUST0956,20837.54,Card,Success,Insufficient_Funds,0,0.57,Low,592.1,29,0.0,1
TX01858,CUST0726,46804.14,Wallet,Success,None,1,0.93,Low,290.4,24,0.0,1
TX01859,CUST1014,22961.57,Wallet,Success,None,3,0.36,Low,324.3,16,0.0,1
TX01860,CUST0501,14654.7,Wallet,Success,Authentication_Failed,0,0.57,Medium,138.9,28,0.0,1
TX01861,CUST0117,28184.38,NetBanking,Success,Authentication_Failed,0,0.57,Low,313.3,18,0.0,1
TX01862,CUST0386,5774.34,Wallet,Success,Bank_Decline,0,0.85,Medium,160.7,4,0.0,1
TX01863,CUST1368,30553.39,Card,Abandoned,Insufficient_Funds,0,0.86,Medium,129.4,2,30553.39,0
TX01864,CUST0584,28507.91,NetBanking,Abandoned,Insufficient_Funds,0,0.81,Low,172.7,23,28507.91,0
TX01865,CUST0395,39641.25,Wallet,Success,Authentication_Failed,2,0.49,Medium,11.6,25,0.0,1
TX01866,CUST1088,49337.04,UPI,Failed,Insufficient_Funds,2,0.26,Low,346.4,21,49337.04,0
TX01867,CUST0721,12693.5,Wallet,Subscription_Failed,Bank_Decline,0,0.48,Medium,238.6,17,12693.5,0
TX01868,CUST0072,25580.89,Wallet,Success,Network_Error,3,0.74,Low,540.2,16,0.0,1
TX01869,CUST0274,45461.5,NetBanking,Success,None,3,0.76,Medium,34.0,25,0.0,1
TX01870,CUST1344,39302.46,Card,Abandoned,Bank_Decline,2,0.97,Medium,35.5,20,39302.46,0
TX01871,CUST0338,24472.83,Wallet,Failed,Insufficient_Funds,1,0.56,High,532.7,10,24472.83,0
TX01872,CUST1390,47279.51,NetBanking,Success,Bank_Decline,0,0.71,Low,84.7,24,0.0,1
TX01873,CUST0607,3050.39,NetBanking,Success,None,3,0.63,Medium,11.3,25,0.0,1
TX01874,CUST0166,46563.73,Card,Success,Timeout,2,0.32,Low,115.6,8,0.0,1
TX01875,CUST0011,2715.27,NetBanking,Overdue,None,2,0.57,Low,496.1,16,2715.27,1
TX01876,CUST1325,27455.78,Card,Success,None,1,0.64,Low,483.6,18,0.0,1
TX01877,CUST0729,44543.96,UPI,Overdue,Timeout,1,0.96,Low,210.7,12,44543.96,1
TX01878,CUST0801,13283.5,Wallet,Success,Insufficient_Funds,3,0.49,Medium,404.1,5,0.0,1
TX01879,CUST0102,23717.98,NetBanking,Success,Insufficient_Funds,1,0.98,Medium,309.3,20,0.0,1
TX01880,CUST1449,16351.58,UPI,Success,Network_Error,1,0.63,Low,543.8,3,0.0,1
TX01881,CUST1416,47616.77,NetBanking,Failed,None,0,0.39,Medium,43.3,28,47616.77,1
TX01882,CUST0779,41217.55,NetBanking,Success,Bank_Decline,2,0.35,Low,489.8,17,0.0,1
TX01883,CUST0214,35508.28,UPI,Success,Network_Error,2,0.31,Medium,110.7,11,0.0,1
TX01884,CUST1112,29463.82,NetBanking,Subscription_Failed,Insufficient_Funds,1,0.56,High,241.1,27,29463.82,0
TX01885,CUST0401,41065.47,NetBanking,Overdue,Insufficient_Funds,2,0.22,Medium,123.3,27,41065.47,0
TX01886,CUST0588,19734.9,UPI,Success,Authentication_Failed,2,0.56,Low,424.5,3,0.0,1
TX01887,CUST0889,22488.08,NetBanking,Success,Network_Error,3,0.99,Medium,410.2,4,0.0,1
TX01888,CUST1070,36554.09,Card,Abandoned,Insufficient_Funds,2,0.74,Low,333.3,30,36554.09,0
TX01889,CUST1487,18016.19,NetBanking,Failed,Timeout,1,0.81,Medium,421.9,11,18016.19,1
TX01890,CUST0592,3382.27,Wallet,Success,Authentication_Failed,3,0.3,Medium,387.3,17,0.0,1
TX01891,CUST1334,3901.86,NetBanking,Overdue,Bank_Decline,2,0.58,Medium,468.1,25,3901.86,1
TX01892,CUST1110,5945.07,Wallet,Success,Authentication_Failed,2,0.43,Low,151.2,16,0.0,1
TX01893,CUST0092,43510.13,Wallet,Failed,None,3,0.92,Medium,263.1,22,43510.13,0
TX01894,CUST0673,23716.88,NetBanking,Success,None,3,0.35,Medium,99.5,22,0.0,1
TX01895,CUST0714,35701.54,UPI,Failed,Bank_Decline,2,0.57,Medium,263.5,23,35701.54,0
TX01896,CUST0936,19766.88,Card,Success,Timeout,0,0.67,Medium,424.0,9,0.0,1
TX01897,CUST0242,13083.81,Card,Failed,Bank_Decline,0,0.61,High,417.9,5,13083.81,1
TX01898,CUST0002,17490.17,NetBanking,Overdue,Network_Error,2,0.86,Medium,428.6,16,17490.17,0
TX01899,CUST0225,39750.28,UPI,Success,Bank_Decline,2,0.39,Low,192.2,7,0.0,1
TX01900,CUST0801,31335.76,UPI,Success,Bank_Decline,3,0.5,Medium,400.7,1,0.0,1
TX01901,CUST0589,46894.46,Card,Success,Authentication_Failed,3,0.83,Low,226.8,11,0.0,1
TX01902,CUST0116,34049.3,UPI,Subscription_Failed,Timeout,2,0.62,Medium,567.3,2,34049.3,0
TX01903,CUST0918,28595.05,NetBanking,Overdue,Bank_Decline,2,0.52,High,212.6,23,28595.05,0
TX01904,CUST1127,30587.76,NetBanking,Abandoned,Network_Error,2,0.22,Low,365.8,19,30587.76,0
TX01905,CUST0194,47130.1,UPI,Success,Authentication_Failed,2,0.8,Medium,452.6,20,0.0,1
TX01906,CUST1190,39452.41,NetBanking,Overdue,Timeout,0,0.98,Medium,544.8,24,39452.41,1
TX01907,CUST0871,1397.25,Wallet,Success,Timeout,3,0.7,Medium,268.4,26,0.0,1
TX01908,CUST0090,26800.16,Card,Success,Insufficient_Funds,1,0.89,Low,222.7,22,0.0,1
TX01909,CUST0122,34479.25,NetBanking,Success,None,2,0.61,Low,263.7,25,0.0,1
TX01910,CUST0143,37485.18,UPI,Success,Network_Error,2,0.39,High,201.0,27,0.0,1
TX01911,CUST0994,10814.48,Card,Abandoned,None,2,0.21,Low,395.8,6,10814.48,0
TX01912,CUST0106,43385.43,NetBanking,Failed,Authentication_Failed,1,0.72,Medium,560.3,0,43385.43,0
TX01913,CUST0887,47800.99,Card,Success,Authentication_Failed,3,0.59,Low,84.4,16,0.0,1
TX01914,CUST0428,11988.42,UPI,Success,Network_Error,3,0.83,Low,340.9,30,0.0,1
TX01915,CUST1329,44154.25,Wallet,Success,Timeout,2,0.76,Medium,539.6,7,0.0,1
TX01916,CUST0317,5029.54,Wallet,Failed,Bank_Decline,2,0.99,Low,69.1,9,5029.54,0
TX01917,CUST0635,2974.2,NetBanking,Success,Network_Error,3,0.61,High,301.4,16,0.0,1
TX01918,CUST0009,6635.35,Wallet,Success,Authentication_Failed,1,0.54,Medium,520.5,15,0.0,1
TX01919,CUST0774,3075.51,NetBanking,Failed,None,2,0.43,Medium,541.3,9,3075.51,0
TX01920,CUST1097,42281.61,Card,Subscription_Failed,Network_Error,1,0.58,Low,313.5,14,42281.61,0
TX01921,CUST1383,3140.7,NetBanking,Overdue,Timeout,1,0.9,High,24.7,15,3140.7,1
TX01922,CUST0223,13728.88,NetBanking,Overdue,Insufficient_Funds,3,0.23,Low,72.3,17,13728.88,0
TX01923,CUST1440,5367.07,NetBanking,Abandoned,Insufficient_Funds,2,0.98,Medium,356.2,3,5367.07,0
TX01924,CUST0553,14912.02,Wallet,Success,Bank_Decline,0,0.99,Low,83.1,24,0.0,1
TX01925,CUST1394,4709.86,NetBanking,Subscription_Failed,Bank_Decline,3,0.68,Low,98.2,6,4709.86,0
TX01926,CUST0716,33466.56,UPI,Success,Timeout,3,0.47,Medium,465.5,28,0.0,1
TX01927,CUST1288,6839.68,NetBanking,Failed,None,0,0.38,Medium,452.9,28,6839.68,1
TX01928,CUST1342,42621.93,Card,Success,Bank_Decline,2,0.42,Low,507.2,11,0.0,1
TX01929,CUST1108,40896.11,UPI,Abandoned,Insufficient_Funds,1,0.24,Low,72.4,22,40896.11,0
TX01930,CUST1342,880.35,Card,Success,Timeout,1,0.58,Medium,126.9,11,0.0,1
TX01931,CUST0111,44807.17,Card,Success,Timeout,1,0.25,Low,501.4,25,0.0,1
TX01932,CUST0251,1641.43,Card,Failed,Timeout,2,0.77,Low,435.4,22,1641.43,0
TX01933,CUST0383,12134.36,UPI,Success,Network_Error,3,0.5,Low,485.5,20,0.0,1
TX01934,CUST0007,1812.98,UPI,Overdue,None,3,0.36,Low,593.9,0,1812.98,0
TX01935,CUST0459,16925.01,Wallet,Success,None,3,0.64,Low,520.0,20,0.0,1
TX01936,CUST1108,25790.55,UPI,Failed,Bank_Decline,3,0.98,Low,317.1,23,25790.55,0
TX01937,CUST0208,39872.91,NetBanking,Subscription_Failed,None,3,0.76,Medium,193.4,27,39872.91,0
TX01938,CUST0900,17031.48,Card,Failed,Authentication_Failed,0,0.59,Low,346.1,11,17031.48,0
TX01939,CUST1414,35333.4,Wallet,Success,Insufficient_Funds,1,0.82,Medium,386.8,22,0.0,1
TX01940,CUST1338,9537.72,UPI,Success,Bank_Decline,1,0.79,High,207.8,30,0.0,1
TX01941,CUST0022,37579.8,Card,Success,None,2,0.91,High,464.9,6,0.0,1
TX01942,CUST0410,11952.63,UPI,Subscription_Failed,Insufficient_Funds,0,0.36,Medium,64.7,14,11952.63,0
TX01943,CUST0895,7348.53,Wallet,Abandoned,Bank_Decline,3,0.89,Low,469.8,1,7348.53,0
TX01944,CUST0515,9433.36,UPI,Overdue,Authentication_Failed,3,0.44,Low,28.9,0,9433.36,0
TX01945,CUST1151,9266.74,UPI,Success,Insufficient_Funds,3,0.95,Medium,303.8,3,0.0,1
TX01946,CUST0809,25740.57,Card,Success,Authentication_Failed,0,0.42,Low,518.2,7,0.0,1
TX01947,CUST0874,42270.92,NetBanking,Success,Insufficient_Funds,2,0.94,Low,61.0,29,0.0,1
TX01948,CUST0014,4164.33,UPI,Abandoned,Network_Error,0,0.97,Medium,315.5,16,4164.33,0
TX01949,CUST0971,35406.42,Wallet,Success,Network_Error,2,0.32,Low,104.0,28,0.0,1
TX01950,CUST0978,32786.45,UPI,Success,Insufficient_Funds,1,0.98,Medium,537.9,17,0.0,1
TX01951,CUST1014,43651.49,UPI,Failed,Insufficient_Funds,2,0.27,Medium,501.1,22,43651.49,0
TX01952,CUST1036,12358.55,NetBanking,Success,Authentication_Failed,1,0.37,Medium,561.0,4,0.0,1
TX01953,CUST0087,22615.47,Card,Failed,None,2,0.56,Medium,526.2,30,22615.47,0
TX01954,CUST0909,46306.2,Wallet,Success,Timeout,1,0.99,Low,444.6,5,0.0,1
TX01955,CUST1325,33067.67,Card,Success,Insufficient_Funds,1,0.59,Medium,119.1,11,0.0,1
TX01956,CUST1267,19560.67,Card,Success,Bank_Decline,3,0.64,Low,188.5,23,0.0,1
TX01957,CUST0122,6744.34,Card,Subscription_Failed,Bank_Decline,2,0.76,Medium,303.1,27,6744.34,1
TX01958,CUST1171,13271.75,UPI,Success,Bank_Decline,3,0.97,Low,357.4,15,0.0,1
TX01959,CUST0750,29144.53,NetBanking,Success,Network_Error,1,0.83,Medium,471.5,8,0.0,1
TX01960,CUST1380,35964.76,UPI,Success,None,3,0.38,High,143.9,14,0.0,1
TX01961,CUST0685,6396.21,Wallet,Success,Authentication_Failed,0,0.44,Low,85.7,7,0.0,1
TX01962,CUST0309,30059.94,NetBanking,Subscription_Failed,None,3,0.28,Low,294.7,11,30059.94,0
TX01963,CUST0695,27607.49,Card,Success,Network_Error,2,0.72,Low,103.1,13,0.0,1
TX01964,CUST0288,25794.98,NetBanking,Subscription_Failed,None,3,0.34,Low,419.3,16,25794.98,0
TX01965,CUST0307,34568.13,Wallet,Success,None,0,0.41,Low,349.6,13,0.0,1
TX01966,CUST0914,41904.99,UPI,Subscription_Failed,Bank_Decline,3,0.91,Medium,447.3,26,41904.99,0
TX01967,CUST0662,16284.89,UPI,Abandoned,Insufficient_Funds,1,0.46,Low,47.4,19,16284.89,0
TX01968,CUST0549,44472.81,Card,Failed,Bank_Decline,1,0.65,Low,579.2,4,44472.81,0
TX01969,CUST1376,8199.55,UPI,Failed,None,1,0.52,Medium,10.0,12,8199.55,1
TX01970,CUST0312,8816.59,UPI,Success,Insufficient_Funds,2,0.26,Low,202.0,24,0.0,1
TX01971,CUST0873,13485.25,Wallet,Failed,Authentication_Failed,3,0.49,Low,411.0,5,13485.25,0
TX01972,CUST1083,6152.64,NetBanking,Success,Timeout,1,0.53,Medium,36.6,13,0.0,1
TX01973,CUST0924,11669.9,UPI,Success,Insufficient_Funds,3,0.92,Medium,59.2,5,0.0,1
TX01974,CUST0755,5499.31,Wallet,Abandoned,Network_Error,0,0.46,Low,55.2,29,5499.31,0
TX01975,CUST0035,41123.27,Wallet,Success,Bank_Decline,0,0.5,Low,353.1,2,0.0,1
TX01976,CUST0445,7120.66,Card,Subscription_Failed,Bank_Decline,2,0.83,Low,538.6,15,7120.66,0
TX01977,CUST0093,37415.42,Wallet,Success,None,3,0.81,Low,337.7,11,0.0,1
TX01978,CUST1231,2586.11,Card,Success,None,0,0.84,Low,366.1,13,0.0,1
TX01979,CUST0353,47436.31,UPI,Overdue,None,2,0.96,Medium,214.1,1,47436.31,0
TX01980,CUST0903,35615.77,Card,Failed,None,2,0.84,Medium,21.1,17,35615.77,1
TX01981,CUST1356,538.47,Wallet,Failed,Bank_Decline,1,0.53,Low,22.8,30,538.47,0
TX01982,CUST0862,38240.05,NetBanking,Failed,Insufficient_Funds,0,0.86,Medium,534.1,6,38240.05,0
TX01983,CUST0159,25801.28,NetBanking,Subscription_Failed,Authentication_Failed,3,0.61,Low,70.5,4,25801.28,0
TX01984,CUST0957,39012.39,UPI,Success,Insufficient_Funds,0,0.42,Medium,599.9,11,0.0,1
TX01985,CUST0024,26220.34,UPI,Failed,Network_Error,0,0.44,Medium,107.0,25,26220.34,0
TX01986,CUST0404,32123.04,NetBanking,Success,Bank_Decline,3,0.38,High,408.0,16,0.0,1
TX01987,CUST0805,39359.32,Card,Success,Insufficient_Funds,3,0.32,Low,569.9,11,0.0,1
TX01988,CUST0516,20374.38,UPI,Success,Bank_Decline,1,0.35,Low,223.8,20,0.0,1
TX01989,CUST0732,334.87,Wallet,Success,Network_Error,2,0.25,Medium,443.3,30,0.0,1
TX01990,CUST1388,42527.34,UPI,Failed,Timeout,3,0.91,Low,217.0,10,42527.34,1
TX01991,CUST1406,19168.34,Card,Subscription_Failed,Timeout,3,0.94,Low,189.9,0,19168.34,0
TX01992,CUST0532,24902.93,UPI,Abandoned,Timeout,0,0.67,Low,129.1,8,24902.93,0
TX01993,CUST0956,586.78,Wallet,Failed,Bank_Decline,3,0.87,Medium,494.4,7,586.78,0
TX01994,CUST0152,24706.18,Wallet,Success,Insufficient_Funds,3,0.35,Low,161.9,13,0.0,1
TX01995,CUST0947,49327.07,Wallet,Success,Bank_Decline,0,0.92,High,177.1,3,0.0,1
TX01996,CUST0608,14057.73,Card,Success,Authentication_Failed,0,0.61,Low,599.4,30,0.0,1
TX01997,CUST0420,19891.83,Card,Failed,Insufficient_Funds,0,0.25,Low,203.1,10,19891.83,0
TX01998,CUST1274,34422.06,Wallet,Success,Network_Error,1,0.31,Medium,259.4,16,0.0,1
TX01999,CUST1141,40776.72,Wallet,Success,None,2,0.45,Low,594.1,26,0.0,1
TX02000,CUST0866,20986.1,Card,Subscription_Failed,Timeout,3,0.23,Low,227.9,7,20986.1,0
TX02001,CUST0578,15621.51,Card,Failed,Insufficient_Funds,0,0.45,Low,226.0,20,15621.51,0
TX02002,CUST0335,46903.72,Card,Abandoned,Insufficient_Funds,0,0.25,Low,498.4,0,46903.72,0
TX02003,CUST1442,33921.82,NetBanking,Failed,Timeout,2,0.39,Medium,194.0,30,33921.82,0
TX02004,CUST0932,6127.26,Card,Success,Network_Error,1,0.41,Low,147.9,17,0.0,1
TX02005,CUST0295,3632.61,Wallet,Success,Bank_Decline,3,1.0,High,259.7,30,0.0,1
TX02006,CUST0755,24280.78,NetBanking,Abandoned,Bank_Decline,1,0.39,Medium,423.4,4,24280.78,0
TX02007,CUST1395,11160.49,Card,Failed,None,1,0.39,Low,35.5,28,11160.49,0
TX02008,CUST0186,12848.44,Wallet,Failed,Insufficient_Funds,1,0.75,Low,230.6,29,12848.44,0
TX02009,CUST1270,43909.07,UPI,Success,Timeout,0,0.89,Low,214.3,24,0.0,1
TX02010,CUST0637,4660.39,NetBanking,Failed,Authentication_Failed,2,0.51,Low,154.4,25,4660.39,0
TX02011,CUST1292,35825.13,Wallet,Success,Network_Error,2,0.9,Medium,396.0,7,0.0,1
TX02012,CUST1261,13702.88,UPI,Success,Bank_Decline,2,0.47,Low,181.1,26,0.0,1
TX02013,CUST0530,38064.35,Wallet,Success,Network_Error,1,0.36,High,368.0,25,0.0,1
TX02014,CUST0021,36176.09,Card,Success,Network_Error,3,0.46,Low,307.6,7,0.0,1
TX02015,CUST0911,568.12,Card,Success,None,1,0.69,Low,138.1,28,0.0,1
TX02016,CUST0867,25554.94,UPI,Success,Network_Error,2,0.49,Low,167.3,8,0.0,1
TX02017,CUST0794,7138.11,Card,Failed,Timeout,0,0.74,Low,110.7,17,7138.11,1
TX02018,CUST0100,43338.11,Wallet,Failed,None,1,0.39,Medium,43.4,6,43338.11,0
TX02019,CUST0752,43604.98,UPI,Success,Timeout,0,0.76,Medium,375.3,9,0.0,1
TX02020,CUST0478,21033.62,Wallet,Success,None,2,0.48,Low,406.9,20,0.0,1
TX02021,CUST1322,22330.9,Wallet,Overdue,Timeout,1,0.56,High,107.9,15,22330.9,1
TX02022,CUST0940,15303.49,Wallet,Success,None,0,0.65,Medium,373.1,2,0.0,1
TX02023,CUST0526,35886.99,Card,Success,None,1,0.75,Medium,589.4,9,0.0,1
TX02024,CUST0334,18061.34,Card,Failed,Insufficient_Funds,2,0.39,Medium,53.9,29,18061.34,0
TX02025,CUST0002,13536.07,Wallet,Success,Timeout,3,0.87,Medium,299.3,7,0.0,1
TX02026,CUST0375,21725.11,NetBanking,Failed,Insufficient_Funds,2,0.78,Medium,442.5,17,21725.11,0
TX02027,CUST0293,4756.08,Wallet,Failed,None,3,0.39,Low,37.1,3,4756.08,0
TX02028,CUST0837,37380.84,Wallet,Overdue,Bank_Decline,3,0.98,Low,469.2,28,37380.84,1
TX02029,CUST1005,827.3,UPI,Subscription_Failed,None,2,0.73,Medium,587.9,11,827.3,0
TX02030,CUST0553,32295.36,Wallet,Overdue,Bank_Decline,0,0.56,High,62.2,20,32295.36,0
TX02031,CUST0318,9306.65,Card,Success,Bank_Decline,1,0.33,Medium,495.1,4,0.0,1
TX02032,CUST0381,11773.72,UPI,Subscription_Failed,Bank_Decline,1,0.63,High,233.4,3,11773.72,1
TX02033,CUST0014,31854.47,NetBanking,Success,Bank_Decline,1,0.33,Low,95.0,30,0.0,1
TX02034,CUST0504,49648.58,UPI,Failed,Timeout,3,0.54,Medium,301.0,18,49648.58,0
TX02035,CUST0231,38930.33,NetBanking,Failed,Authentication_Failed,3,0.53,Medium,52.2,18,38930.33,0
TX02036,CUST1108,11446.81,UPI,Success,Timeout,2,0.78,Medium,318.0,4,0.0,1
TX02037,CUST0130,8966.03,UPI,Failed,Authentication_Failed,0,0.35,Medium,21.4,14,8966.03,0
TX02038,CUST0838,43338.4,NetBanking,Success,Timeout,2,0.86,Low,439.9,30,0.0,1
TX02039,CUST1169,22320.36,Card,Success,Bank_Decline,2,0.46,Low,297.9,11,0.0,1
TX02040,CUST0891,7025.23,Card,Subscription_Failed,Network_Error,0,0.56,High,280.8,25,7025.23,1
TX02041,CUST0028,43138.13,Card,Success,None,3,0.82,Low,125.8,12,0.0,1
TX02042,CUST0066,40841.4,UPI,Success,Authentication_Failed,2,0.7,Low,223.1,5,0.0,1
TX02043,CUST1187,49198.54,Wallet,Success,Network_Error,2,0.45,Low,117.3,28,0.0,1
TX02044,CUST1253,45505.24,UPI,Subscription_Failed,Bank_Decline,3,0.51,Low,443.9,16,45505.24,0
TX02045,CUST0261,42619.16,Wallet,Success,Authentication_Failed,1,0.44,Medium,127.4,26,0.0,1
TX02046,CUST1473,2818.21,Wallet,Success,Network_Error,0,0.68,Medium,373.9,19,0.0,1
TX02047,CUST1448,5399.89,Card,Subscription_Failed,Timeout,0,0.47,High,175.0,9,5399.89,0
TX02048,CUST0460,28535.36,Wallet,Success,Bank_Decline,1,0.78,Low,397.6,13,0.0,1
TX02049,CUST0301,26667.67,UPI,Success,Timeout,0,0.66,Medium,328.9,14,0.0,1
TX02050,CUST0919,23006.57,UPI,Abandoned,Timeout,1,0.32,High,259.8,9,23006.57,0
TX02051,CUST1327,19960.11,Card,Success,Bank_Decline,2,0.45,High,407.1,5,0.0,1
TX02052,CUST0287,21674.28,NetBanking,Subscription_Failed,Authentication_Failed,0,0.38,High,255.3,28,21674.28,0
TX02053,CUST1419,28551.04,UPI,Success,None,0,0.51,Medium,494.6,15,0.0,1
TX02054,CUST1034,303.41,Wallet,Subscription_Failed,Insufficient_Funds,2,0.61,Low,440.5,1,303.41,0
TX02055,CUST0630,13183.3,UPI,Overdue,Insufficient_Funds,3,0.61,Low,329.0,9,13183.3,0
TX02056,CUST0270,26010.33,UPI,Success,None,3,0.8,Medium,527.5,4,0.0,1
TX02057,CUST0592,36166.36,UPI,Success,Bank_Decline,2,0.35,Medium,499.0,26,0.0,1
TX02058,CUST0844,8873.0,NetBanking,Overdue,Insufficient_Funds,0,0.96,Medium,323.8,8,8873.0,1
TX02059,CUST0862,27434.68,Wallet,Success,None,0,0.47,Low,50.4,18,0.0,1
TX02060,CUST1385,35780.09,Card,Failed,Network_Error,0,0.44,Medium,343.9,18,35780.09,0
TX02061,CUST1281,22342.46,UPI,Failed,None,1,0.75,Low,219.6,8,22342.46,1
TX02062,CUST0133,1548.64,Wallet,Abandoned,Authentication_Failed,3,0.84,Low,328.7,15,1548.64,0
TX02063,CUST1300,22573.55,Wallet,Abandoned,None,0,0.5,Low,391.8,28,22573.55,0
TX02064,CUST0972,14962.96,Card,Success,Timeout,3,0.8,High,390.5,18,0.0,1
TX02065,CUST0513,46496.55,UPI,Success,Timeout,3,0.91,Low,407.4,19,0.0,1
TX02066,CUST0313,6405.75,NetBanking,Subscription_Failed,Bank_Decline,0,0.81,Medium,410.8,27,6405.75,0
TX02067,CUST0576,32693.3,Wallet,Abandoned,Timeout,2,0.23,Low,74.5,24,32693.3,0
TX02068,CUST0886,2825.44,Card,Failed,Network_Error,2,0.86,Medium,123.1,3,2825.44,0
TX02069,CUST1308,22419.29,NetBanking,Overdue,None,3,0.82,Medium,382.0,4,22419.29,1
TX02070,CUST1145,27788.18,Wallet,Abandoned,Network_Error,1,0.74,High,250.8,17,27788.18,1
TX02071,CUST1131,15038.16,UPI,Success,Bank_Decline,3,0.81,Low,460.1,7,0.0,1
TX02072,CUST0687,22862.77,Wallet,Subscription_Failed,Timeout,3,0.98,Low,83.7,12,22862.77,0
TX02073,CUST1228,8344.98,NetBanking,Success,Insufficient_Funds,2,0.54,Medium,123.0,8,0.0,1
TX02074,CUST0165,15345.37,NetBanking,Success,None,0,0.25,Low,339.5,9,0.0,1
TX02075,CUST0305,31131.09,UPI,Success,Insufficient_Funds,0,0.57,Low,305.4,3,0.0,1
TX02076,CUST0156,15229.64,UPI,Abandoned,Authentication_Failed,1,0.24,Medium,167.2,18,15229.64,1
TX02077,CUST1391,45007.21,Card,Overdue,Bank_Decline,2,0.44,Medium,250.9,30,45007.21,1
TX02078,CUST0620,31494.67,UPI,Success,Authentication_Failed,2,0.67,Low,30.6,3,0.0,1
TX02079,CUST1275,22044.72,Card,Success,Insufficient_Funds,3,0.45,Low,31.9,28,0.0,1
TX02080,CUST0957,2130.1,NetBanking,Failed,Insufficient_Funds,2,0.75,Medium,66.0,12,2130.1,0
TX02081,CUST0334,25077.51,NetBanking,Abandoned,Insufficient_Funds,3,0.86,Medium,350.3,22,25077.51,0
TX02082,CUST0969,38285.86,Wallet,Abandoned,Authentication_Failed,1,0.54,Low,519.6,16,38285.86,0
TX02083,CUST0511,13424.77,Wallet,Failed,Bank_Decline,2,0.92,Low,163.5,26,13424.77,1
TX02084,CUST1317,40377.32,Card,Failed,None,2,0.26,Medium,30.0,10,40377.32,0
TX02085,CUST1044,12739.98,UPI,Success,None,3,0.87,Low,428.1,1,0.0,1
TX02086,CUST0282,41222.57,UPI,Success,Network_Error,2,0.86,Medium,514.7,25,0.0,1
TX02087,CUST0797,4446.36,Wallet,Success,Network_Error,0,0.46,Medium,91.5,4,0.0,1
TX02088,CUST1025,43335.95,NetBanking,Subscription_Failed,Insufficient_Funds,1,0.44,Low,237.6,24,43335.95,0
TX02089,CUST0119,25059.49,Card,Success,Bank_Decline,0,0.44,High,103.7,30,0.0,1
TX02090,CUST1059,14967.57,NetBanking,Failed,Bank_Decline,3,0.85,Low,72.8,12,14967.57,0
TX02091,CUST0198,13402.64,NetBanking,Success,Timeout,3,0.87,Low,392.4,21,0.0,1
TX02092,CUST0485,21714.13,UPI,Success,Timeout,3,0.46,Medium,580.8,2,0.0,1
TX02093,CUST1083,49952.67,Card,Success,Authentication_Failed,1,0.67,Medium,410.1,18,0.0,1
TX02094,CUST0837,11172.3,NetBanking,Success,Timeout,2,0.31,Low,591.0,28,0.0,1
TX02095,CUST1185,5340.19,Wallet,Success,None,0,0.58,Low,266.3,22,0.0,1
TX02096,CUST1009,29334.75,Wallet,Abandoned,None,2,1.0,Low,539.7,18,29334.75,0
TX02097,CUST0691,24529.41,UPI,Success,Authentication_Failed,3,0.33,Low,131.0,15,0.0,1
TX02098,CUST1230,26304.97,Wallet,Failed,Network_Error,2,0.96,Medium,79.6,30,26304.97,1
TX02099,CUST1036,33413.38,Wallet,Success,Insufficient_Funds,1,0.86,Medium,424.5,15,0.0,1
TX02100,CUST0490,13503.77,NetBanking,Success,Bank_Decline,3,0.98,Low,229.1,25,0.0,1
TX02101,CUST0276,45551.12,Wallet,Success,Network_Error,2,0.34,Low,197.4,2,0.0,1
TX02102,CUST0693,21896.47,Wallet,Overdue,None,0,0.37,Low,406.1,25,21896.47,0
TX02103,CUST0242,6628.49,NetBanking,Success,Network_Error,3,0.21,Low,206.8,27,0.0,1
TX02104,CUST1240,37166.48,UPI,Success,Authentication_Failed,3,0.78,Low,347.8,22,0.0,1
TX02105,CUST1275,32226.6,UPI,Subscription_Failed,Insufficient_Funds,1,0.72,Low,186.7,24,32226.6,0
TX02106,CUST0126,15924.02,Card,Success,None,1,0.34,Low,472.4,8,0.0,1
TX02107,CUST0217,31151.63,Wallet,Subscription_Failed,Authentication_Failed,0,0.83,Medium,194.3,18,31151.63,0
TX02108,CUST1330,11149.13,NetBanking,Success,Network_Error,2,0.44,Medium,325.6,23,0.0,1
TX02109,CUST1209,22353.0,Card,Failed,Bank_Decline,2,0.31,Low,23.7,0,22353.0,0
TX02110,CUST1063,44990.74,UPI,Success,Timeout,3,0.54,High,477.1,13,0.0,1
TX02111,CUST1247,6850.0,UPI,Subscription_Failed,Authentication_Failed,3,0.27,Medium,376.0,27,6850.0,0
TX02112,CUST1208,19457.48,NetBanking,Failed,None,2,0.41,High,123.4,23,19457.48,0
TX02113,CUST0495,41092.89,Card,Success,Network_Error,2,0.5,High,137.1,10,0.0,1
TX02114,CUST0427,48480.65,Card,Success,Timeout,2,0.88,Medium,164.9,17,0.0,1
TX02115,CUST1202,22805.52,NetBanking,Success,Timeout,3,0.83,Medium,350.2,19,0.0,1
TX02116,CUST0919,25448.58,NetBanking,Failed,Network_Error,1,0.55,Low,333.5,6,25448.58,0
TX02117,CUST1452,28694.16,Card,Success,Insufficient_Funds,1,0.78,Medium,171.6,5,0.0,1
TX02118,CUST1318,46630.94,UPI,Success,Network_Error,0,0.65,Medium,419.5,11,0.0,1
TX02119,CUST0151,42938.7,Wallet,Failed,None,2,0.47,Medium,534.5,24,42938.7,0
TX02120,CUST0384,8695.94,UPI,Success,Bank_Decline,2,0.78,Medium,35.7,29,0.0,1
TX02121,CUST0308,21950.54,NetBanking,Success,None,2,0.75,Low,256.1,23,0.0,1
TX02122,CUST1360,23307.22,Card,Success,Timeout,0,0.7,Medium,360.2,1,0.0,1
TX02123,CUST0746,39496.99,Card,Failed,Bank_Decline,2,0.69,Low,356.0,12,39496.99,0
TX02124,CUST0892,30224.07,Wallet,Overdue,Authentication_Failed,1,0.75,Medium,21.5,19,30224.07,0
TX02125,CUST0375,32780.18,Card,Success,Timeout,2,0.51,High,134.2,0,0.0,1
TX02126,CUST1032,49910.36,Wallet,Abandoned,Insufficient_Funds,0,0.9,Medium,46.5,22,49910.36,0
TX02127,CUST1365,3933.01,UPI,Success,Network_Error,3,0.33,Medium,345.7,14,0.0,1
TX02128,CUST0129,11305.89,UPI,Success,Authentication_Failed,3,0.91,Low,390.8,19,0.0,1
TX02129,CUST1015,20513.22,Card,Success,None,1,0.47,High,104.2,7,0.0,1
TX02130,CUST0669,17519.56,Card,Success,Bank_Decline,1,0.3,Low,206.5,17,0.0,1
TX02131,CUST1376,1277.95,NetBanking,Success,Authentication_Failed,1,0.68,High,204.6,14,0.0,1
TX02132,CUST1382,4770.52,NetBanking,Subscription_Failed,Insufficient_Funds,3,0.5,Low,493.7,7,4770.52,0
TX02133,CUST0517,34111.47,Card,Overdue,Network_Error,2,0.85,Low,124.8,1,34111.47,0
TX02134,CUST0086,43990.36,Card,Success,Authentication_Failed,0,0.54,Medium,333.5,10,0.0,1
TX02135,CUST1199,25808.51,UPI,Success,None,0,0.73,Medium,471.9,7,0.0,1
TX02136,CUST1217,27051.72,Card,Overdue,Bank_Decline,2,0.45,Low,499.5,28,27051.72,0
TX02137,CUST0311,12903.65,NetBanking,Success,Authentication_Failed,3,0.37,Medium,403.3,12,0.0,1
TX02138,CUST1143,38440.24,UPI,Failed,Network_Error,3,0.51,Medium,186.7,0,38440.24,1
TX02139,CUST1242,37639.37,Wallet,Success,None,0,0.69,Low,495.6,28,0.0,1
TX02140,CUST0427,29500.61,NetBanking,Success,Authentication_Failed,1,0.73,Medium,447.9,17,0.0,1
TX02141,CUST1438,10790.68,NetBanking,Success,Bank_Decline,1,0.66,Low,425.6,4,0.0,1
TX02142,CUST0114,5031.51,UPI,Subscription_Failed,Network_Error,0,0.99,Medium,49.7,0,5031.51,0
TX02143,CUST1169,3399.08,Wallet,Subscription_Failed,Insufficient_Funds,0,0.75,Low,35.5,11,3399.08,0
TX02144,CUST0303,29716.26,NetBanking,Success,Insufficient_Funds,2,0.95,Medium,420.3,4,0.0,1
TX02145,CUST0744,41286.76,Card,Abandoned,Timeout,2,0.29,Low,567.4,20,41286.76,0
TX02146,CUST0588,42944.86,NetBanking,Success,Authentication_Failed,2,0.25,Low,466.5,15,0.0,1
TX02147,CUST0987,23288.38,UPI,Success,Bank_Decline,2,0.45,Medium,500.6,22,0.0,1
TX02148,CUST0345,39256.71,UPI,Abandoned,Authentication_Failed,2,0.31,Medium,331.5,17,39256.71,0
TX02149,CUST0814,47354.63,UPI,Failed,Network_Error,2,0.62,High,189.7,1,47354.63,1
TX02150,CUST0801,13903.47,NetBanking,Success,Timeout,1,0.62,Medium,409.9,14,0.0,1
TX02151,CUST1025,20018.43,Wallet,Success,Bank_Decline,0,0.66,Medium,430.1,27,0.0,1
TX02152,CUST1171,46587.65,Card,Overdue,Authentication_Failed,3,0.8,Low,408.5,30,46587.65,0
TX02153,CUST1311,17043.9,UPI,Subscription_Failed,Bank_Decline,2,0.98,Low,568.6,21,17043.9,0
TX02154,CUST1077,45711.04,Wallet,Abandoned,Network_Error,1,0.9,Low,226.6,29,45711.04,0
TX02155,CUST1328,49056.03,Card,Success,Timeout,0,0.29,Low,33.4,10,0.0,1
TX02156,CUST1093,33158.17,UPI,Abandoned,Bank_Decline,0,0.47,Medium,546.0,28,33158.17,0
TX02157,CUST0361,40881.14,Card,Success,Network_Error,0,0.4,Low,104.7,9,0.0,1
TX02158,CUST1244,37527.37,Card,Overdue,Insufficient_Funds,2,0.34,Low,421.4,2,37527.37,0
TX02159,CUST1010,35036.81,Wallet,Success,Bank_Decline,2,0.64,Low,525.2,12,0.0,1
TX02160,CUST0704,15485.17,Card,Success,Timeout,3,0.64,Low,193.0,12,0.0,1
TX02161,CUST0575,3043.3,UPI,Success,None,2,0.38,Low,499.9,23,0.0,1
TX02162,CUST1185,17283.98,Wallet,Abandoned,None,0,0.77,Medium,205.9,2,17283.98,0
TX02163,CUST1113,33413.41,NetBanking,Abandoned,Bank_Decline,0,0.79,Low,478.6,9,33413.41,0
TX02164,CUST0688,5305.95,NetBanking,Success,Bank_Decline,1,0.22,Medium,51.2,3,0.0,1
TX02165,CUST0781,793.52,Wallet,Failed,Network_Error,1,0.52,Medium,396.6,13,793.52,0
TX02166,CUST0585,7156.68,NetBanking,Subscription_Failed,Authentication_Failed,3,0.91,Medium,409.5,28,7156.68,1
TX02167,CUST0589,35843.65,Card,Success,None,1,0.62,Medium,299.9,22,0.0,1
TX02168,CUST1183,48645.13,UPI,Abandoned,Authentication_Failed,3,0.48,Medium,415.4,16,48645.13,0
TX02169,CUST0489,49156.62,Card,Overdue,None,1,0.4,Low,554.7,0,49156.62,0
TX02170,CUST0971,24800.16,Wallet,Success,Bank_Decline,0,0.39,Low,443.0,24,0.0,1
TX02171,CUST1348,43493.74,UPI,Success,Timeout,2,0.28,High,577.2,14,0.0,1
TX02172,CUST1405,36893.96,Wallet,Success,Timeout,2,0.85,Low,274.7,27,0.0,1
TX02173,CUST1126,25151.8,Wallet,Success,None,3,0.27,Low,321.7,21,0.0,1
TX02174,CUST0494,28723.47,Wallet,Success,None,2,0.43,Low,165.6,20,0.0,1
TX02175,CUST0019,7033.91,Card,Failed,Network_Error,2,0.24,Medium,591.5,1,7033.91,0
TX02176,CUST1478,46895.54,UPI,Failed,Bank_Decline,1,0.83,Low,42.5,17,46895.54,0
TX02177,CUST0397,17726.1,UPI,Success,Bank_Decline,0,0.23,Medium,221.6,6,0.0,1
TX02178,CUST1001,22418.23,UPI,Failed,Authentication_Failed,2,0.45,Medium,185.6,21,22418.23,0
TX02179,CUST1303,33648.68,Card,Failed,Network_Error,0,0.66,Low,238.0,27,33648.68,0
TX02180,CUST0851,16828.34,NetBanking,Overdue,Insufficient_Funds,1,0.53,Low,551.5,29,16828.34,0
TX02181,CUST1389,12862.11,Card,Success,Timeout,1,0.43,Medium,227.1,12,0.0,1
TX02182,CUST1355,31626.26,Card,Failed,Timeout,2,0.42,Low,551.0,23,31626.26,0
TX02183,CUST1368,1444.21,Wallet,Subscription_Failed,Bank_Decline,2,0.84,Low,259.8,2,1444.21,0
TX02184,CUST0822,36092.11,UPI,Success,Network_Error,1,0.98,Low,514.3,2,0.0,1
TX02185,CUST0455,25798.36,UPI,Success,Insufficient_Funds,1,0.48,Medium,317.8,12,0.0,1
TX02186,CUST0725,30366.54,NetBanking,Success,Timeout,3,0.23,Medium,193.7,20,0.0,1
TX02187,CUST1089,31667.63,NetBanking,Subscription_Failed,Network_Error,3,0.23,Low,275.1,25,31667.63,0
TX02188,CUST1100,26447.1,Wallet,Success,Insufficient_Funds,0,0.81,Medium,260.4,3,0.0,1
TX02189,CUST0711,29210.18,UPI,Subscription_Failed,None,1,0.64,Medium,163.3,15,29210.18,1
TX02190,CUST0143,34252.65,NetBanking,Subscription_Failed,Bank_Decline,0,0.83,Low,180.9,27,34252.65,0
TX02191,CUST0917,37705.32,NetBanking,Success,Authentication_Failed,1,0.76,Low,120.0,7,0.0,1
TX02192,CUST0828,36427.13,UPI,Failed,Timeout,0,0.93,High,208.2,21,36427.13,1
TX02193,CUST0605,43506.9,Card,Success,Timeout,3,0.91,Medium,378.4,7,0.0,1
TX02194,CUST1497,9634.28,NetBanking,Success,Insufficient_Funds,1,0.83,Medium,238.1,15,0.0,1
TX02195,CUST1441,20177.17,UPI,Failed,Authentication_Failed,1,0.58,Low,430.3,30,20177.17,0
TX02196,CUST0305,47400.24,NetBanking,Failed,None,0,0.45,Medium,592.3,22,47400.24,0
TX02197,CUST0736,19950.21,Wallet,Success,Network_Error,0,0.61,Medium,232.5,1,0.0,1
TX02198,CUST0291,6418.53,NetBanking,Abandoned,Bank_Decline,2,0.6,Low,283.0,8,6418.53,0
TX02199,CUST0102,26367.17,UPI,Success,Network_Error,2,0.69,High,106.8,26,0.0,1
TX02200,CUST1291,5652.65,NetBanking,Success,Insufficient_Funds,3,0.35,Low,241.4,12,0.0,1
TX02201,CUST0867,10302.09,Wallet,Success,Timeout,1,0.72,Low,438.8,21,0.0,1
TX02202,CUST0968,49916.27,Wallet,Success,None,1,0.57,Low,138.3,26,0.0,1
TX02203,CUST0974,27159.86,NetBanking,Overdue,Timeout,0,0.7,Medium,117.4,26,27159.86,1
TX02204,CUST0842,14346.11,NetBanking,Failed,Network_Error,3,0.39,Medium,232.1,21,14346.11,0
TX02205,CUST0962,49739.79,Wallet,Success,None,1,0.55,Medium,493.0,11,0.0,1
TX02206,CUST0942,48334.63,Wallet,Success,Bank_Decline,3,0.37,High,378.0,1,0.0,1
TX02207,CUST1027,22148.8,Card,Success,Insufficient_Funds,2,0.9,Low,575.0,8,0.0,1
TX02208,CUST0085,13168.07,Card,Success,Bank_Decline,0,0.59,Medium,543.7,0,0.0,1
TX02209,CUST0328,41952.3,Wallet,Failed,Insufficient_Funds,1,0.38,Medium,99.2,5,41952.3,0
TX02210,CUST0816,35837.91,NetBanking,Subscription_Failed,Bank_Decline,0,0.23,High,35.1,29,35837.91,0
TX02211,CUST1474,34409.68,UPI,Abandoned,Network_Error,2,0.74,Low,245.5,23,34409.68,0
TX02212,CUST0454,44677.06,NetBanking,Success,Authentication_Failed,3,0.37,High,318.0,1,0.0,1
TX02213,CUST0629,34532.97,NetBanking,Success,None,3,0.99,Low,314.2,2,0.0,1
TX02214,CUST1245,14333.14,Card,Success,Insufficient_Funds,2,0.63,Medium,89.1,25,0.0,1
TX02215,CUST1178,34754.39,Card,Success,Network_Error,2,0.43,Medium,83.6,14,0.0,1
TX02216,CUST0665,15429.51,Card,Success,Timeout,1,0.73,Medium,37.6,25,0.0,1
TX02217,CUST0012,38010.1,Wallet,Success,Timeout,1,0.42,Low,512.0,6,0.0,1
TX02218,CUST1157,31063.44,Wallet,Success,Bank_Decline,1,0.86,Low,569.2,12,0.0,1
TX02219,CUST0304,4055.1,NetBanking,Failed,Timeout,1,0.45,Low,78.3,15,4055.1,1
TX02220,CUST1317,25739.2,NetBanking,Failed,Authentication_Failed,1,0.99,Medium,135.7,12,25739.2,0
TX02221,CUST0975,17296.39,UPI,Success,Insufficient_Funds,3,0.68,Medium,63.0,26,0.0,1
TX02222,CUST1324,16562.82,NetBanking,Abandoned,Bank_Decline,1,0.88,High,527.7,11,16562.82,0
TX02223,CUST0783,30192.36,NetBanking,Success,Insufficient_Funds,2,0.26,Low,575.6,16,0.0,1
TX02224,CUST0043,16251.78,Card,Success,Insufficient_Funds,2,0.48,Low,164.5,20,0.0,1
TX02225,CUST0944,38889.31,Card,Abandoned,Network_Error,1,0.79,Low,189.1,10,38889.31,0
TX02226,CUST0343,3725.41,Card,Success,Timeout,2,0.72,Low,224.0,21,0.0,1
TX02227,CUST1350,33087.33,Card,Subscription_Failed,None,0,0.36,Medium,306.5,25,33087.33,0
TX02228,CUST0498,40497.9,Card,Success,Insufficient_Funds,3,0.48,Medium,412.7,6,0.0,1
TX02229,CUST0364,33707.02,UPI,Failed,Authentication_Failed,3,0.41,High,307.6,12,33707.02,0
TX02230,CUST0891,24962.01,UPI,Failed,Authentication_Failed,1,0.69,Low,571.1,9,24962.01,0
TX02231,CUST0427,47525.29,UPI,Failed,None,0,0.48,Low,68.9,9,47525.29,1
TX02232,CUST1005,15136.94,Card,Subscription_Failed,Timeout,1,0.45,Low,481.2,12,15136.94,0
TX02233,CUST0021,1154.56,Wallet,Failed,Timeout,1,0.37,Medium,207.3,22,1154.56,0
TX02234,CUST0407,21713.07,Card,Abandoned,Bank_Decline,2,0.53,High,232.8,18,21713.07,0
TX02235,CUST0619,1843.99,Card,Success,Bank_Decline,3,0.36,Low,428.2,29,0.0,1
TX02236,CUST1015,47706.05,UPI,Success,Bank_Decline,0,0.97,Low,558.3,22,0.0,1
TX02237,CUST0336,10653.92,Card,Failed,Timeout,2,0.32,Medium,432.6,16,10653.92,1
TX02238,CUST1141,39488.57,UPI,Failed,Insufficient_Funds,3,0.93,Medium,467.8,26,39488.57,0
TX02239,CUST1148,38773.69,Card,Overdue,Network_Error,3,0.54,Low,453.0,19,38773.69,0
TX02240,CUST0399,11042.9,NetBanking,Success,None,1,0.5,Medium,199.4,30,0.0,1
TX02241,CUST0793,31137.08,Wallet,Success,None,0,0.39,Low,456.6,6,0.0,1
TX02242,CUST0715,2594.33,Wallet,Failed,None,1,0.71,High,472.9,22,2594.33,0
TX02243,CUST0051,24282.01,UPI,Subscription_Failed,Bank_Decline,2,0.75,Low,324.7,3,24282.01,0
TX02244,CUST0324,929.43,NetBanking,Subscription_Failed,Network_Error,1,0.57,Low,326.7,16,929.43,1
TX02245,CUST0789,46072.97,Wallet,Success,Authentication_Failed,1,0.24,Low,458.2,30,0.0,1
TX02246,CUST0141,48809.08,UPI,Success,Timeout,3,0.93,Low,492.0,29,0.0,1
TX02247,CUST0470,11269.68,Card,Success,Authentication_Failed,3,0.98,Medium,208.9,30,0.0,1
TX02248,CUST0787,10563.68,Card,Success,Bank_Decline,2,0.54,Medium,482.9,23,0.0,1
TX02249,CUST1358,37735.26,NetBanking,Overdue,Insufficient_Funds,3,0.69,Low,490.4,3,37735.26,1
TX02250,CUST0964,12818.29,Wallet,Success,Bank_Decline,3,0.56,Medium,148.1,17,0.0,1
TX02251,CUST1008,44774.81,Card,Success,Network_Error,3,0.46,Low,433.0,19,0.0,1
TX02252,CUST0373,28781.67,UPI,Success,Bank_Decline,1,0.26,Low,120.1,7,0.0,1
TX02253,CUST0494,17668.73,Card,Success,None,0,0.56,High,64.9,7,0.0,1
TX02254,CUST0751,41668.15,Card,Abandoned,Insufficient_Funds,2,0.85,Medium,349.0,20,41668.15,0
TX02255,CUST1180,24771.65,Wallet,Success,Insufficient_Funds,1,0.21,Low,546.1,15,0.0,1
TX02256,CUST0291,45599.32,Wallet,Success,Timeout,2,0.67,Low,30.9,14,0.0,1
TX02257,CUST1168,46415.11,UPI,Overdue,Timeout,1,0.9,Medium,497.6,17,46415.11,0
TX02258,CUST0106,8437.92,NetBanking,Success,None,2,0.37,Low,308.8,22,0.0,1
TX02259,CUST1444,315.71,NetBanking,Abandoned,Insufficient_Funds,3,0.35,Medium,517.9,18,315.71,0
TX02260,CUST0670,49199.76,Card,Success,None,2,0.82,Medium,507.7,5,0.0,1
TX02261,CUST0002,45325.65,UPI,Failed,Insufficient_Funds,0,0.4,Low,526.4,8,45325.65,1
TX02262,CUST0589,2961.17,NetBanking,Success,Network_Error,2,0.35,Low,463.6,28,0.0,1
TX02263,CUST0644,41685.11,NetBanking,Success,Bank_Decline,0,0.5,Medium,507.4,15,0.0,1
TX02264,CUST0090,22998.69,Card,Success,Timeout,2,0.51,Low,113.9,20,0.0,1
TX02265,CUST1369,13096.29,UPI,Success,Network_Error,3,0.9,Low,189.3,8,0.0,1
TX02266,CUST0350,43961.58,NetBanking,Success,Bank_Decline,2,0.69,Medium,153.1,19,0.0,1
TX02267,CUST1483,9994.03,Wallet,Success,Timeout,1,0.52,Medium,448.0,24,0.0,1
TX02268,CUST1287,47375.54,Wallet,Failed,None,3,0.63,Low,100.6,16,47375.54,0
TX02269,CUST1375,10439.95,Card,Subscription_Failed,Network_Error,3,0.96,High,117.5,3,10439.95,1
TX02270,CUST1132,30761.42,Card,Success,Authentication_Failed,1,0.29,Medium,528.6,14,0.0,1
TX02271,CUST1063,11309.7,Card,Success,Authentication_Failed,3,0.37,Low,426.5,10,0.0,1
TX02272,CUST0909,27374.3,Card,Subscription_Failed,Timeout,3,0.97,Low,526.5,13,27374.3,1
TX02273,CUST0159,34261.96,NetBanking,Failed,Network_Error,1,0.97,Medium,92.2,16,34261.96,1
TX02274,CUST0959,9673.35,UPI,Success,Bank_Decline,3,0.34,Low,245.4,27,0.0,1
TX02275,CUST0312,26140.11,Card,Success,Bank_Decline,3,0.32,Low,177.1,12,0.0,1
TX02276,CUST1265,23559.18,Card,Success,Network_Error,3,0.54,Medium,15.7,8,0.0,1
TX02277,CUST0445,3737.66,NetBanking,Success,Authentication_Failed,3,0.24,Medium,177.9,23,0.0,1
TX02278,CUST0298,40951.73,Card,Overdue,Network_Error,2,0.72,Medium,234.0,15,40951.73,0
TX02279,CUST0952,16916.98,Card,Abandoned,Authentication_Failed,3,0.26,Medium,64.4,7,16916.98,0
TX02280,CUST0036,28814.19,UPI,Failed,Authentication_Failed,3,0.25,Low,344.2,13,28814.19,1
TX02281,CUST1108,25836.25,Wallet,Success,None,3,0.59,Low,236.1,14,0.0,1
TX02282,CUST1476,25760.37,Card,Success,None,2,0.97,Medium,37.4,6,0.0,1
TX02283,CUST1409,5539.68,NetBanking,Subscription_Failed,Bank_Decline,0,0.54,Medium,425.3,24,5539.68,0
TX02284,CUST1196,21289.4,UPI,Success,Timeout,3,0.49,Medium,440.3,30,0.0,1
TX02285,CUST1400,22727.86,NetBanking,Success,Insufficient_Funds,0,1.0,Low,502.3,26,0.0,1
TX02286,CUST1386,36735.41,UPI,Success,Network_Error,0,0.63,High,296.5,10,0.0,1
TX02287,CUST0559,42032.94,UPI,Failed,Authentication_Failed,1,0.5,Low,581.5,28,42032.94,0
TX02288,CUST0891,27340.12,Card,Success,Network_Error,1,0.51,Low,549.3,2,0.0,1
TX02289,CUST0141,4521.79,Card,Success,Timeout,0,0.36,Low,335.3,6,0.0,1
TX02290,CUST0887,11995.1,Card,Subscription_Failed,Timeout,2,0.61,Low,272.5,21,11995.1,0
TX02291,CUST1142,8413.71,Wallet,Failed,Insufficient_Funds,3,0.55,Medium,11.8,4,8413.71,0
TX02292,CUST1301,6405.83,Wallet,Success,Insufficient_Funds,3,0.42,Low,429.5,30,0.0,1
TX02293,CUST0726,18421.79,NetBanking,Failed,Authentication_Failed,3,0.33,Low,343.3,8,18421.79,0
TX02294,CUST1244,11623.8,Card,Success,None,1,0.45,Low,563.2,19,0.0,1
TX02295,CUST1050,11071.49,Wallet,Success,Insufficient_Funds,1,0.61,Medium,360.6,18,0.0,1
TX02296,CUST0521,2923.72,Card,Failed,None,3,0.25,High,595.8,12,2923.72,0
TX02297,CUST0010,1079.97,Wallet,Success,None,0,0.32,Medium,513.8,26,0.0,1
TX02298,CUST0984,5317.86,Wallet,Success,Authentication_Failed,1,0.96,Low,572.6,18,0.0,1
TX02299,CUST0378,8775.43,UPI,Abandoned,Bank_Decline,3,0.63,Medium,203.3,15,8775.43,0
TX02300,CUST0682,21662.99,Card,Overdue,None,0,0.25,Low,98.1,1,21662.99,0
TX02301,CUST0584,25623.91,Card,Success,Authentication_Failed,3,0.75,Low,480.2,0,0.0,1
TX02302,CUST0152,7201.48,Wallet,Success,Insufficient_Funds,1,0.25,Medium,473.9,2,0.0,1
TX02303,CUST0720,21354.21,Card,Success,Network_Error,2,0.79,Low,134.8,23,0.0,1
TX02304,CUST1073,17219.09,Wallet,Success,Insufficient_Funds,2,0.8,Low,461.2,11,0.0,1
TX02305,CUST1178,9334.5,Card,Success,Timeout,1,0.72,Low,353.4,5,0.0,1
TX02306,CUST0859,540.67,UPI,Success,Insufficient_Funds,0,0.79,Low,74.6,1,0.0,1
TX02307,CUST1317,23457.49,Card,Failed,Bank_Decline,3,0.27,Low,306.1,23,23457.49,0
TX02308,CUST0050,34345.46,UPI,Success,Authentication_Failed,1,0.78,Low,559.4,15,0.0,1
TX02309,CUST0664,11468.61,NetBanking,Success,None,0,0.31,Low,308.8,28,0.0,1
TX02310,CUST0531,6763.98,Card,Success,Timeout,3,0.47,High,475.3,4,0.0,1
TX02311,CUST1084,44374.73,Card,Success,Authentication_Failed,3,0.95,Medium,27.1,11,0.0,1
TX02312,CUST1191,13896.23,Card,Overdue,Authentication_Failed,1,0.6,Medium,439.6,3,13896.23,0
TX02313,CUST1226,11335.91,UPI,Success,None,3,0.97,Medium,568.6,13,0.0,1
TX02314,CUST0857,42883.43,Card,Subscription_Failed,Insufficient_Funds,2,0.27,Medium,304.7,16,42883.43,0
TX02315,CUST0146,40891.93,Card,Subscription_Failed,Network_Error,2,0.58,Low,209.2,11,40891.93,0
TX02316,CUST0915,22527.65,Wallet,Subscription_Failed,Timeout,3,0.25,Low,391.5,12,22527.65,0
TX02317,CUST0993,24564.1,NetBanking,Success,None,1,0.7,Medium,550.6,16,0.0,1
TX02318,CUST1463,11043.89,UPI,Overdue,Bank_Decline,3,0.26,Low,114.3,19,11043.89,0
TX02319,CUST0242,4099.42,Wallet,Success,Bank_Decline,1,0.34,Low,248.2,27,0.0,1
TX02320,CUST0581,28756.9,UPI,Success,Network_Error,1,0.41,Low,102.2,14,0.0,1
TX02321,CUST0687,5097.58,Wallet,Success,Network_Error,2,0.8,Medium,303.0,28,0.0,1
TX02322,CUST0483,22573.87,NetBanking,Success,Insufficient_Funds,2,0.33,High,328.8,8,0.0,1
TX02323,CUST1132,47036.76,Wallet,Success,Bank_Decline,0,0.88,Low,567.1,25,0.0,1
TX02324,CUST1250,47651.15,UPI,Success,Timeout,1,0.31,Medium,253.4,9,0.0,1
TX02325,CUST0673,12118.75,Card,Success,None,3,0.23,High,344.5,5,0.0,1
TX02326,CUST0631,31280.85,Card,Failed,Network_Error,1,0.52,Low,532.3,16,31280.85,0
TX02327,CUST0661,23809.0,NetBanking,Success,Network_Error,2,0.98,Low,199.6,11,0.0,1
TX02328,CUST0662,43809.12,UPI,Success,Network_Error,1,0.29,Low,407.8,23,0.0,1
TX02329,CUST1456,13717.26,UPI,Overdue,None,0,0.28,High,456.7,27,13717.26,0
TX02330,CUST0805,384.38,UPI,Success,Timeout,3,0.8,Low,205.0,8,0.0,1
TX02331,CUST0419,8295.55,NetBanking,Failed,Bank_Decline,1,0.45,Low,107.0,1,8295.55,0
TX02332,CUST0988,17606.24,Card,Overdue,Timeout,3,0.77,Low,306.7,15,17606.24,0
TX02333,CUST1479,15922.91,Wallet,Success,None,3,0.36,Medium,220.5,15,0.0,1
TX02334,CUST1184,39609.87,NetBanking,Success,Timeout,2,0.57,High,167.2,21,0.0,1
TX02335,CUST0650,34091.92,Wallet,Subscription_Failed,Insufficient_Funds,1,0.41,Low,584.3,30,34091.92,0
TX02336,CUST0969,15117.9,Card,Overdue,None,3,0.56,High,306.3,22,15117.9,0
TX02337,CUST0590,22995.64,NetBanking,Failed,Network_Error,2,0.82,Low,515.3,26,22995.64,1
TX02338,CUST1101,4958.84,Card,Success,Bank_Decline,0,0.81,Low,125.2,28,0.0,1
TX02339,CUST0509,44927.69,Wallet,Subscription_Failed,Insufficient_Funds,0,0.61,High,564.3,0,44927.69,0
TX02340,CUST0441,46784.16,UPI,Success,Insufficient_Funds,1,0.94,Medium,478.7,29,0.0,1
TX02341,CUST1278,48994.22,UPI,Success,None,3,0.41,Low,487.1,26,0.0,1
TX02342,CUST0921,43453.93,Wallet,Success,Authentication_Failed,1,0.39,Low,240.0,20,0.0,1
TX02343,CUST0770,8863.25,UPI,Success,Network_Error,3,0.69,Medium,296.5,26,0.0,1
TX02344,CUST1344,2500.58,Wallet,Abandoned,Bank_Decline,2,0.7,Medium,360.1,10,2500.58,0
TX02345,CUST0263,29063.92,NetBanking,Abandoned,Bank_Decline,0,0.24,High,476.0,20,29063.92,0
TX02346,CUST1398,45647.73,NetBanking,Failed,Bank_Decline,0,0.69,Medium,510.9,2,45647.73,0
TX02347,CUST0637,9032.1,NetBanking,Success,None,0,0.5,High,56.0,1,0.0,1
TX02348,CUST1191,550.74,UPI,Failed,Network_Error,0,0.8,Medium,543.4,13,550.74,0
TX02349,CUST0459,40313.7,Card,Abandoned,None,1,0.85,Medium,563.1,0,40313.7,1
TX02350,CUST0999,4024.43,UPI,Success,Bank_Decline,3,0.64,Medium,359.8,30,0.0,1
TX02351,CUST1304,20802.56,UPI,Overdue,Timeout,1,0.2,Low,120.2,5,20802.56,0
TX02352,CUST0700,34008.59,Card,Abandoned,Timeout,2,0.71,Low,492.9,6,34008.59,0
TX02353,CUST0302,11992.52,Card,Failed,Network_Error,0,0.8,Low,333.7,1,11992.52,0
TX02354,CUST1242,4381.34,Card,Success,Bank_Decline,3,0.4,Medium,492.1,1,0.0,1
TX02355,CUST1126,38547.06,Card,Failed,None,1,0.57,Low,490.7,14,38547.06,0
TX02356,CUST0554,31582.72,UPI,Subscription_Failed,Authentication_Failed,3,0.97,Low,61.2,20,31582.72,0
TX02357,CUST0288,49426.83,Wallet,Success,Authentication_Failed,1,0.44,Low,368.1,4,0.0,1
TX02358,CUST1191,17346.54,NetBanking,Subscription_Failed,Authentication_Failed,3,0.38,Low,295.1,12,17346.54,0
TX02359,CUST0621,3275.77,Wallet,Success,Timeout,3,0.37,Medium,568.2,18,0.0,1
TX02360,CUST1006,36770.63,UPI,Failed,None,0,0.65,Low,185.0,18,36770.63,0
TX02361,CUST0036,26182.32,Card,Failed,Authentication_Failed,1,0.96,Low,131.5,14,26182.32,0
TX02362,CUST0744,10817.56,NetBanking,Failed,Bank_Decline,2,0.69,Medium,539.3,0,10817.56,1
TX02363,CUST0353,39130.1,NetBanking,Subscription_Failed,Bank_Decline,3,0.44,Medium,97.7,2,39130.1,0
TX02364,CUST0073,10347.02,Wallet,Success,Authentication_Failed,2,0.71,Low,415.0,24,0.0,1
TX02365,CUST0648,13180.95,UPI,Success,Insufficient_Funds,0,0.7,Low,187.0,17,0.0,1
TX02366,CUST1377,4807.92,UPI,Failed,Authentication_Failed,2,0.68,High,345.0,16,4807.92,0
TX02367,CUST1094,20091.73,UPI,Success,Insufficient_Funds,3,0.33,Low,373.6,24,0.0,1
TX02368,CUST0425,21062.68,NetBanking,Success,Network_Error,3,0.71,High,256.2,20,0.0,1
TX02369,CUST0999,25825.18,Wallet,Success,Network_Error,3,0.54,Low,585.2,7,0.0,1
TX02370,CUST0708,35506.42,NetBanking,Success,Bank_Decline,1,0.21,Low,87.8,10,0.0,1
TX02371,CUST0561,45323.83,NetBanking,Failed,None,2,0.63,Low,240.9,19,45323.83,0
TX02372,CUST0828,7059.16,Card,Abandoned,Timeout,1,0.99,Low,263.9,7,7059.16,0
TX02373,CUST0956,2906.54,Wallet,Success,None,3,0.48,High,382.3,27,0.0,1
TX02374,CUST0517,1122.86,Card,Success,Bank_Decline,3,0.97,High,250.3,20,0.0,1
TX02375,CUST0428,7352.34,UPI,Success,Bank_Decline,0,0.28,High,67.3,5,0.0,1
TX02376,CUST0160,32965.88,NetBanking,Success,None,0,0.79,High,569.0,5,0.0,1
TX02377,CUST0149,36428.36,Wallet,Success,Timeout,3,0.29,Medium,255.5,5,0.0,1
TX02378,CUST0776,39367.98,UPI,Success,Bank_Decline,1,0.42,Medium,212.2,1,0.0,1
TX02379,CUST1254,12336.67,Wallet,Abandoned,Timeout,1,0.66,Medium,273.6,9,12336.67,0
TX02380,CUST0067,15433.56,NetBanking,Failed,Bank_Decline,3,0.67,Low,137.8,9,15433.56,0
TX02381,CUST1014,24260.11,Wallet,Success,Network_Error,2,0.82,Low,69.1,8,0.0,1
TX02382,CUST0381,3346.52,UPI,Failed,Insufficient_Funds,1,0.69,Medium,97.7,22,3346.52,1
TX02383,CUST0058,30634.85,Card,Subscription_Failed,Bank_Decline,3,0.67,High,108.3,2,30634.85,1
TX02384,CUST1283,49190.0,NetBanking,Success,Insufficient_Funds,0,0.93,Medium,126.6,1,0.0,1
TX02385,CUST0342,18168.15,Card,Success,Authentication_Failed,3,0.56,Medium,257.8,3,0.0,1
TX02386,CUST1154,37691.8,NetBanking,Failed,Bank_Decline,1,0.38,Low,378.1,7,37691.8,0
TX02387,CUST0727,25101.69,UPI,Success,Network_Error,3,0.33,Medium,381.0,8,0.0,1
TX02388,CUST1196,6565.03,NetBanking,Failed,Timeout,2,0.52,High,10.1,25,6565.03,1
TX02389,CUST0770,29195.42,Card,Subscription_Failed,Network_Error,2,0.77,Low,553.4,1,29195.42,0
TX02390,CUST0614,15133.74,NetBanking,Success,Insufficient_Funds,1,0.23,High,495.5,15,0.0,1
TX02391,CUST1233,1913.28,UPI,Failed,Timeout,3,0.3,Medium,578.7,29,1913.28,0
TX02392,CUST0354,31819.5,NetBanking,Failed,Network_Error,2,0.28,Medium,222.4,5,31819.5,0
TX02393,CUST1495,42974.83,Card,Success,Network_Error,2,0.67,High,402.2,7,0.0,1
TX02394,CUST0116,17369.53,UPI,Success,Network_Error,0,0.39,Low,109.1,2,0.0,1
TX02395,CUST1288,19636.72,Card,Subscription_Failed,None,1,0.33,Low,492.0,10,19636.72,0
TX02396,CUST0662,44572.88,NetBanking,Overdue,Timeout,0,0.67,Medium,105.2,24,44572.88,1
TX02397,CUST1466,40717.72,Wallet,Abandoned,Network_Error,0,0.81,Low,202.3,19,40717.72,1
TX02398,CUST0453,35804.65,Card,Subscription_Failed,Network_Error,2,0.47,Low,299.6,4,35804.65,0
TX02399,CUST0287,12590.09,NetBanking,Success,Insufficient_Funds,3,0.66,Low,360.8,29,0.0,1
TX02400,CUST1327,45528.79,Wallet,Success,Network_Error,0,0.28,High,340.2,11,0.0,1
TX02401,CUST1017,7889.9,Wallet,Success,Network_Error,1,0.95,Low,70.2,22,0.0,1
TX02402,CUST0311,31413.17,UPI,Success,Authentication_Failed,1,0.47,Low,258.8,29,0.0,1
TX02403,CUST0208,1634.3,Wallet,Abandoned,Timeout,3,1.0,High,554.5,26,1634.3,1
TX02404,CUST0618,32257.25,Card,Overdue,Authentication_Failed,1,0.98,High,524.7,10,32257.25,1
TX02405,CUST0446,14001.79,Card,Abandoned,None,0,0.82,Medium,358.6,4,14001.79,0
TX02406,CUST0670,22593.91,Wallet,Failed,Insufficient_Funds,3,0.22,Medium,347.7,19,22593.91,0
TX02407,CUST0633,17394.17,NetBanking,Success,Authentication_Failed,1,0.63,Low,75.9,19,0.0,1
TX02408,CUST0055,8803.29,Card,Success,None,1,0.27,Low,128.2,20,0.0,1
TX02409,CUST0912,31174.64,Card,Success,Bank_Decline,0,0.92,Low,159.1,2,0.0,1
TX02410,CUST1036,44122.38,UPI,Failed,Timeout,0,0.83,Medium,298.0,8,44122.38,1
TX02411,CUST0657,47962.4,NetBanking,Success,Network_Error,0,0.98,Low,441.5,27,0.0,1
TX02412,CUST1424,9778.85,Wallet,Overdue,Authentication_Failed,0,0.69,Medium,281.8,17,9778.85,1
TX02413,CUST0980,35925.16,NetBanking,Subscription_Failed,Authentication_Failed,3,0.62,Low,84.4,11,35925.16,1
TX02414,CUST0515,33284.1,UPI,Success,Network_Error,3,0.62,Low,269.2,22,0.0,1
TX02415,CUST0237,17300.21,UPI,Success,Network_Error,3,0.51,Medium,106.0,3,0.0,1
TX02416,CUST1303,1151.14,NetBanking,Failed,Insufficient_Funds,2,0.57,Medium,453.2,23,1151.14,0
TX02417,CUST0348,34551.6,UPI,Success,Authentication_Failed,0,0.71,Low,108.2,6,0.0,1
TX02418,CUST0627,47285.64,UPI,Abandoned,Authentication_Failed,0,0.95,Low,294.7,23,47285.64,0
TX02419,CUST1128,31679.58,UPI,Failed,Bank_Decline,3,0.68,Low,419.1,19,31679.58,0
TX02420,CUST0630,21877.58,NetBanking,Success,None,1,0.89,Low,144.6,10,0.0,1
TX02421,CUST1272,26352.66,UPI,Success,Bank_Decline,1,0.89,Medium,54.9,1,0.0,1
TX02422,CUST0364,10141.51,Wallet,Success,Authentication_Failed,0,0.62,Low,342.3,22,0.0,1
TX02423,CUST0321,37577.1,Wallet,Subscription_Failed,Bank_Decline,0,0.48,Low,42.0,11,37577.1,0
TX02424,CUST0286,37371.71,Card,Success,Authentication_Failed,3,0.71,High,356.8,8,0.0,1
TX02425,CUST0149,7446.76,Wallet,Subscription_Failed,Timeout,0,0.56,Medium,454.6,5,7446.76,1
TX02426,CUST1108,43923.32,Card,Failed,Insufficient_Funds,1,0.27,Low,204.3,6,43923.32,1
TX02427,CUST0406,13605.65,NetBanking,Abandoned,Bank_Decline,1,0.5,Low,298.1,5,13605.65,0
TX02428,CUST0978,49116.35,UPI,Success,Authentication_Failed,0,1.0,Low,558.0,17,0.0,1
TX02429,CUST0456,19268.57,Wallet,Failed,Bank_Decline,3,0.24,Low,288.0,12,19268.57,0
TX02430,CUST0800,9058.63,Card,Failed,None,3,0.76,Medium,598.0,8,9058.63,0
TX02431,CUST1185,17715.66,NetBanking,Success,Insufficient_Funds,1,0.87,Medium,102.6,20,0.0,1
TX02432,CUST1013,22120.98,Card,Abandoned,Timeout,3,0.72,Low,428.3,27,22120.98,0
TX02433,CUST0784,3651.53,UPI,Failed,Network_Error,1,0.66,Medium,395.0,30,3651.53,1
TX02434,CUST0460,28995.28,Wallet,Subscription_Failed,Network_Error,0,0.77,Low,524.7,18,28995.28,0
TX02435,CUST0738,29962.1,NetBanking,Success,Bank_Decline,1,0.54,Low,64.5,3,0.0,1
TX02436,CUST0509,36998.74,Card,Abandoned,Authentication_Failed,0,0.27,Medium,175.3,3,36998.74,1
TX02437,CUST0481,1652.66,NetBanking,Success,None,3,0.97,Low,88.0,12,0.0,1
TX02438,CUST0114,27153.66,Card,Abandoned,Insufficient_Funds,2,0.55,Low,560.5,27,27153.66,0
TX02439,CUST0749,2834.79,Card,Overdue,Timeout,2,0.73,High,261.7,24,2834.79,1
TX02440,CUST0361,35116.98,UPI,Success,Timeout,2,0.63,Low,546.9,10,0.0,1
TX02441,CUST0341,2975.25,UPI,Success,Timeout,1,0.24,Low,183.7,20,0.0,1
TX02442,CUST0770,45604.05,Card,Failed,Network_Error,2,0.96,Medium,84.6,1,45604.05,1
TX02443,CUST0761,35163.71,Wallet,Success,Insufficient_Funds,1,0.83,Medium,185.0,5,0.0,1
TX02444,CUST0969,25468.01,NetBanking,Success,Network_Error,3,0.32,Medium,362.3,11,0.0,1
TX02445,CUST0449,22186.9,NetBanking,Success,Bank_Decline,0,0.99,Low,508.7,29,0.0,1
TX02446,CUST0835,6707.5,UPI,Subscription_Failed,Timeout,2,0.79,Low,237.4,22,6707.5,0
TX02447,CUST1204,14691.77,Wallet,Subscription_Failed,Insufficient_Funds,1,0.58,Low,549.7,7,14691.77,0
TX02448,CUST1431,43474.16,Card,Failed,Timeout,3,0.69,Medium,154.1,4,43474.16,1
TX02449,CUST1220,45241.75,UPI,Failed,Network_Error,3,0.29,Low,419.2,23,45241.75,0
TX02450,CUST1490,237.24,Card,Abandoned,Network_Error,2,0.65,Medium,444.1,23,237.24,1
TX02451,CUST0311,29787.99,Card,Success,Network_Error,3,0.26,Low,171.6,29,0.0,1
TX02452,CUST0262,36021.17,UPI,Success,Timeout,3,0.64,Low,25.9,19,0.0,1
TX02453,CUST1443,31013.6,Wallet,Failed,Insufficient_Funds,3,0.64,Low,225.5,22,31013.6,0
TX02454,CUST0406,4267.65,NetBanking,Overdue,Insufficient_Funds,1,0.9,High,36.7,27,4267.65,0
TX02455,CUST0143,11042.7,UPI,Failed,Bank_Decline,3,0.78,High,541.4,28,11042.7,0
TX02456,CUST0342,12666.95,Wallet,Failed,Timeout,3,0.4,High,572.6,8,12666.95,0
TX02457,CUST1340,41619.89,Card,Abandoned,Bank_Decline,3,0.91,Low,443.9,25,41619.89,1
TX02458,CUST1125,23267.33,UPI,Success,None,3,0.66,Low,438.7,3,0.0,1
TX02459,CUST0244,24444.04,NetBanking,Abandoned,Bank_Decline,3,0.69,Low,152.1,8,24444.04,0
TX02460,CUST0490,46757.67,NetBanking,Success,Bank_Decline,1,0.34,Medium,53.6,11,0.0,1
TX02461,CUST0012,31926.88,Card,Success,Bank_Decline,3,0.89,Low,483.2,3,0.0,1
TX02462,CUST1263,44953.65,UPI,Failed,Network_Error,3,0.94,Low,339.9,16,44953.65,0
TX02463,CUST0561,22934.14,NetBanking,Failed,None,0,0.82,Low,412.2,19,22934.14,1
TX02464,CUST0042,7641.93,UPI,Success,Bank_Decline,3,0.95,Low,470.0,1,0.0,1
TX02465,CUST0678,46510.79,NetBanking,Failed,Insufficient_Funds,3,0.44,Low,251.6,21,46510.79,0
TX02466,CUST0594,23043.51,Card,Failed,Bank_Decline,1,0.89,Low,95.3,12,23043.51,0
TX02467,CUST1453,9245.24,Card,Abandoned,Network_Error,3,0.59,Low,479.1,30,9245.24,0
TX02468,CUST1182,15259.31,UPI,Subscription_Failed,Authentication_Failed,1,0.33,Low,277.7,14,15259.31,0
TX02469,CUST1240,2729.97,Wallet,Success,None,2,0.74,Medium,497.9,7,0.0,1
TX02470,CUST1486,23521.37,Wallet,Overdue,Authentication_Failed,3,0.75,Medium,268.2,5,23521.37,0
TX02471,CUST0134,42685.78,Card,Failed,Authentication_Failed,0,0.43,Low,138.0,8,42685.78,0
TX02472,CUST1091,46692.31,NetBanking,Abandoned,None,1,0.22,Medium,110.9,21,46692.31,0
TX02473,CUST1031,46643.59,Wallet,Failed,Timeout,2,0.36,Low,448.9,10,46643.59,0
TX02474,CUST0948,6436.46,Card,Success,Insufficient_Funds,0,0.52,Low,349.2,22,0.0,1
TX02475,CUST0073,19226.28,NetBanking,Success,Network_Error,1,0.33,Medium,248.7,11,0.0,1
TX02476,CUST0399,1605.79,NetBanking,Failed,None,2,0.36,High,300.3,20,1605.79,0
TX02477,CUST1429,42787.23,Wallet,Success,Authentication_Failed,0,0.51,Medium,334.3,23,0.0,1
TX02478,CUST0578,18066.04,Card,Failed,Network_Error,3,0.97,Low,151.3,1,18066.04,0
TX02479,CUST0859,31629.63,NetBanking,Success,Network_Error,0,0.81,Medium,233.1,1,0.0,1
TX02480,CUST0130,35801.94,NetBanking,Success,Timeout,0,0.46,Low,182.5,10,0.0,1
TX02481,CUST0931,21606.26,UPI,Success,Authentication_Failed,0,0.96,Low,239.2,7,0.0,1
TX02482,CUST1490,15460.83,UPI,Abandoned,Bank_Decline,1,0.72,Low,305.3,5,15460.83,0
TX02483,CUST1230,48118.2,Wallet,Success,Network_Error,3,0.56,Medium,112.3,17,0.0,1
TX02484,CUST0266,48231.51,UPI,Failed,Authentication_Failed,3,0.57,Low,242.2,21,48231.51,0
TX02485,CUST0793,14613.93,Card,Success,Network_Error,1,0.53,Medium,237.4,28,0.0,1
TX02486,CUST0253,24085.33,Wallet,Abandoned,Timeout,0,0.39,Medium,178.7,10,24085.33,0
TX02487,CUST0822,48647.64,Wallet,Success,Timeout,3,0.51,Low,599.1,23,0.0,1
TX02488,CUST1313,442.45,UPI,Success,Bank_Decline,0,0.62,High,53.4,5,0.0,1
TX02489,CUST0164,20751.38,NetBanking,Failed,Timeout,3,0.62,Medium,389.3,8,20751.38,0
TX02490,CUST0095,5202.79,Card,Failed,Authentication_Failed,1,0.81,Low,112.9,21,5202.79,0
TX02491,CUST0833,25556.07,Card,Success,None,2,0.49,Low,505.3,13,0.0,1
TX02492,CUST1134,1428.56,Card,Subscription_Failed,Timeout,0,0.77,Medium,549.4,18,1428.56,0
TX02493,CUST0336,20463.54,Wallet,Success,None,3,0.66,Low,246.9,24,0.0,1
TX02494,CUST0822,11190.81,Card,Success,Bank_Decline,3,0.97,High,495.9,25,0.0,1
TX02495,CUST0238,26758.76,NetBanking,Success,Insufficient_Funds,3,0.51,Low,157.4,30,0.0,1
TX02496,CUST0381,49800.48,NetBanking,Success,Network_Error,1,0.92,Low,92.6,20,0.0,1
TX02497,CUST1460,40066.7,UPI,Success,Network_Error,1,0.86,High,196.4,5,0.0,1
TX02498,CUST0899,42312.98,Card,Success,Authentication_Failed,2,0.71,High,211.6,19,0.0,1
TX02499,CUST0483,31836.2,Wallet,Abandoned,Bank_Decline,1,0.72,Low,244.4,18,31836.2,0
TX02500,CUST0902,2269.68,UPI,Success,Bank_Decline,0,0.27,Medium,230.0,9,0.0,1
TX02501,CUST1049,10498.52,NetBanking,Failed,Bank_Decline,1,0.96,Low,252.6,13,10498.52,0
TX02502,CUST1141,46268.21,Card,Success,Network_Error,3,0.29,Medium,428.9,4,0.0,1
TX02503,CUST0482,18432.43,NetBanking,Success,Timeout,0,0.65,High,154.9,11,0.0,1
TX02504,CUST1416,5361.11,UPI,Success,Network_Error,1,0.46,Low,21.0,18,0.0,1
TX02505,CUST0917,35179.79,NetBanking,Abandoned,Network_Error,0,0.54,Low,298.9,28,35179.79,0
TX02506,CUST0994,15112.99,Card,Failed,Network_Error,0,0.69,Low,274.5,1,15112.99,0
TX02507,CUST0964,13589.07,Card,Abandoned,Timeout,1,0.93,Low,45.4,14,13589.07,0
TX02508,CUST0537,49899.28,UPI,Success,Insufficient_Funds,0,0.57,Low,88.9,5,0.0,1
TX02509,CUST1103,42935.32,Card,Abandoned,Authentication_Failed,3,0.99,Medium,310.9,29,42935.32,0
TX02510,CUST1197,20515.3,NetBanking,Failed,Insufficient_Funds,3,0.67,Low,148.5,7,20515.3,0
TX02511,CUST1036,49017.01,NetBanking,Success,Insufficient_Funds,1,0.33,Low,527.8,13,0.0,1
TX02512,CUST0128,32575.64,Wallet,Success,Network_Error,1,0.35,Medium,112.2,2,0.0,1
TX02513,CUST0092,37152.72,Wallet,Success,Insufficient_Funds,3,0.77,Low,21.9,5,0.0,1
TX02514,CUST0543,1769.35,Wallet,Failed,Network_Error,1,0.24,Low,274.1,10,1769.35,0
TX02515,CUST0846,6255.94,NetBanking,Success,Network_Error,3,0.58,Low,591.8,29,0.0,1
TX02516,CUST0989,31727.64,NetBanking,Failed,Authentication_Failed,0,0.32,Medium,384.0,8,31727.64,0
TX02517,CUST0447,44971.39,UPI,Success,Bank_Decline,1,0.55,Low,218.9,30,0.0,1
TX02518,CUST0390,31262.44,Wallet,Success,Network_Error,2,0.8,Medium,20.0,29,0.0,1
TX02519,CUST0672,6874.44,NetBanking,Success,Insufficient_Funds,3,0.57,Low,296.1,16,0.0,1
TX02520,CUST0043,5964.85,UPI,Failed,Authentication_Failed,3,0.33,Medium,131.8,18,5964.85,0
TX02521,CUST0254,42240.46,NetBanking,Success,None,0,0.4,Medium,392.2,28,0.0,1
TX02522,CUST1154,7137.26,UPI,Success,None,2,0.49,Medium,354.0,1,0.0,1
TX02523,CUST1084,26107.55,Wallet,Abandoned,None,2,0.26,Low,166.5,27,26107.55,0
TX02524,CUST0663,2048.24,Wallet,Success,Insufficient_Funds,2,0.67,Low,50.6,7,0.0,1
TX02525,CUST0467,4217.35,Wallet,Success,Bank_Decline,3,0.69,High,455.5,24,0.0,1
TX02526,CUST0287,33682.94,NetBanking,Success,Timeout,3,0.25,Low,355.4,9,0.0,1
TX02527,CUST1011,34521.23,NetBanking,Success,Bank_Decline,2,0.52,Low,506.9,21,0.0,1
TX02528,CUST1491,17205.18,UPI,Success,Authentication_Failed,1,0.53,Medium,163.3,2,0.0,1
TX02529,CUST0778,10937.37,Card,Success,Bank_Decline,2,0.47,Medium,395.2,9,0.0,1
TX02530,CUST0345,40722.77,Card,Success,None,0,0.65,Low,80.0,23,0.0,1
TX02531,CUST0642,11011.74,Wallet,Success,Bank_Decline,2,0.48,Medium,182.2,25,0.0,1
TX02532,CUST0382,27192.95,Card,Overdue,Authentication_Failed,2,0.53,Medium,397.4,30,27192.95,0
TX02533,CUST0690,48416.8,Wallet,Success,Authentication_Failed,2,0.84,Low,497.1,22,0.0,1
TX02534,CUST1277,7563.05,UPI,Success,None,1,0.33,Medium,199.3,29,0.0,1
TX02535,CUST1080,47055.64,Card,Success,Insufficient_Funds,2,0.7,Medium,481.3,1,0.0,1
TX02536,CUST1487,9308.07,Card,Success,Network_Error,2,0.6,High,409.9,26,0.0,1
TX02537,CUST0457,28458.67,Wallet,Subscription_Failed,Timeout,3,0.44,Low,215.7,6,28458.67,0
TX02538,CUST0983,18974.98,UPI,Failed,Timeout,2,0.78,Medium,527.1,0,18974.98,0
TX02539,CUST0083,48253.44,Card,Success,None,0,0.64,Low,310.4,23,0.0,1
TX02540,CUST1123,13822.39,Card,Abandoned,Timeout,3,0.58,Low,392.5,11,13822.39,0
TX02541,CUST0149,20102.97,Card,Success,Bank_Decline,1,0.73,Medium,302.4,4,0.0,1
TX02542,CUST1353,49146.43,UPI,Overdue,Authentication_Failed,3,0.84,Low,277.1,8,49146.43,0
TX02543,CUST1180,26916.23,UPI,Subscription_Failed,Authentication_Failed,1,0.98,Low,510.3,11,26916.23,0
TX02544,CUST0190,25230.98,Card,Failed,None,1,0.7,Low,183.9,10,25230.98,0
TX02545,CUST0883,13037.37,Wallet,Success,Authentication_Failed,0,0.9,Low,31.6,11,0.0,1
TX02546,CUST0263,35127.91,Wallet,Success,Network_Error,2,0.2,Low,529.1,2,0.0,1
TX02547,CUST1104,915.77,Card,Success,Authentication_Failed,0,0.62,Low,496.8,11,0.0,1
TX02548,CUST0400,2665.73,UPI,Success,Authentication_Failed,3,0.37,Medium,226.3,22,0.0,1
TX02549,CUST0764,30048.06,Card,Success,Bank_Decline,1,0.28,Low,119.4,23,0.0,1
TX02550,CUST0609,17215.39,UPI,Overdue,Insufficient_Funds,3,0.63,Medium,408.6,0,17215.39,0
TX02551,CUST1284,47675.16,Card,Success,Timeout,1,0.8,High,56.5,29,0.0,1
TX02552,CUST0785,45178.9,UPI,Failed,Bank_Decline,3,0.53,Low,260.0,5,45178.9,0
TX02553,CUST0101,35742.57,NetBanking,Failed,Bank_Decline,1,0.74,Medium,60.7,29,35742.57,0
TX02554,CUST1383,40943.65,Wallet,Subscription_Failed,Bank_Decline,0,0.59,Medium,362.8,10,40943.65,0
TX02555,CUST1404,33433.13,NetBanking,Success,Timeout,1,0.55,Medium,26.1,1,0.0,1
TX02556,CUST0820,6453.99,Wallet,Success,None,2,0.43,Low,381.3,7,0.0,1
TX02557,CUST1245,38324.06,UPI,Abandoned,Bank_Decline,0,0.51,Medium,407.2,21,38324.06,1
TX02558,CUST0820,10667.56,NetBanking,Abandoned,Insufficient_Funds,2,0.48,Low,297.4,10,10667.56,0
TX02559,CUST0420,16307.45,Wallet,Subscription_Failed,None,3,0.72,Low,113.3,30,16307.45,0
TX02560,CUST0124,40997.86,Card,Failed,Authentication_Failed,3,0.29,Medium,69.8,26,40997.86,0
TX02561,CUST0422,26918.98,UPI,Success,Insufficient_Funds,1,0.27,Low,194.8,11,0.0,1
TX02562,CUST1255,43025.05,UPI,Success,None,1,0.73,Medium,284.5,18,0.0,1
TX02563,CUST1087,10809.16,Card,Success,Authentication_Failed,3,0.64,Medium,388.9,19,0.0,1
TX02564,CUST0768,30467.37,Card,Failed,Authentication_Failed,0,0.54,Medium,10.7,22,30467.37,0
TX02565,CUST0483,4372.79,Wallet,Failed,Bank_Decline,2,0.32,Low,429.5,8,4372.79,0
TX02566,CUST0519,32224.44,UPI,Failed,Bank_Decline,3,0.53,High,430.5,10,32224.44,0
TX02567,CUST0155,38174.2,Wallet,Overdue,Timeout,0,0.83,Medium,272.3,25,38174.2,1
TX02568,CUST0092,29329.56,Card,Failed,Network_Error,2,0.91,Low,212.6,17,29329.56,1
TX02569,CUST0982,13458.33,UPI,Success,Insufficient_Funds,1,0.76,Low,507.0,8,0.0,1
TX02570,CUST0455,1760.86,Card,Success,Timeout,0,0.25,Medium,472.9,14,0.0,1
TX02571,CUST0598,6148.55,Wallet,Subscription_Failed,Timeout,0,0.74,High,590.1,21,6148.55,1
TX02572,CUST0510,31190.69,Wallet,Success,Insufficient_Funds,3,0.39,Medium,229.4,17,0.0,1
TX02573,CUST1207,46734.13,Wallet,Success,None,2,0.45,Medium,545.0,7,0.0,1
TX02574,CUST0386,10485.41,UPI,Success,Insufficient_Funds,3,0.36,Low,61.6,3,0.0,1
TX02575,CUST0405,36804.3,Card,Success,Authentication_Failed,1,0.82,Low,252.8,26,0.0,1
TX02576,CUST0246,43349.26,Card,Success,Network_Error,1,0.72,Low,284.6,12,0.0,1
TX02577,CUST0742,26139.93,Wallet,Overdue,None,2,0.69,Medium,270.1,14,26139.93,1
TX02578,CUST0661,33529.44,Wallet,Overdue,Bank_Decline,2,0.73,Low,378.8,7,33529.44,0
TX02579,CUST0650,40787.76,Wallet,Overdue,Network_Error,2,0.39,Low,110.4,15,40787.76,0
TX02580,CUST1495,13181.62,Wallet,Success,Network_Error,3,0.56,Low,521.2,10,0.0,1
TX02581,CUST1447,14985.4,NetBanking,Overdue,Bank_Decline,2,0.71,High,335.5,22,14985.4,0
TX02582,CUST0901,231.25,NetBanking,Overdue,Network_Error,2,0.71,Medium,543.5,22,231.25,0
TX02583,CUST0065,48162.09,NetBanking,Overdue,None,3,0.83,Low,11.6,26,48162.09,1
TX02584,CUST1037,45893.74,Wallet,Failed,None,1,0.43,High,381.7,12,45893.74,0
TX02585,CUST0213,38275.5,Wallet,Failed,None,1,0.82,Low,253.4,29,38275.5,1
TX02586,CUST0242,4137.99,Card,Success,Timeout,0,0.55,Low,308.0,6,0.0,1
TX02587,CUST0493,22485.64,UPI,Subscription_Failed,Timeout,1,0.74,Low,448.8,17,22485.64,1
TX02588,CUST1237,5274.21,Card,Success,None,2,0.56,Low,144.0,7,0.0,1
TX02589,CUST0338,992.83,NetBanking,Success,Bank_Decline,1,0.96,Low,130.9,1,0.0,1
TX02590,CUST0173,30885.91,Card,Overdue,Bank_Decline,3,0.34,Medium,424.8,2,30885.91,0
TX02591,CUST0672,48049.3,Wallet,Success,Insufficient_Funds,1,0.74,Medium,317.6,9,0.0,1
TX02592,CUST0164,45162.83,NetBanking,Success,Insufficient_Funds,1,0.66,Medium,147.8,6,0.0,1
TX02593,CUST0465,34898.39,NetBanking,Overdue,None,0,0.34,Medium,295.6,22,34898.39,1
TX02594,CUST0995,5012.7,UPI,Overdue,Network_Error,0,0.25,Medium,281.1,27,5012.7,0
TX02595,CUST0497,13853.37,UPI,Success,Network_Error,2,0.84,Low,418.0,6,0.0,1
TX02596,CUST0700,16138.82,NetBanking,Subscription_Failed,Bank_Decline,3,0.33,Medium,11.6,3,16138.82,1
TX02597,CUST0395,38204.87,NetBanking,Success,Network_Error,2,0.35,Medium,356.2,20,0.0,1
TX02598,CUST0703,40152.01,Card,Success,Authentication_Failed,3,0.98,High,367.4,22,0.0,1
TX02599,CUST0308,19378.28,NetBanking,Success,Timeout,3,0.77,Low,449.9,7,0.0,1
TX02600,CUST0183,21010.62,Wallet,Success,Network_Error,0,0.4,Low,534.6,18,0.0,1
TX02601,CUST0629,2416.55,Card,Success,Network_Error,1,0.67,Medium,269.7,21,0.0,1
TX02602,CUST0510,14599.01,Wallet,Success,Insufficient_Funds,1,0.63,Medium,212.1,11,0.0,1
TX02603,CUST0546,22674.0,Wallet,Subscription_Failed,Authentication_Failed,0,0.88,Low,70.4,24,22674.0,1
TX02604,CUST0624,6025.76,Wallet,Failed,Network_Error,2,0.78,Medium,208.7,9,6025.76,0
TX02605,CUST0594,22772.72,NetBanking,Subscription_Failed,Timeout,1,0.87,Low,50.4,13,22772.72,0
TX02606,CUST0744,42688.16,UPI,Failed,Network_Error,2,0.37,High,483.7,26,42688.16,0
TX02607,CUST1251,29149.79,UPI,Success,Bank_Decline,1,0.71,Low,486.1,11,0.0,1
TX02608,CUST1460,4130.71,Wallet,Overdue,Authentication_Failed,2,0.23,Low,256.2,20,4130.71,0
TX02609,CUST1446,9745.23,NetBanking,Subscription_Failed,Network_Error,3,0.26,Low,163.2,19,9745.23,0
TX02610,CUST0554,23832.31,Card,Success,Authentication_Failed,3,0.77,Low,79.6,24,0.0,1
TX02611,CUST0021,18202.06,Wallet,Success,Network_Error,1,0.22,Low,512.2,3,0.0,1
TX02612,CUST0554,18064.61,Card,Failed,Timeout,2,0.66,Medium,527.7,18,18064.61,0
TX02613,CUST0397,26557.52,Card,Failed,Timeout,2,0.87,High,167.1,28,26557.52,0
TX02614,CUST0625,29302.92,NetBanking,Subscription_Failed,Authentication_Failed,3,0.5,Low,376.8,6,29302.92,0
TX02615,CUST0105,39883.71,NetBanking,Success,None,2,0.24,Medium,162.6,20,0.0,1
TX02616,CUST0192,17180.13,UPI,Success,Insufficient_Funds,0,0.77,Low,142.8,0,0.0,1
TX02617,CUST0017,40312.22,UPI,Failed,Insufficient_Funds,2,0.94,Low,22.5,7,40312.22,0
TX02618,CUST1144,17062.84,NetBanking,Failed,Bank_Decline,3,0.77,Low,350.5,10,17062.84,0
TX02619,CUST0393,2960.56,Wallet,Success,None,0,0.66,Low,98.5,0,0.0,1
TX02620,CUST0425,27798.55,UPI,Success,Insufficient_Funds,0,0.38,Medium,17.3,24,0.0,1
TX02621,CUST0129,29477.54,Card,Failed,Authentication_Failed,2,0.21,Low,71.9,0,29477.54,0
TX02622,CUST1154,46740.1,Wallet,Abandoned,Insufficient_Funds,3,0.76,High,195.1,3,46740.1,0
TX02623,CUST0572,36357.85,Card,Success,Bank_Decline,3,0.38,Medium,404.8,25,0.0,1
TX02624,CUST0029,45905.08,NetBanking,Success,Network_Error,3,0.89,Medium,129.5,3,0.0,1
TX02625,CUST1121,45435.69,Card,Abandoned,Insufficient_Funds,0,0.57,High,533.7,10,45435.69,0
TX02626,CUST1034,30307.79,Wallet,Overdue,Authentication_Failed,3,0.62,High,180.2,29,30307.79,0
TX02627,CUST0242,26482.55,NetBanking,Success,Authentication_Failed,0,0.8,Medium,205.4,24,0.0,1
TX02628,CUST0232,27960.56,Wallet,Success,Bank_Decline,0,0.82,Low,138.6,0,0.0,1
TX02629,CUST0789,48920.87,Card,Overdue,Bank_Decline,1,0.71,Low,159.7,9,48920.87,0
TX02630,CUST1308,38703.75,Wallet,Success,Timeout,2,0.95,Medium,53.7,28,0.0,1
TX02631,CUST0715,5492.04,NetBanking,Failed,Timeout,3,0.99,Medium,183.9,24,5492.04,1
TX02632,CUST0759,38965.73,Card,Failed,Timeout,0,0.96,High,517.2,3,38965.73,0
TX02633,CUST0802,8692.79,Card,Success,Network_Error,2,0.86,Low,416.2,22,0.0,1
TX02634,CUST0776,22478.06,UPI,Failed,Authentication_Failed,0,0.76,Low,526.4,24,22478.06,0
TX02635,CUST0726,10680.89,UPI,Failed,Timeout,2,0.73,Low,71.9,26,10680.89,1
TX02636,CUST0200,34541.24,Wallet,Failed,Authentication_Failed,0,0.28,Medium,278.8,6,34541.24,0
TX02637,CUST0945,43890.02,UPI,Success,Bank_Decline,3,0.42,Low,145.3,1,0.0,1
TX02638,CUST0079,14660.02,UPI,Overdue,Network_Error,1,0.2,Low,435.5,21,14660.02,0
TX02639,CUST0956,4284.13,UPI,Success,Bank_Decline,1,0.31,Low,582.4,12,0.0,1
TX02640,CUST0856,15064.96,UPI,Failed,Authentication_Failed,1,0.55,Low,491.1,21,15064.96,0
TX02641,CUST1197,33683.62,NetBanking,Subscription_Failed,None,0,0.32,Low,30.8,18,33683.62,0
TX02642,CUST0467,16572.25,NetBanking,Success,None,2,0.92,Medium,196.8,3,0.0,1
TX02643,CUST0581,14049.99,UPI,Abandoned,Timeout,3,0.84,Low,26.9,5,14049.99,0
TX02644,CUST1440,9384.87,Wallet,Overdue,None,3,0.26,Medium,33.7,26,9384.87,0
TX02645,CUST0940,24976.32,NetBanking,Success,Bank_Decline,0,0.4,High,56.9,21,0.0,1
TX02646,CUST0449,13942.25,UPI,Success,None,1,0.86,High,173.0,16,0.0,1
TX02647,CUST0087,36604.32,NetBanking,Subscription_Failed,Insufficient_Funds,0,0.84,Medium,189.5,25,36604.32,1
TX02648,CUST0101,4015.8,Card,Success,Network_Error,2,0.96,Medium,246.3,23,0.0,1
TX02649,CUST1032,33268.85,NetBanking,Success,Authentication_Failed,1,1.0,Low,248.9,8,0.0,1
TX02650,CUST0845,12030.49,NetBanking,Subscription_Failed,Timeout,0,0.98,High,465.1,1,12030.49,1
TX02651,CUST1224,24566.11,Wallet,Abandoned,Bank_Decline,2,0.53,Low,93.4,19,24566.11,0
TX02652,CUST0087,14447.28,NetBanking,Overdue,Network_Error,1,0.4,Low,103.1,26,14447.28,0
TX02653,CUST0043,36193.88,Wallet,Success,Timeout,3,0.81,Low,379.7,5,0.0,1
TX02654,CUST1409,47276.29,Card,Success,Bank_Decline,2,0.44,Low,347.3,17,0.0,1
TX02655,CUST1459,45870.42,UPI,Success,None,3,0.85,Low,100.9,26,0.0,1
TX02656,CUST0408,29254.63,Wallet,Failed,Authentication_Failed,2,0.63,Medium,512.8,22,29254.63,0
TX02657,CUST0664,23237.99,NetBanking,Failed,Insufficient_Funds,1,0.84,Medium,204.1,21,23237.99,0
TX02658,CUST1041,40951.37,NetBanking,Success,Insufficient_Funds,0,0.42,Medium,226.5,23,0.0,1
TX02659,CUST0148,34229.65,Wallet,Success,None,0,0.61,Low,258.1,14,0.0,1
TX02660,CUST0277,9341.49,Card,Failed,Authentication_Failed,0,0.65,Medium,200.4,22,9341.49,0
TX02661,CUST0232,41081.78,UPI,Failed,Network_Error,0,0.95,Low,338.9,15,41081.78,1
TX02662,CUST0366,21558.44,NetBanking,Success,Authentication_Failed,2,0.41,Low,239.3,25,0.0,1
TX02663,CUST1252,9611.49,Card,Subscription_Failed,None,0,0.95,Medium,163.1,0,9611.49,0
TX02664,CUST0436,14233.51,UPI,Success,Bank_Decline,0,0.84,High,543.6,9,0.0,1
TX02665,CUST0399,13522.85,UPI,Abandoned,Network_Error,2,0.78,Low,191.9,9,13522.85,0
TX02666,CUST1235,26056.51,NetBanking,Subscription_Failed,Insufficient_Funds,2,0.83,Medium,422.1,20,26056.51,0
TX02667,CUST1415,11871.63,Wallet,Failed,None,1,0.68,Medium,214.9,5,11871.63,1
TX02668,CUST0499,6353.61,NetBanking,Success,Bank_Decline,2,0.4,High,266.8,29,0.0,1
TX02669,CUST0540,6359.8,NetBanking,Success,None,3,0.35,Low,149.2,22,0.0,1
TX02670,CUST0563,29247.15,NetBanking,Subscription_Failed,Timeout,1,0.89,Low,453.9,3,29247.15,0
TX02671,CUST0442,36791.01,Card,Success,Timeout,1,0.78,Low,444.9,13,0.0,1
TX02672,CUST1285,16212.34,Wallet,Abandoned,Timeout,0,0.37,Low,23.1,24,16212.34,0
TX02673,CUST0773,1925.61,Card,Overdue,Insufficient_Funds,0,0.69,Low,45.5,16,1925.61,0
TX02674,CUST0350,6535.8,NetBanking,Overdue,Authentication_Failed,3,0.56,High,554.2,2,6535.8,1
TX02675,CUST1376,45751.79,Wallet,Success,Network_Error,0,0.33,Low,534.4,25,0.0,1
TX02676,CUST0520,24778.47,UPI,Abandoned,Insufficient_Funds,2,0.63,High,308.6,1,24778.47,0
TX02677,CUST1344,22787.93,Wallet,Overdue,Bank_Decline,2,0.43,Low,301.1,29,22787.93,0
TX02678,CUST0138,2094.85,NetBanking,Success,Bank_Decline,0,0.28,High,489.3,17,0.0,1
TX02679,CUST0992,36486.12,Wallet,Success,Timeout,0,0.57,Medium,91.7,16,0.0,1
TX02680,CUST0368,26497.79,UPI,Success,Network_Error,2,0.67,Low,395.7,12,0.0,1
TX02681,CUST1244,10263.63,UPI,Success,Timeout,1,0.24,Medium,290.8,18,0.0,1
TX02682,CUST1361,5681.67,Wallet,Subscription_Failed,Bank_Decline,3,0.52,Low,448.6,9,5681.67,0
TX02683,CUST1247,19292.72,UPI,Failed,Bank_Decline,3,0.41,Low,27.8,20,19292.72,0
TX02684,CUST0360,41890.67,Card,Subscription_Failed,Authentication_Failed,1,0.22,Low,359.7,21,41890.67,0
TX02685,CUST0921,43291.67,Wallet,Abandoned,Authentication_Failed,3,0.3,Low,338.5,23,43291.67,0
TX02686,CUST0329,30221.75,UPI,Failed,Authentication_Failed,0,0.31,Medium,506.1,3,30221.75,1
TX02687,CUST0962,36431.31,UPI,Failed,Timeout,0,0.35,Medium,409.3,16,36431.31,1
TX02688,CUST0463,5934.76,Wallet,Success,None,0,0.84,Low,529.3,27,0.0,1
TX02689,CUST0946,29488.68,Card,Subscription_Failed,Network_Error,3,0.55,High,533.5,15,29488.68,0
TX02690,CUST0963,33414.89,Wallet,Success,Authentication_Failed,1,0.32,High,250.8,24,0.0,1
TX02691,CUST1406,10195.5,UPI,Failed,Insufficient_Funds,0,0.28,Low,91.1,18,10195.5,0
TX02692,CUST0836,44031.71,Wallet,Success,Authentication_Failed,1,0.44,Low,381.9,23,0.0,1
TX02693,CUST0169,9910.84,UPI,Overdue,Timeout,2,0.84,Low,525.5,13,9910.84,0
TX02694,CUST0217,15811.17,NetBanking,Subscription_Failed,Network_Error,2,0.49,Medium,54.2,19,15811.17,0
TX02695,CUST0378,31103.73,Wallet,Success,Authentication_Failed,2,0.33,Low,339.2,26,0.0,1
TX02696,CUST0119,31989.83,Wallet,Failed,Network_Error,3,0.52,Low,77.8,30,31989.83,1
TX02697,CUST0190,35029.36,UPI,Failed,Insufficient_Funds,3,0.64,Medium,25.9,14,35029.36,0
TX02698,CUST0767,5778.18,UPI,Success,Bank_Decline,0,0.22,Medium,411.0,18,0.0,1
TX02699,CUST0370,42503.33,UPI,Success,Network_Error,2,0.7,Low,412.3,2,0.0,1
TX02700,CUST0149,26735.79,UPI,Failed,None,1,0.52,High,364.4,19,26735.79,0
TX02701,CUST0652,23671.83,Wallet,Success,Authentication_Failed,3,0.21,Medium,516.9,19,0.0,1
TX02702,CUST0770,49058.66,UPI,Success,Timeout,1,0.74,Low,57.7,15,0.0,1
TX02703,CUST0374,37070.84,Wallet,Success,None,1,0.77,Medium,72.1,27,0.0,1
TX02704,CUST0781,6076.7,Card,Success,None,0,0.7,Low,520.1,30,0.0,1
TX02705,CUST0160,37875.65,Wallet,Success,Timeout,0,0.47,Low,306.9,6,0.0,1
TX02706,CUST0351,4943.4,UPI,Success,Timeout,1,0.62,Low,171.1,17,0.0,1
TX02707,CUST1312,1568.03,UPI,Success,Timeout,1,0.51,Low,445.5,7,0.0,1
TX02708,CUST1312,20300.57,Card,Success,None,1,0.76,Low,537.7,26,0.0,1
TX02709,CUST0892,49680.19,Wallet,Failed,Network_Error,1,0.67,Low,416.9,13,49680.19,0
TX02710,CUST1250,8909.22,Card,Overdue,Timeout,2,0.27,Medium,477.2,17,8909.22,0
TX02711,CUST0523,33697.69,Wallet,Success,Bank_Decline,1,0.71,Medium,176.7,0,0.0,1
TX02712,CUST0522,8835.12,UPI,Subscription_Failed,None,3,0.75,Low,180.4,23,8835.12,0
TX02713,CUST0783,36294.39,Wallet,Success,None,0,0.5,Low,519.8,30,0.0,1
TX02714,CUST0273,25366.61,UPI,Failed,None,3,0.9,Medium,372.8,19,25366.61,1
TX02715,CUST0936,34062.59,UPI,Success,Insufficient_Funds,0,0.87,Low,148.2,5,0.0,1
TX02716,CUST1426,10303.08,NetBanking,Failed,Network_Error,0,0.34,Low,319.3,12,10303.08,1
TX02717,CUST0183,37332.29,NetBanking,Failed,Network_Error,0,0.92,Low,414.7,0,37332.29,1
TX02718,CUST0488,49781.83,Wallet,Success,Timeout,3,0.55,Medium,138.9,18,0.0,1
TX02719,CUST0846,33349.39,UPI,Success,None,0,0.78,Medium,396.4,6,0.0,1
TX02720,CUST0124,24775.3,Card,Subscription_Failed,None,1,0.85,Medium,34.9,22,24775.3,0
TX02721,CUST0985,46174.06,UPI,Success,Timeout,1,0.6,Low,189.2,26,0.0,1
TX02722,CUST0790,989.42,Card,Success,Network_Error,2,0.52,Medium,407.6,23,0.0,1
TX02723,CUST0414,36550.19,Wallet,Success,Timeout,2,0.93,Low,98.1,15,0.0,1
TX02724,CUST1196,44459.58,Wallet,Success,Timeout,2,0.38,Low,141.1,13,0.0,1
TX02725,CUST1312,3271.39,Card,Success,Timeout,1,0.41,Medium,528.7,1,0.0,1
TX02726,CUST1459,22613.2,Card,Success,Timeout,3,0.49,Medium,407.8,6,0.0,1
TX02727,CUST0686,10395.03,UPI,Success,Timeout,2,0.89,Low,304.4,19,0.0,1
TX02728,CUST0113,28412.6,Wallet,Success,Authentication_Failed,1,0.95,Low,134.4,30,0.0,1
TX02729,CUST0888,32547.24,UPI,Abandoned,Authentication_Failed,0,0.38,Medium,211.4,21,32547.24,1
TX02730,CUST0122,15270.63,Card,Abandoned,None,3,0.89,High,348.9,19,15270.63,1
TX02731,CUST1246,23107.09,NetBanking,Overdue,None,3,0.41,Medium,101.6,14,23107.09,0
TX02732,CUST0039,14111.11,NetBanking,Subscription_Failed,Authentication_Failed,1,0.98,Low,294.2,24,14111.11,0
TX02733,CUST0497,18595.68,NetBanking,Subscription_Failed,Network_Error,1,0.68,Medium,251.3,13,18595.68,1
TX02734,CUST0780,8145.09,Card,Abandoned,Insufficient_Funds,0,0.21,Medium,291.2,0,8145.09,0
TX02735,CUST1257,44300.86,UPI,Failed,Network_Error,0,0.23,Medium,72.3,16,44300.86,0
TX02736,CUST0943,698.52,Wallet,Success,None,0,0.32,Low,72.8,15,0.0,1
TX02737,CUST0149,44143.98,Card,Failed,Authentication_Failed,3,0.35,Low,578.8,4,44143.98,0
TX02738,CUST1421,28669.61,NetBanking,Success,Network_Error,3,0.81,Low,587.8,20,0.0,1
TX02739,CUST1022,16716.56,UPI,Subscription_Failed,Insufficient_Funds,2,0.38,Low,261.4,26,16716.56,0
TX02740,CUST0661,36208.24,Wallet,Success,Timeout,2,0.98,Low,475.5,23,0.0,1
TX02741,CUST0302,25486.06,Wallet,Failed,Bank_Decline,2,0.71,Medium,396.9,22,25486.06,0
TX02742,CUST1384,25055.61,Card,Success,Authentication_Failed,3,0.75,Low,79.0,26,0.0,1
TX02743,CUST0238,5685.09,Card,Success,Authentication_Failed,0,0.37,Medium,185.0,2,0.0,1
TX02744,CUST0647,19597.9,Wallet,Success,Insufficient_Funds,2,0.91,Low,195.1,23,0.0,1
TX02745,CUST0663,12205.0,Wallet,Success,Timeout,0,0.73,Low,361.5,29,0.0,1
TX02746,CUST0236,981.66,NetBanking,Success,Timeout,0,0.89,Medium,352.2,19,0.0,1
TX02747,CUST0203,18132.96,Wallet,Success,Bank_Decline,0,0.97,Low,554.9,18,0.0,1
TX02748,CUST0256,4673.14,Card,Success,Timeout,2,0.3,Low,476.1,1,0.0,1
TX02749,CUST0598,12990.14,UPI,Success,Insufficient_Funds,2,0.28,Low,515.5,24,0.0,1
TX02750,CUST0662,4807.33,NetBanking,Subscription_Failed,None,0,0.84,Medium,535.8,13,4807.33,0
TX02751,CUST0235,5226.89,NetBanking,Success,Timeout,2,0.89,High,482.8,27,0.0,1
TX02752,CUST1369,10110.76,Wallet,Success,None,1,0.67,Medium,206.4,22,0.0,1
TX02753,CUST0534,49992.49,UPI,Overdue,None,2,0.49,Medium,136.9,20,49992.49,0
TX02754,CUST0860,308.77,NetBanking,Failed,Insufficient_Funds,0,0.72,Low,347.3,24,308.77,0
TX02755,CUST1490,32005.9,Card,Success,Authentication_Failed,0,0.44,High,416.8,18,0.0,1
TX02756,CUST0770,7233.94,Wallet,Success,Authentication_Failed,3,0.39,High,238.1,12,0.0,1
TX02757,CUST0541,46047.28,Card,Abandoned,Authentication_Failed,3,0.59,Medium,510.5,12,46047.28,0
TX02758,CUST0213,4862.92,Wallet,Success,Network_Error,0,0.37,Medium,576.7,28,0.0,1
TX02759,CUST0463,47762.15,NetBanking,Success,Authentication_Failed,1,0.59,Medium,345.9,5,0.0,1
TX02760,CUST0436,30624.13,Wallet,Abandoned,Insufficient_Funds,3,0.97,Low,279.4,23,30624.13,0
TX02761,CUST0283,263.15,UPI,Success,Bank_Decline,0,0.87,High,507.3,8,0.0,1
TX02762,CUST1487,44721.56,Card,Subscription_Failed,Timeout,3,0.95,Medium,24.3,19,44721.56,0
TX02763,CUST1431,26181.25,UPI,Success,Authentication_Failed,3,0.85,Medium,86.1,0,0.0,1
TX02764,CUST0088,13280.95,Card,Failed,Network_Error,0,0.48,Medium,508.9,23,13280.95,1
TX02765,CUST1068,38410.5,Card,Abandoned,None,2,0.85,High,441.9,9,38410.5,0
TX02766,CUST0461,46347.94,Wallet,Success,Network_Error,1,0.94,Medium,255.5,2,0.0,1
TX02767,CUST0278,24287.8,NetBanking,Subscription_Failed,Insufficient_Funds,2,0.96,Low,534.4,5,24287.8,0
TX02768,CUST0421,15914.56,NetBanking,Overdue,Bank_Decline,0,0.75,Low,217.4,15,15914.56,0
TX02769,CUST1377,39489.47,UPI,Success,Authentication_Failed,0,0.37,High,384.0,19,0.0,1
TX02770,CUST0696,34152.92,Wallet,Overdue,Authentication_Failed,1,0.23,Medium,384.3,5,34152.92,0
TX02771,CUST0515,44459.87,NetBanking,Success,Network_Error,0,0.32,High,118.8,11,0.0,1
TX02772,CUST0703,34687.2,Card,Subscription_Failed,Insufficient_Funds,3,0.97,Medium,178.1,2,34687.2,1
TX02773,CUST0019,12327.71,Card,Success,Network_Error,1,0.57,Medium,550.4,22,0.0,1
TX02774,CUST0023,46596.63,Wallet,Success,Network_Error,2,0.88,Low,118.2,17,0.0,1
TX02775,CUST0413,5420.82,UPI,Success,Bank_Decline,1,0.57,Low,112.4,20,0.0,1
TX02776,CUST1054,13543.55,Wallet,Success,Insufficient_Funds,2,0.73,Medium,293.0,2,0.0,1
TX02777,CUST0108,26105.69,UPI,Success,Bank_Decline,0,0.22,Low,64.4,4,0.0,1
TX02778,CUST1391,28373.95,Wallet,Subscription_Failed,Insufficient_Funds,2,0.4,Medium,537.8,18,28373.95,0
TX02779,CUST1305,962.47,Card,Subscription_Failed,Authentication_Failed,2,0.55,Medium,69.1,24,962.47,0
TX02780,CUST1152,39072.52,Wallet,Success,Timeout,2,0.7,Low,373.8,23,0.0,1
TX02781,CUST1253,18208.04,NetBanking,Success,None,1,0.34,Medium,210.5,29,0.0,1
TX02782,CUST1135,20439.64,NetBanking,Subscription_Failed,Timeout,3,0.81,Low,484.5,17,20439.64,1
TX02783,CUST0136,40506.6,Wallet,Success,Insufficient_Funds,2,0.49,Low,358.0,7,0.0,1
TX02784,CUST0362,19088.31,UPI,Success,Timeout,1,0.85,Low,239.1,29,0.0,1
TX02785,CUST1210,2551.8,UPI,Success,Network_Error,1,0.28,High,590.5,23,0.0,1
TX02786,CUST0129,8986.7,Card,Success,Authentication_Failed,3,0.74,Low,49.1,9,0.0,1
TX02787,CUST1285,47803.98,Card,Success,None,1,0.43,Low,350.9,18,0.0,1
TX02788,CUST0515,3706.19,UPI,Failed,None,0,0.84,Low,593.8,9,3706.19,1
TX02789,CUST0449,17875.57,Wallet,Failed,None,0,0.52,Low,417.7,20,17875.57,1
TX02790,CUST1128,25258.32,Card,Success,Authentication_Failed,0,0.73,Medium,446.5,1,0.0,1
TX02791,CUST1248,24765.39,UPI,Subscription_Failed,Timeout,3,0.95,Low,28.9,9,24765.39,0
TX02792,CUST0874,397.21,UPI,Failed,None,1,0.22,Medium,22.6,21,397.21,1
TX02793,CUST0473,25157.9,Wallet,Success,None,0,0.21,Low,31.3,17,0.0,1
TX02794,CUST1034,19311.87,NetBanking,Success,Insufficient_Funds,2,0.82,Medium,595.1,30,0.0,1
TX02795,CUST1429,48609.55,UPI,Success,Network_Error,1,0.72,Low,587.9,3,0.0,1
TX02796,CUST0302,8126.12,Card,Success,Insufficient_Funds,0,0.43,High,207.4,30,0.0,1
TX02797,CUST0231,17836.88,Wallet,Success,Timeout,1,0.6,Low,181.7,2,0.0,1
TX02798,CUST0923,21090.18,Wallet,Success,Authentication_Failed,0,0.23,Medium,96.1,16,0.0,1
TX02799,CUST1090,19656.54,Wallet,Success,Authentication_Failed,2,0.35,Medium,204.2,23,0.0,1
TX02800,CUST0937,33358.38,NetBanking,Failed,Insufficient_Funds,1,0.54,Medium,228.4,23,33358.38,0
TX02801,CUST0112,10932.54,NetBanking,Abandoned,Bank_Decline,0,0.87,Medium,451.5,16,10932.54,1
TX02802,CUST1037,11209.36,Card,Success,Insufficient_Funds,0,0.58,Low,521.1,27,0.0,1
TX02803,CUST1417,36514.71,Card,Failed,Bank_Decline,2,0.67,Medium,450.6,21,36514.71,0
TX02804,CUST0500,25114.47,Wallet,Overdue,Insufficient_Funds,2,0.9,Low,391.4,11,25114.47,0
TX02805,CUST0932,20874.75,Card,Failed,Bank_Decline,0,0.45,Medium,461.9,16,20874.75,1
TX02806,CUST0598,8626.31,UPI,Success,Bank_Decline,0,0.76,High,445.7,12,0.0,1
TX02807,CUST0234,9538.86,NetBanking,Success,None,3,0.89,High,290.7,8,0.0,1
TX02808,CUST0602,725.47,Wallet,Subscription_Failed,None,3,0.36,Low,208.2,0,725.47,0
TX02809,CUST0314,4753.03,Wallet,Success,Bank_Decline,1,0.49,Low,176.8,14,0.0,1
TX02810,CUST0566,27930.57,UPI,Success,Bank_Decline,1,0.98,Low,410.8,18,0.0,1
TX02811,CUST1036,44615.28,UPI,Failed,Network_Error,3,0.99,Low,576.0,8,44615.28,1
TX02812,CUST0209,14500.81,UPI,Failed,Bank_Decline,0,0.38,Low,352.8,16,14500.81,0
TX02813,CUST1038,16521.81,UPI,Abandoned,None,2,0.25,Low,548.4,14,16521.81,0
TX02814,CUST1442,5957.16,Wallet,Success,Bank_Decline,1,0.42,High,18.4,1,0.0,1
TX02815,CUST1461,19553.82,NetBanking,Success,Authentication_Failed,0,0.52,Medium,478.7,3,0.0,1
TX02816,CUST1401,2053.64,NetBanking,Overdue,Network_Error,2,0.55,Medium,513.6,6,2053.64,1
TX02817,CUST1044,45896.51,UPI,Success,Bank_Decline,2,0.7,Low,382.3,7,0.0,1
TX02818,CUST0587,33720.95,Card,Success,None,0,0.92,Medium,561.1,0,0.0,1
TX02819,CUST1015,49539.29,Wallet,Success,None,0,0.46,High,358.0,0,0.0,1
TX02820,CUST1094,44164.59,NetBanking,Abandoned,Timeout,1,0.88,Medium,151.9,4,44164.59,1
TX02821,CUST1235,23754.93,UPI,Abandoned,None,3,0.27,Low,137.3,7,23754.93,0
TX02822,CUST1125,26080.31,Card,Overdue,Network_Error,0,0.23,Low,337.9,30,26080.31,1
TX02823,CUST0698,9690.69,Card,Success,None,3,0.6,High,544.8,0,0.0,1
TX02824,CUST0132,23209.56,UPI,Success,Authentication_Failed,1,0.25,Low,52.7,2,0.0,1
TX02825,CUST1405,45170.79,Wallet,Success,Insufficient_Funds,3,0.51,Medium,366.6,21,0.0,1
TX02826,CUST1156,2732.5,NetBanking,Subscription_Failed,Authentication_Failed,3,0.92,Low,464.2,28,2732.5,0
TX02827,CUST1044,43205.13,Card,Success,Authentication_Failed,2,0.39,Low,78.1,16,0.0,1
TX02828,CUST0536,17179.2,NetBanking,Success,Network_Error,1,0.76,High,78.9,29,0.0,1
TX02829,CUST1014,44995.74,NetBanking,Failed,Network_Error,0,0.44,Low,226.0,2,44995.74,1
TX02830,CUST0227,47055.82,Card,Success,Timeout,3,0.24,Low,171.6,27,0.0,1
TX02831,CUST1178,33609.07,UPI,Success,None,1,0.65,Low,127.0,0,0.0,1
TX02832,CUST1493,33288.3,Card,Subscription_Failed,Timeout,2,0.87,High,127.2,3,33288.3,1
TX02833,CUST0822,22747.17,Card,Success,Network_Error,2,0.53,Low,87.1,8,0.0,1
TX02834,CUST0871,41809.9,Wallet,Success,None,3,0.69,Medium,370.4,12,0.0,1
TX02835,CUST0405,48088.32,NetBanking,Success,Network_Error,3,0.92,Low,416.0,4,0.0,1
TX02836,CUST0202,38799.07,UPI,Success,Network_Error,0,0.83,Medium,424.7,13,0.0,1
TX02837,CUST0038,31172.45,NetBanking,Success,Insufficient_Funds,1,0.36,High,324.1,18,0.0,1
TX02838,CUST0942,30418.29,Card,Failed,Authentication_Failed,0,0.79,Low,572.2,25,30418.29,1
TX02839,CUST0188,42503.6,UPI,Success,Timeout,0,0.6,Low,529.5,22,0.0,1
TX02840,CUST1081,27151.95,UPI,Subscription_Failed,Timeout,2,0.8,Low,575.0,13,27151.95,0
TX02841,CUST0941,40232.22,UPI,Success,Bank_Decline,1,0.6,Medium,239.4,21,0.0,1
TX02842,CUST1044,25542.49,UPI,Success,Insufficient_Funds,0,0.3,Low,527.9,26,0.0,1
TX02843,CUST0273,3309.72,Wallet,Success,Network_Error,2,0.66,Low,460.1,24,0.0,1
TX02844,CUST1143,19320.56,UPI,Abandoned,Network_Error,3,0.59,Low,210.6,3,19320.56,0
TX02845,CUST0583,22333.16,Card,Success,Insufficient_Funds,0,0.61,Low,72.9,3,0.0,1
TX02846,CUST0516,7252.54,Wallet,Abandoned,None,3,0.9,Low,412.7,8,7252.54,1
TX02847,CUST1245,5304.32,Card,Abandoned,Timeout,1,0.92,High,90.5,1,5304.32,0
TX02848,CUST0526,26866.15,Card,Subscription_Failed,Network_Error,0,0.56,High,183.3,9,26866.15,1
TX02849,CUST0336,4440.15,NetBanking,Abandoned,Bank_Decline,3,0.56,Low,305.2,17,4440.15,0
TX02850,CUST0698,15286.67,UPI,Success,Timeout,3,0.61,Medium,411.1,24,0.0,1
TX02851,CUST1079,37280.93,UPI,Subscription_Failed,Authentication_Failed,1,0.62,Medium,556.5,6,37280.93,0
TX02852,CUST0500,48228.72,Card,Overdue,Insufficient_Funds,2,0.96,Medium,360.0,20,48228.72,0
TX02853,CUST0900,35949.95,UPI,Overdue,Timeout,2,0.72,Medium,406.1,13,35949.95,0
TX02854,CUST0766,49632.75,Wallet,Success,Authentication_Failed,0,0.42,Medium,192.9,20,0.0,1
TX02855,CUST0536,34977.23,NetBanking,Failed,Bank_Decline,3,0.63,Medium,415.5,24,34977.23,0
TX02856,CUST0162,14830.96,UPI,Success,None,2,0.7,Medium,268.3,28,0.0,1
TX02857,CUST0594,33668.22,UPI,Success,Insufficient_Funds,0,0.71,Low,515.6,14,0.0,1
TX02858,CUST0159,35167.41,Wallet,Abandoned,None,3,0.67,Low,241.5,9,35167.41,0
TX02859,CUST1212,18712.0,NetBanking,Overdue,Network_Error,0,0.34,Low,286.3,4,18712.0,0
TX02860,CUST0060,1082.15,Wallet,Failed,None,1,0.23,Medium,265.2,24,1082.15,0
TX02861,CUST0915,35219.35,Card,Subscription_Failed,Network_Error,0,0.47,Low,488.6,7,35219.35,0
TX02862,CUST1343,1280.66,Card,Success,Authentication_Failed,1,0.54,Medium,572.7,21,0.0,1
TX02863,CUST0211,31633.17,UPI,Success,Timeout,3,0.25,Low,203.1,20,0.0,1
TX02864,CUST0406,8348.1,NetBanking,Failed,Bank_Decline,3,0.85,Medium,290.3,28,8348.1,0
TX02865,CUST0664,28367.06,Card,Success,Authentication_Failed,3,0.48,Low,426.5,4,0.0,1
TX02866,CUST1133,25294.87,Wallet,Subscription_Failed,Bank_Decline,0,0.93,Medium,538.3,4,25294.87,0
TX02867,CUST1100,872.98,Card,Success,None,3,0.32,Medium,301.3,13,0.0,1
TX02868,CUST0542,18270.72,Card,Success,Bank_Decline,3,0.25,Low,74.2,0,0.0,1
TX02869,CUST1338,30134.34,Wallet,Success,None,1,0.59,Low,227.5,26,0.0,1
TX02870,CUST0998,42460.61,UPI,Success,Bank_Decline,3,0.35,Medium,334.7,4,0.0,1
TX02871,CUST1141,44454.38,NetBanking,Subscription_Failed,Insufficient_Funds,3,0.95,Low,256.3,18,44454.38,0
TX02872,CUST0927,24295.73,UPI,Success,Authentication_Failed,3,0.21,High,120.1,21,0.0,1
TX02873,CUST0868,36475.44,Wallet,Success,Insufficient_Funds,2,0.53,High,31.8,24,0.0,1
TX02874,CUST0019,15959.44,Card,Subscription_Failed,Timeout,3,0.94,Medium,415.6,11,15959.44,1
TX02875,CUST0432,17240.88,NetBanking,Success,Timeout,0,0.51,Medium,595.7,14,0.0,1
TX02876,CUST0740,9884.28,UPI,Abandoned,Network_Error,1,0.27,Medium,552.3,2,9884.28,0
TX02877,CUST1374,28185.02,Wallet,Success,Network_Error,3,0.44,Medium,413.1,0,0.0,1
TX02878,CUST0183,15865.29,Card,Success,Network_Error,0,0.6,High,506.5,23,0.0,1
TX02879,CUST0113,4401.67,Card,Overdue,Timeout,1,0.35,Low,160.9,11,4401.67,1
TX02880,CUST1207,34313.3,UPI,Subscription_Failed,Bank_Decline,1,0.57,Low,377.2,12,34313.3,0
TX02881,CUST0481,35446.11,Wallet,Success,None,0,0.87,Low,45.8,29,0.0,1
TX02882,CUST1170,18127.62,Card,Failed,Bank_Decline,0,0.9,Medium,427.2,13,18127.62,0
TX02883,CUST0831,4020.83,Card,Overdue,Authentication_Failed,2,0.24,Low,582.2,24,4020.83,0
TX02884,CUST1137,21429.63,NetBanking,Success,Timeout,2,0.33,High,517.9,9,0.0,1
TX02885,CUST0763,22228.31,Card,Success,None,3,0.42,Low,325.3,19,0.0,1
TX02886,CUST0476,33499.81,UPI,Success,None,2,0.68,Medium,475.4,25,0.0,1
TX02887,CUST0763,15907.74,Wallet,Success,None,0,0.49,Low,566.9,13,0.0,1
TX02888,CUST1327,34193.44,Wallet,Success,Network_Error,2,0.88,Low,137.5,13,0.0,1
TX02889,CUST0971,43600.13,NetBanking,Subscription_Failed,None,1,0.77,Low,478.0,12,43600.13,1
TX02890,CUST1020,12026.8,Wallet,Success,None,0,0.28,Low,169.2,20,0.0,1
TX02891,CUST1142,48950.19,UPI,Abandoned,Timeout,3,0.7,Low,527.4,2,48950.19,0
TX02892,CUST0161,19441.13,Card,Success,Bank_Decline,1,0.29,High,68.0,29,0.0,1
TX02893,CUST0401,13509.48,NetBanking,Failed,Bank_Decline,1,0.4,Low,115.1,28,13509.48,0
TX02894,CUST0198,21191.26,Wallet,Failed,Insufficient_Funds,1,0.34,Medium,435.2,23,21191.26,0
TX02895,CUST1284,4900.99,NetBanking,Success,Insufficient_Funds,0,0.34,Low,113.1,18,0.0,1
TX02896,CUST0660,6460.15,NetBanking,Success,Authentication_Failed,0,0.69,Low,103.3,19,0.0,1
TX02897,CUST1071,20838.82,Wallet,Success,Timeout,3,0.65,Medium,337.7,9,0.0,1
TX02898,CUST0399,38169.74,NetBanking,Abandoned,Insufficient_Funds,2,0.34,Low,502.6,11,38169.74,0
TX02899,CUST0078,45035.55,Wallet,Success,Insufficient_Funds,2,0.99,High,168.4,22,0.0,1
TX02900,CUST0124,33307.94,UPI,Success,Timeout,2,0.54,Medium,506.3,1,0.0,1
TX02901,CUST0075,5439.93,Wallet,Overdue,Bank_Decline,2,0.28,Low,486.7,0,5439.93,0
TX02902,CUST0137,33666.58,Card,Overdue,Authentication_Failed,1,0.3,Medium,351.7,3,33666.58,0
TX02903,CUST0602,31844.31,Wallet,Success,Authentication_Failed,0,0.67,Low,391.5,7,0.0,1
TX02904,CUST1424,40327.04,Card,Success,Authentication_Failed,2,0.98,Medium,33.9,30,0.0,1
TX02905,CUST0837,41297.38,NetBanking,Failed,Insufficient_Funds,1,0.66,Medium,226.6,16,41297.38,0
TX02906,CUST0500,43436.51,Wallet,Subscription_Failed,Bank_Decline,0,0.96,Medium,165.4,25,43436.51,1
TX02907,CUST0138,20823.75,Card,Success,Authentication_Failed,0,0.56,Low,98.5,13,0.0,1
TX02908,CUST0050,34953.65,Wallet,Success,Timeout,0,0.55,Low,239.9,13,0.0,1
TX02909,CUST0973,13558.87,Wallet,Abandoned,Authentication_Failed,1,0.6,Medium,219.4,18,13558.87,0
TX02910,CUST0254,49966.95,Wallet,Subscription_Failed,Network_Error,2,0.76,High,440.0,3,49966.95,0
TX02911,CUST0710,8931.65,UPI,Abandoned,Bank_Decline,0,0.49,High,362.9,19,8931.65,0
TX02912,CUST0563,703.7,Card,Success,Network_Error,1,0.89,Low,548.7,15,0.0,1
TX02913,CUST0757,7610.67,UPI,Success,Bank_Decline,0,0.22,Medium,95.8,18,0.0,1
TX02914,CUST1450,38838.44,UPI,Failed,None,3,0.55,High,45.3,18,38838.44,0
TX02915,CUST0547,22449.83,Card,Success,Timeout,3,0.61,Low,325.4,12,0.0,1
TX02916,CUST1326,22485.51,Wallet,Success,None,1,0.69,Medium,10.6,6,0.0,1
TX02917,CUST0922,47760.14,UPI,Success,Insufficient_Funds,2,0.42,Low,474.8,23,0.0,1
TX02918,CUST0581,45997.82,UPI,Success,Insufficient_Funds,2,0.54,Low,308.5,13,0.0,1
TX02919,CUST1373,15697.5,UPI,Success,None,0,0.59,Low,298.0,28,0.0,1
TX02920,CUST0049,10611.09,Wallet,Abandoned,Bank_Decline,2,0.75,Medium,223.9,9,10611.09,0
TX02921,CUST0917,42454.41,UPI,Abandoned,Authentication_Failed,2,0.82,Medium,231.2,13,42454.41,0
TX02922,CUST1098,45319.75,NetBanking,Subscription_Failed,Network_Error,3,0.79,Medium,264.4,19,45319.75,0
TX02923,CUST0704,27171.53,Card,Subscription_Failed,Timeout,1,0.47,Low,19.5,10,27171.53,0
TX02924,CUST0261,31545.3,NetBanking,Success,Authentication_Failed,3,1.0,Low,59.3,10,0.0,1
TX02925,CUST0356,12994.33,Wallet,Success,Insufficient_Funds,1,0.88,Medium,308.0,14,0.0,1
TX02926,CUST1284,40079.97,UPI,Success,Authentication_Failed,0,0.41,Medium,98.6,7,0.0,1
TX02927,CUST0638,31679.7,Card,Success,None,3,0.36,Medium,469.5,23,0.0,1
TX02928,CUST0743,25274.97,UPI,Subscription_Failed,None,1,0.45,Low,171.9,21,25274.97,1
TX02929,CUST1319,3193.41,Wallet,Success,Network_Error,2,0.56,Medium,67.8,16,0.0,1
TX02930,CUST1010,45813.56,Card,Success,Insufficient_Funds,1,0.88,High,148.8,22,0.0,1
TX02931,CUST0931,30849.48,NetBanking,Failed,Bank_Decline,2,0.82,Medium,220.7,22,30849.48,0
TX02932,CUST0641,9796.02,Card,Success,Timeout,0,0.88,Medium,30.8,20,0.0,1
TX02933,CUST0792,30398.03,UPI,Failed,None,2,0.42,High,93.6,5,30398.03,0
TX02934,CUST1337,33937.68,Card,Success,Timeout,1,0.67,Medium,201.1,13,0.0,1
TX02935,CUST0612,26383.36,Wallet,Success,Insufficient_Funds,3,0.43,Medium,193.2,8,0.0,1
TX02936,CUST0809,35961.47,Wallet,Success,Bank_Decline,1,0.29,Medium,482.2,2,0.0,1
TX02937,CUST1206,29156.41,Card,Subscription_Failed,None,3,0.75,Low,507.5,11,29156.41,0
TX02938,CUST0686,47398.93,Wallet,Success,Network_Error,1,0.31,Medium,124.1,3,0.0,1
TX02939,CUST1388,2874.11,Wallet,Success,Timeout,1,0.73,Medium,83.1,24,0.0,1
TX02940,CUST0188,5491.04,Wallet,Success,Insufficient_Funds,0,0.72,Low,384.2,14,0.0,1
TX02941,CUST0985,8848.85,NetBanking,Success,Timeout,2,0.85,High,484.7,12,0.0,1
TX02942,CUST0548,34570.52,UPI,Success,Bank_Decline,1,0.31,Medium,578.6,25,0.0,1
TX02943,CUST0725,32350.67,Wallet,Failed,Network_Error,3,0.83,Low,14.0,29,32350.67,0
TX02944,CUST0926,44624.53,Card,Abandoned,Bank_Decline,2,1.0,Medium,254.1,27,44624.53,0
TX02945,CUST1432,36697.3,Wallet,Failed,None,0,0.88,Low,443.1,17,36697.3,0
TX02946,CUST0876,25516.1,NetBanking,Success,Authentication_Failed,2,0.8,Medium,498.8,13,0.0,1
TX02947,CUST0618,49593.22,Card,Success,Bank_Decline,1,0.73,Low,46.7,12,0.0,1
TX02948,CUST0414,13452.18,UPI,Success,Bank_Decline,3,0.54,High,411.6,8,0.0,1
TX02949,CUST1366,41692.94,Card,Success,Timeout,3,0.78,Medium,180.5,30,0.0,1
TX02950,CUST1244,21454.16,Card,Success,Bank_Decline,2,0.78,Medium,54.0,4,0.0,1
TX02951,CUST0903,32507.01,Card,Success,Insufficient_Funds,3,0.71,High,298.6,18,0.0,1
TX02952,CUST0163,36417.97,Card,Failed,None,1,0.84,Low,103.3,7,36417.97,0
TX02953,CUST1244,31760.95,Wallet,Failed,Timeout,3,0.56,Medium,444.8,12,31760.95,0
TX02954,CUST0270,7197.26,UPI,Subscription_Failed,Timeout,3,0.3,Low,447.3,8,7197.26,0
TX02955,CUST0632,22258.96,Wallet,Abandoned,Authentication_Failed,3,0.65,Medium,506.8,16,22258.96,0
TX02956,CUST0906,28159.63,NetBanking,Success,None,1,0.41,Medium,232.8,4,0.0,1
TX02957,CUST1424,42482.38,NetBanking,Success,Insufficient_Funds,0,0.51,High,17.9,29,0.0,1
TX02958,CUST1206,22293.56,Card,Success,None,3,0.21,High,163.2,8,0.0,1
TX02959,CUST0205,45953.62,Wallet,Success,Bank_Decline,0,0.51,Low,286.0,10,0.0,1
TX02960,CUST0582,22130.64,Wallet,Success,Authentication_Failed,2,0.85,Low,419.5,1,0.0,1
TX02961,CUST0841,27529.24,UPI,Success,Insufficient_Funds,2,0.63,Medium,235.4,12,0.0,1
TX02962,CUST1252,39855.03,UPI,Success,Authentication_Failed,1,0.21,Medium,326.3,0,0.0,1
TX02963,CUST0596,29236.77,UPI,Failed,None,1,0.58,Low,319.3,7,29236.77,0
TX02964,CUST0250,48018.86,Wallet,Failed,Network_Error,1,0.43,Low,107.3,14,48018.86,0
TX02965,CUST0875,33084.72,UPI,Success,None,1,0.58,Medium,377.6,21,0.0,1
TX02966,CUST1465,26230.93,UPI,Success,Bank_Decline,0,0.52,Low,269.2,29,0.0,1
TX02967,CUST0196,1374.88,UPI,Success,Authentication_Failed,1,0.95,High,486.7,29,0.0,1
TX02968,CUST0690,20803.9,Card,Failed,Network_Error,0,0.23,Medium,417.5,1,20803.9,0
TX02969,CUST1094,15102.57,NetBanking,Success,Bank_Decline,3,0.75,Medium,75.8,2,0.0,1
TX02970,CUST0639,37455.66,NetBanking,Failed,Authentication_Failed,3,0.88,Low,298.4,20,37455.66,1
TX02971,CUST1423,10572.23,Wallet,Failed,Authentication_Failed,2,0.97,Low,424.5,16,10572.23,0
TX02972,CUST0672,10419.96,Wallet,Success,None,2,0.34,Medium,61.3,17,0.0,1
TX02973,CUST1227,9638.05,Card,Success,Authentication_Failed,0,0.63,High,477.6,26,0.0,1
TX02974,CUST1172,6455.66,NetBanking,Success,Authentication_Failed,1,0.23,Low,141.0,27,0.0,1
TX02975,CUST1496,15688.15,UPI,Success,Timeout,2,0.6,Low,306.8,16,0.0,1
TX02976,CUST0944,44318.92,UPI,Abandoned,Authentication_Failed,0,0.3,Low,564.9,29,44318.92,0
TX02977,CUST0199,38791.44,Wallet,Success,None,2,0.87,Medium,347.1,13,0.0,1
TX02978,CUST1450,36815.51,NetBanking,Success,Timeout,1,0.29,Medium,260.2,10,0.0,1
TX02979,CUST0492,39907.37,Wallet,Overdue,Timeout,0,0.61,Low,14.0,22,39907.37,0
TX02980,CUST0896,13617.01,Wallet,Success,Network_Error,2,0.62,Low,88.7,22,0.0,1
TX02981,CUST0142,44394.6,UPI,Success,Bank_Decline,1,0.98,Medium,351.4,25,0.0,1
TX02982,CUST1337,7037.71,UPI,Success,Timeout,0,0.72,Low,301.4,30,0.0,1
TX02983,CUST0165,16950.02,NetBanking,Abandoned,Insufficient_Funds,0,0.43,Medium,224.7,13,16950.02,0
TX02984,CUST0314,29420.06,Wallet,Failed,Timeout,0,0.39,Medium,554.7,4,29420.06,1
TX02985,CUST0021,5324.67,Card,Success,Insufficient_Funds,3,0.3,Medium,206.2,25,0.0,1
TX02986,CUST1106,36560.48,NetBanking,Overdue,Network_Error,0,0.81,Medium,326.9,5,36560.48,1
TX02987,CUST1155,19484.85,Wallet,Abandoned,Insufficient_Funds,2,0.75,High,345.5,28,19484.85,0
TX02988,CUST0984,39263.4,NetBanking,Success,Network_Error,0,0.69,High,321.2,18,0.0,1
TX02989,CUST0305,24746.24,NetBanking,Abandoned,Network_Error,0,0.23,Low,291.8,10,24746.24,0
TX02990,CUST0371,9207.55,NetBanking,Success,Network_Error,0,0.81,Low,208.9,1,0.0,1
TX02991,CUST0853,36791.14,Card,Failed,Insufficient_Funds,0,0.71,Medium,546.2,9,36791.14,0
TX02992,CUST0384,12756.77,Card,Success,Insufficient_Funds,0,0.97,Low,276.0,12,0.0,1
TX02993,CUST0445,24642.35,UPI,Failed,Network_Error,3,0.67,High,321.8,30,24642.35,0
TX02994,CUST0425,3961.56,UPI,Success,Network_Error,1,0.44,Low,397.3,24,0.0,1
TX02995,CUST0161,30969.76,Wallet,Subscription_Failed,Bank_Decline,3,0.51,High,49.9,1,30969.76,0
TX02996,CUST1202,33359.72,NetBanking,Success,Network_Error,2,0.34,Medium,471.0,13,0.0,1
TX02997,CUST0629,19057.98,Wallet,Failed,Authentication_Failed,1,0.78,Medium,312.4,16,19057.98,0
TX02998,CUST0895,47730.25,UPI,Success,Bank_Decline,2,0.77,Low,397.7,8,0.0,1
TX02999,CUST0490,43733.61,Card,Subscription_Failed,Bank_Decline,0,0.36,High,465.5,7,43733.61,0
TX03000,CUST1017,35455.46,UPI,Abandoned,Bank_Decline,2,0.33,Low,525.7,7,35455.46,0
TX03001,CUST0327,35739.87,Wallet,Success,Authentication_Failed,3,0.26,Low,241.4,6,0.0,1
TX03002,CUST0598,12769.61,UPI,Overdue,Bank_Decline,3,0.93,Low,488.7,24,12769.61,0
TX03003,CUST1015,32909.4,Wallet,Success,Bank_Decline,0,0.39,High,162.7,26,0.0,1
TX03004,CUST0289,10070.67,Wallet,Failed,Insufficient_Funds,0,0.48,Low,399.6,15,10070.67,0
TX03005,CUST0593,7371.36,Wallet,Abandoned,None,1,0.42,Medium,70.6,18,7371.36,0
TX03006,CUST0573,49973.5,Wallet,Success,Insufficient_Funds,3,0.53,Medium,21.8,23,0.0,1
TX03007,CUST1378,31194.32,UPI,Overdue,Network_Error,3,0.77,High,66.5,16,31194.32,0
TX03008,CUST0028,21663.2,Wallet,Success,Network_Error,1,0.9,Medium,198.4,0,0.0,1
TX03009,CUST0954,14550.59,Wallet,Success,Timeout,3,0.35,Medium,28.3,26,0.0,1
TX03010,CUST0043,30275.24,NetBanking,Subscription_Failed,None,1,0.75,Medium,382.0,12,30275.24,0
TX03011,CUST0423,2669.76,Wallet,Failed,Authentication_Failed,3,0.48,Medium,196.8,30,2669.76,0
TX03012,CUST0177,4915.11,UPI,Success,Insufficient_Funds,2,0.98,Low,444.5,30,0.0,1
TX03013,CUST0529,1836.26,Wallet,Success,Network_Error,2,0.44,Low,37.1,15,0.0,1
TX03014,CUST0966,25058.66,Card,Failed,Authentication_Failed,1,0.21,Low,137.9,5,25058.66,0
TX03015,CUST0198,30110.21,Card,Success,Bank_Decline,1,0.61,Low,250.7,14,0.0,1
TX03016,CUST0610,3311.49,Wallet,Subscription_Failed,Authentication_Failed,0,0.32,Low,235.8,11,3311.49,0
TX03017,CUST0842,36116.98,Card,Abandoned,Insufficient_Funds,3,0.24,Medium,87.3,23,36116.98,0
TX03018,CUST0853,11673.67,Card,Success,None,2,0.76,High,596.5,7,0.0,1
TX03019,CUST0022,34323.03,UPI,Success,Timeout,0,0.79,Low,177.8,25,0.0,1
TX03020,CUST1136,49098.48,NetBanking,Success,Insufficient_Funds,3,0.57,Medium,435.4,0,0.0,1
TX03021,CUST1081,34617.07,Card,Success,None,2,0.74,Medium,139.8,10,0.0,1
TX03022,CUST1090,44183.01,Card,Abandoned,Network_Error,3,0.63,Low,527.9,14,44183.01,0
TX03023,CUST0842,47420.29,NetBanking,Overdue,Network_Error,1,0.7,Medium,238.8,0,47420.29,1
TX03024,CUST0098,24440.2,NetBanking,Failed,Authentication_Failed,2,0.68,High,541.5,24,24440.2,1
TX03025,CUST1168,35175.78,Card,Success,Insufficient_Funds,2,0.73,Low,211.7,15,0.0,1
TX03026,CUST0435,42628.07,Wallet,Success,Network_Error,0,0.36,Medium,15.1,24,0.0,1
TX03027,CUST0637,17959.12,Card,Failed,Bank_Decline,3,0.41,Low,315.0,6,17959.12,0
TX03028,CUST1110,13217.59,Wallet,Failed,Bank_Decline,1,0.55,Low,319.6,0,13217.59,0
TX03029,CUST0588,47340.61,Wallet,Failed,Timeout,1,0.56,Medium,80.7,28,47340.61,0
TX03030,CUST0344,36369.91,Wallet,Success,Authentication_Failed,3,0.82,Medium,148.6,25,0.0,1
TX03031,CUST1318,11140.17,NetBanking,Subscription_Failed,Network_Error,3,0.49,Medium,472.3,1,11140.17,0
TX03032,CUST0571,22564.35,Card,Success,Timeout,1,0.33,Low,31.7,7,0.0,1
TX03033,CUST0611,39863.3,Card,Abandoned,Bank_Decline,3,0.4,High,298.8,23,39863.3,0
TX03034,CUST0243,27443.74,UPI,Abandoned,Timeout,0,0.37,Low,322.9,10,27443.74,1
TX03035,CUST0561,32567.61,NetBanking,Failed,Timeout,3,0.79,Medium,416.3,12,32567.61,0
TX03036,CUST0960,37737.66,UPI,Success,Network_Error,0,0.58,Low,32.1,4,0.0,1
TX03037,CUST0032,31176.06,UPI,Failed,Network_Error,0,0.77,High,355.5,17,31176.06,0
TX03038,CUST0391,27095.95,Wallet,Success,Network_Error,3,0.53,Medium,11.8,18,0.0,1
TX03039,CUST0277,37530.79,NetBanking,Abandoned,Authentication_Failed,2,0.91,High,166.5,20,37530.79,1
TX03040,CUST0532,36432.64,UPI,Success,Timeout,2,0.99,Low,304.8,2,0.0,1
TX03041,CUST1178,31567.65,Card,Success,Timeout,0,0.74,Medium,547.7,25,0.0,1
TX03042,CUST0383,18117.51,UPI,Success,Authentication_Failed,3,0.89,Medium,84.7,0,0.0,1
TX03043,CUST1092,20409.44,NetBanking,Subscription_Failed,Bank_Decline,0,0.61,Medium,109.9,29,20409.44,0
TX03044,CUST0884,48527.84,Card,Failed,Insufficient_Funds,3,0.95,Medium,404.9,21,48527.84,0
TX03045,CUST0214,5796.82,Card,Failed,Bank_Decline,3,0.87,Low,231.2,29,5796.82,0
TX03046,CUST0376,13571.54,Card,Failed,Authentication_Failed,1,0.99,Low,377.8,4,13571.54,0
TX03047,CUST0744,24721.61,Wallet,Subscription_Failed,Timeout,2,0.7,Low,598.5,18,24721.61,1
TX03048,CUST0213,41869.14,Card,Success,Timeout,2,0.82,High,592.3,8,0.0,1
TX03049,CUST0079,8351.05,Wallet,Failed,Network_Error,1,0.63,Medium,218.7,25,8351.05,1
TX03050,CUST0628,13992.34,Wallet,Failed,Network_Error,1,0.41,Low,307.3,23,13992.34,0
TX03051,CUST0604,3476.75,UPI,Success,Timeout,1,0.48,High,543.8,6,0.0,1
TX03052,CUST0782,35358.07,UPI,Success,Timeout,0,0.92,Low,64.4,11,0.0,1
TX03053,CUST1405,12062.83,Card,Success,None,0,0.24,Low,276.9,13,0.0,1
TX03054,CUST1001,19556.0,NetBanking,Success,Network_Error,0,0.67,Low,232.8,28,0.0,1
TX03055,CUST0680,22296.33,Card,Success,Network_Error,0,0.5,High,184.0,30,0.0,1
TX03056,CUST0058,44587.43,UPI,Success,Bank_Decline,0,0.51,Medium,596.6,15,0.0,1
TX03057,CUST1050,20684.25,Card,Failed,Timeout,2,0.91,Low,442.8,12,20684.25,1
TX03058,CUST0881,7432.21,UPI,Success,Timeout,2,0.88,Medium,239.4,26,0.0,1
TX03059,CUST0447,26310.88,Card,Success,Authentication_Failed,3,0.68,Low,499.1,17,0.0,1
TX03060,CUST0066,48155.31,NetBanking,Subscription_Failed,Bank_Decline,2,0.42,Low,298.9,29,48155.31,0
TX03061,CUST1278,30462.74,Card,Success,Insufficient_Funds,1,0.58,Low,525.0,9,0.0,1
TX03062,CUST1068,49172.68,NetBanking,Success,Insufficient_Funds,2,0.53,Low,167.2,20,0.0,1
TX03063,CUST1121,42087.14,NetBanking,Failed,Insufficient_Funds,1,0.48,High,141.9,20,42087.14,0
TX03064,CUST1012,1991.09,Card,Success,None,2,0.28,Medium,155.9,5,0.0,1
TX03065,CUST0227,32988.3,NetBanking,Success,Network_Error,0,0.63,Low,327.7,21,0.0,1
TX03066,CUST0774,14480.99,NetBanking,Success,Insufficient_Funds,2,0.44,Low,181.9,2,0.0,1
TX03067,CUST0679,28068.92,UPI,Overdue,Authentication_Failed,3,0.73,Low,96.8,26,28068.92,0
TX03068,CUST1460,14111.39,UPI,Failed,Network_Error,0,0.46,Low,596.8,3,14111.39,0
TX03069,CUST0601,17573.75,NetBanking,Abandoned,Network_Error,0,0.54,Medium,541.3,0,17573.75,0
TX03070,CUST0379,46173.8,Wallet,Overdue,Insufficient_Funds,3,0.24,Low,384.7,10,46173.8,0
TX03071,CUST1202,10490.83,Card,Overdue,Network_Error,2,0.99,Medium,536.0,16,10490.83,1
TX03072,CUST1451,43730.63,NetBanking,Abandoned,Bank_Decline,2,0.61,Low,561.9,4,43730.63,0
TX03073,CUST0709,1716.8,Card,Failed,Bank_Decline,3,0.22,Low,408.9,11,1716.8,0
TX03074,CUST0307,4725.65,UPI,Success,Insufficient_Funds,0,0.63,High,316.0,19,0.0,1
TX03075,CUST0779,42762.82,Card,Success,Authentication_Failed,3,0.9,Low,530.4,30,0.0,1
TX03076,CUST0504,31601.69,NetBanking,Failed,Network_Error,1,0.82,Low,345.0,22,31601.69,0
TX03077,CUST0268,37412.36,NetBanking,Failed,Timeout,1,0.76,Low,84.8,6,37412.36,1
TX03078,CUST0008,10629.0,NetBanking,Overdue,Insufficient_Funds,2,0.31,Low,226.4,3,10629.0,0
TX03079,CUST0508,26946.76,NetBanking,Success,None,0,0.73,Low,273.1,25,0.0,1
TX03080,CUST0476,36913.52,Wallet,Failed,Network_Error,1,0.81,Low,561.9,29,36913.52,0
TX03081,CUST1321,31440.24,Wallet,Failed,Insufficient_Funds,3,0.66,High,398.9,15,31440.24,0
TX03082,CUST0164,23690.6,Wallet,Success,Insufficient_Funds,2,0.91,Medium,526.4,14,0.0,1
TX03083,CUST0485,47997.23,NetBanking,Failed,Authentication_Failed,2,0.42,Medium,457.0,13,47997.23,0
TX03084,CUST1096,33872.64,Wallet,Success,Timeout,0,0.39,Low,192.8,28,0.0,1
TX03085,CUST0567,45405.99,Card,Success,Network_Error,1,0.9,Medium,434.0,1,0.0,1
TX03086,CUST0905,36542.57,NetBanking,Success,Insufficient_Funds,2,0.7,Low,125.2,9,0.0,1
TX03087,CUST0559,36826.08,UPI,Success,Insufficient_Funds,3,0.2,Low,250.8,19,0.0,1
TX03088,CUST0238,4184.91,NetBanking,Success,Network_Error,1,0.48,Low,485.6,23,0.0,1
TX03089,CUST1128,18101.34,Card,Failed,Insufficient_Funds,2,0.89,Low,371.0,1,18101.34,0
TX03090,CUST1234,42946.8,Wallet,Success,Insufficient_Funds,2,0.22,Low,497.0,4,0.0,1
TX03091,CUST0554,11783.67,NetBanking,Success,Insufficient_Funds,1,0.2,Low,160.3,12,0.0,1
TX03092,CUST0828,5952.19,Wallet,Success,Bank_Decline,1,0.43,Low,452.4,22,0.0,1
TX03093,CUST0468,16440.08,NetBanking,Success,Bank_Decline,0,0.93,Low,129.4,9,0.0,1
TX03094,CUST1478,11177.81,Card,Success,Timeout,3,0.92,Low,331.7,21,0.0,1
TX03095,CUST1292,46279.35,NetBanking,Success,Authentication_Failed,0,0.62,Low,265.8,12,0.0,1
TX03096,CUST0386,43424.74,Wallet,Failed,Network_Error,0,0.64,Low,338.3,13,43424.74,1
TX03097,CUST0775,25084.22,Wallet,Subscription_Failed,Authentication_Failed,3,0.47,Low,90.0,24,25084.22,0
TX03098,CUST0848,3254.92,Card,Success,Authentication_Failed,3,0.39,Low,223.1,17,0.0,1
TX03099,CUST0387,35785.2,NetBanking,Success,Bank_Decline,0,0.85,Low,403.5,19,0.0,1
TX03100,CUST0877,31245.9,UPI,Success,Timeout,1,0.29,Low,339.5,22,0.0,1
TX03101,CUST0259,48533.62,NetBanking,Success,Authentication_Failed,3,0.59,Medium,333.9,27,0.0,1
TX03102,CUST0283,28035.87,Card,Failed,Authentication_Failed,0,0.71,Low,311.4,7,28035.87,0
TX03103,CUST0040,16952.41,UPI,Subscription_Failed,Insufficient_Funds,1,0.28,Low,566.9,4,16952.41,0
TX03104,CUST0486,26047.28,Card,Abandoned,Network_Error,2,0.62,Low,561.4,20,26047.28,0
TX03105,CUST0929,48967.31,NetBanking,Success,Timeout,1,0.66,Low,222.5,19,0.0,1
TX03106,CUST0220,34878.85,UPI,Overdue,Network_Error,0,0.79,Low,217.6,24,34878.85,0
TX03107,CUST1153,33664.41,Card,Success,Bank_Decline,3,0.39,High,337.4,11,0.0,1
TX03108,CUST1015,12185.94,Wallet,Failed,Authentication_Failed,1,0.43,Medium,66.4,15,12185.94,0
TX03109,CUST1024,37231.41,UPI,Failed,Authentication_Failed,1,0.66,Low,188.8,25,37231.41,1
TX03110,CUST0613,37563.54,UPI,Failed,None,1,0.99,Medium,146.2,19,37563.54,0
TX03111,CUST0928,16000.99,Card,Success,Network_Error,3,0.37,Low,141.8,18,0.0,1
TX03112,CUST0688,24288.95,Wallet,Success,Bank_Decline,3,0.99,Low,386.7,24,0.0,1
TX03113,CUST0613,14871.25,UPI,Success,None,1,0.77,Medium,236.8,6,0.0,1
TX03114,CUST0260,13083.51,Card,Success,None,1,0.86,Low,111.0,24,0.0,1
TX03115,CUST0990,1489.62,UPI,Success,Insufficient_Funds,0,0.27,Low,533.7,3,0.0,1
TX03116,CUST0966,14403.54,UPI,Failed,None,3,0.44,Medium,525.7,18,14403.54,0
TX03117,CUST0366,27787.7,UPI,Success,None,1,0.25,Medium,518.9,9,0.0,1
TX03118,CUST0544,279.74,Wallet,Failed,Insufficient_Funds,3,0.5,High,240.5,7,279.74,0
TX03119,CUST0649,14304.31,NetBanking,Success,Authentication_Failed,3,0.99,Medium,43.6,15,0.0,1
TX03120,CUST0814,44094.23,NetBanking,Subscription_Failed,Authentication_Failed,3,0.28,Medium,73.0,3,44094.23,0
TX03121,CUST1040,29763.7,Wallet,Success,Timeout,0,0.65,Low,172.9,9,0.0,1
TX03122,CUST1153,30471.57,Wallet,Subscription_Failed,None,2,0.2,Low,139.8,18,30471.57,0
TX03123,CUST0575,20287.54,Card,Success,Network_Error,3,0.77,Medium,525.7,15,0.0,1
TX03124,CUST1133,33888.31,UPI,Success,Authentication_Failed,3,0.36,High,592.0,30,0.0,1
TX03125,CUST1013,9658.65,Wallet,Subscription_Failed,Bank_Decline,1,0.3,Low,491.8,11,9658.65,0
TX03126,CUST0670,40973.59,Card,Success,Network_Error,3,0.47,High,440.6,19,0.0,1
TX03127,CUST0269,6011.12,NetBanking,Success,Timeout,2,0.82,Low,357.3,1,0.0,1
TX03128,CUST1186,32868.87,NetBanking,Success,None,3,0.29,Low,464.2,27,0.0,1
TX03129,CUST1284,17189.24,NetBanking,Success,Insufficient_Funds,0,0.38,Low,568.7,10,0.0,1
TX03130,CUST0924,37426.15,NetBanking,Success,Timeout,1,0.21,Low,364.8,19,0.0,1
TX03131,CUST1126,27578.27,Card,Success,Network_Error,2,0.97,Medium,101.2,22,0.0,1
TX03132,CUST0247,22727.18,UPI,Subscription_Failed,Insufficient_Funds,0,0.67,Low,106.7,30,22727.18,0
TX03133,CUST0131,8637.24,Card,Failed,Bank_Decline,2,0.78,High,354.5,12,8637.24,0
TX03134,CUST0353,31913.71,UPI,Success,Insufficient_Funds,1,0.72,Medium,206.7,2,0.0,1
TX03135,CUST0196,48743.54,NetBanking,Abandoned,Insufficient_Funds,3,0.32,Low,547.0,16,48743.54,1
TX03136,CUST0930,41315.05,Wallet,Success,Bank_Decline,1,0.68,Medium,370.9,9,0.0,1
TX03137,CUST1406,3188.41,Wallet,Success,Authentication_Failed,1,0.31,Low,409.1,7,0.0,1
TX03138,CUST1022,18936.22,Wallet,Success,Authentication_Failed,3,0.52,Medium,13.4,5,0.0,1
TX03139,CUST0645,46294.03,UPI,Failed,Insufficient_Funds,0,0.66,Low,304.3,13,46294.03,0
TX03140,CUST0227,25251.58,NetBanking,Success,Insufficient_Funds,2,0.65,Low,264.4,18,0.0,1
TX03141,CUST0701,33173.17,Card,Failed,Timeout,0,0.3,Medium,426.5,23,33173.17,0
TX03142,CUST0265,45647.45,Wallet,Success,Authentication_Failed,3,0.23,High,235.8,21,0.0,1
TX03143,CUST1396,43714.98,UPI,Overdue,Bank_Decline,2,0.84,Medium,586.2,0,43714.98,0
TX03144,CUST1458,25190.65,Wallet,Failed,None,3,0.78,Medium,405.4,24,25190.65,0
TX03145,CUST0646,21994.79,Card,Success,None,0,0.27,Medium,399.4,10,0.0,1
TX03146,CUST0211,17116.69,NetBanking,Failed,Insufficient_Funds,1,0.3,Low,552.4,24,17116.69,0
TX03147,CUST1401,36007.17,Card,Failed,Insufficient_Funds,2,0.91,Medium,597.2,24,36007.17,0
TX03148,CUST1419,14491.94,NetBanking,Success,None,3,0.82,Low,126.7,13,0.0,1
TX03149,CUST1474,12644.4,NetBanking,Success,Timeout,2,1.0,Low,488.2,12,0.0,1
TX03150,CUST0943,17941.24,NetBanking,Success,Timeout,2,0.4,Low,105.8,11,0.0,1
TX03151,CUST1388,9025.31,Wallet,Abandoned,Timeout,0,0.59,Low,279.7,21,9025.31,0
TX03152,CUST0457,34816.97,Card,Failed,Network_Error,1,0.39,Low,69.1,5,34816.97,0
TX03153,CUST0725,30888.78,Wallet,Success,Bank_Decline,2,0.7,Low,377.8,28,0.0,1
TX03154,CUST1250,24247.35,Card,Success,Network_Error,0,0.29,Low,286.4,3,0.0,1
TX03155,CUST0982,19638.22,UPI,Success,Insufficient_Funds,2,0.3,Medium,380.9,23,0.0,1
TX03156,CUST1155,45471.31,UPI,Success,Timeout,1,0.26,Medium,410.0,8,0.0,1
TX03157,CUST0588,1650.36,Card,Failed,Timeout,2,0.75,Medium,375.5,27,1650.36,0
TX03158,CUST0476,38501.57,Card,Overdue,None,1,0.6,Low,183.5,6,38501.57,0
TX03159,CUST0986,45115.1,Card,Success,None,0,0.69,Medium,503.8,6,0.0,1
TX03160,CUST1301,22428.46,Card,Success,Timeout,0,0.9,Low,335.5,12,0.0,1
TX03161,CUST0156,27624.39,NetBanking,Success,Authentication_Failed,1,0.79,Medium,299.0,1,0.0,1
TX03162,CUST1242,47234.29,Wallet,Abandoned,None,1,0.57,Low,592.4,1,47234.29,0
TX03163,CUST0190,10771.42,NetBanking,Success,Bank_Decline,0,0.99,Medium,177.3,27,0.0,1
TX03164,CUST1441,26102.72,Wallet,Success,Network_Error,1,0.57,Low,321.5,14,0.0,1
TX03165,CUST0981,23841.11,Wallet,Failed,Bank_Decline,1,0.29,Medium,412.6,25,23841.11,0
TX03166,CUST0546,13067.95,Wallet,Success,None,3,0.99,High,83.9,15,0.0,1
TX03167,CUST0041,40965.94,NetBanking,Success,Timeout,2,0.22,Medium,219.0,26,0.0,1
TX03168,CUST0307,45000.11,Card,Failed,Insufficient_Funds,0,0.64,Low,483.0,1,45000.11,1
TX03169,CUST0943,39140.24,NetBanking,Success,Authentication_Failed,0,0.45,Low,149.7,19,0.0,1
TX03170,CUST0338,9928.88,NetBanking,Success,None,3,0.6,High,301.0,24,0.0,1
TX03171,CUST1338,4520.08,Wallet,Success,Bank_Decline,1,0.65,Low,382.1,4,0.0,1
TX03172,CUST1099,30351.14,UPI,Success,Insufficient_Funds,1,0.39,High,406.0,1,0.0,1
TX03173,CUST0953,3043.32,UPI,Success,None,1,0.65,Low,439.7,19,0.0,1
TX03174,CUST0279,33706.73,NetBanking,Overdue,Timeout,0,0.8,High,520.9,6,33706.73,0
TX03175,CUST1200,26615.13,Wallet,Success,Timeout,3,0.41,High,241.8,4,0.0,1
TX03176,CUST0896,33206.73,NetBanking,Abandoned,Timeout,2,0.51,Medium,426.9,10,33206.73,1
TX03177,CUST0273,29590.5,NetBanking,Success,Timeout,3,0.41,Low,442.0,7,0.0,1
TX03178,CUST0837,21250.59,Card,Success,None,0,0.86,Low,187.2,16,0.0,1
TX03179,CUST0620,10203.68,Wallet,Success,Authentication_Failed,2,0.78,High,581.2,13,0.0,1
TX03180,CUST0862,15423.97,UPI,Success,Authentication_Failed,1,0.9,High,520.5,28,0.0,1
TX03181,CUST0931,26320.13,UPI,Success,Bank_Decline,3,0.34,Low,181.0,29,0.0,1
TX03182,CUST0289,32663.03,UPI,Success,None,3,0.26,Low,408.3,30,0.0,1
TX03183,CUST0724,39018.25,NetBanking,Success,Timeout,0,0.3,Medium,433.5,4,0.0,1
TX03184,CUST0893,38405.1,Wallet,Success,Authentication_Failed,3,0.33,Medium,264.6,3,0.0,1
TX03185,CUST0272,48639.9,Card,Overdue,None,2,0.63,Medium,519.6,2,48639.9,0
TX03186,CUST1090,14434.9,UPI,Success,Insufficient_Funds,3,0.98,Medium,417.2,6,0.0,1
TX03187,CUST0483,3741.31,Wallet,Success,Authentication_Failed,0,0.49,High,398.3,25,0.0,1
TX03188,CUST0936,17413.72,UPI,Success,Authentication_Failed,3,0.97,Low,140.3,10,0.0,1
TX03189,CUST0248,37216.06,Card,Success,Bank_Decline,2,0.23,Low,250.6,0,0.0,1
TX03190,CUST0156,22017.96,Wallet,Abandoned,Authentication_Failed,2,0.94,Low,266.0,21,22017.96,0
TX03191,CUST1071,40925.86,NetBanking,Success,Insufficient_Funds,0,0.34,High,442.9,23,0.0,1
TX03192,CUST0454,27556.45,NetBanking,Success,Timeout,1,0.93,Low,374.9,17,0.0,1
TX03193,CUST0201,46503.63,UPI,Success,Network_Error,0,0.24,Low,60.7,21,0.0,1
TX03194,CUST0124,47403.6,UPI,Abandoned,Bank_Decline,1,0.96,Low,191.5,26,47403.6,0
TX03195,CUST0001,3651.36,Wallet,Success,Insufficient_Funds,2,0.36,Low,289.1,0,0.0,1
TX03196,CUST0968,22929.39,Card,Success,Bank_Decline,3,0.44,Medium,444.7,28,0.0,1
TX03197,CUST0855,30562.52,UPI,Success,None,3,0.59,Medium,448.7,15,0.0,1
TX03198,CUST0640,12942.45,Wallet,Success,Timeout,2,0.5,Medium,299.4,12,0.0,1
TX03199,CUST0191,20472.42,Card,Success,Authentication_Failed,0,0.73,Low,79.0,5,0.0,1
TX03200,CUST0516,33948.54,UPI,Subscription_Failed,None,3,0.98,High,182.8,5,33948.54,0
TX03201,CUST0442,11491.36,UPI,Abandoned,Authentication_Failed,0,0.69,Low,160.3,20,11491.36,0
TX03202,CUST0143,30178.67,Wallet,Failed,Insufficient_Funds,3,0.78,Medium,470.8,22,30178.67,0
TX03203,CUST1215,34932.9,UPI,Success,Timeout,1,0.27,Low,116.2,13,0.0,1
TX03204,CUST0533,4706.72,NetBanking,Success,Network_Error,3,0.7,Low,284.3,4,0.0,1
TX03205,CUST0227,24976.96,Card,Success,Network_Error,1,0.56,Low,405.7,30,0.0,1
TX03206,CUST1337,13301.39,Card,Failed,Authentication_Failed,3,0.91,Medium,579.2,29,13301.39,0
TX03207,CUST0949,36274.44,NetBanking,Success,None,3,0.51,Medium,599.6,7,0.0,1
TX03208,CUST1326,9639.86,Wallet,Overdue,Timeout,3,0.74,Low,572.2,17,9639.86,0
TX03209,CUST0460,44633.45,NetBanking,Success,Timeout,3,0.38,Low,433.8,5,0.0,1
TX03210,CUST1425,21660.88,NetBanking,Subscription_Failed,Insufficient_Funds,3,0.41,High,450.4,4,21660.88,0
TX03211,CUST0551,10060.55,Card,Success,None,0,0.5,Low,457.9,9,0.0,1
TX03212,CUST0393,22013.49,Wallet,Success,Network_Error,1,0.44,Low,518.9,17,0.0,1
TX03213,CUST0845,20555.44,UPI,Success,Insufficient_Funds,1,0.4,Low,571.6,26,0.0,1
TX03214,CUST1231,21560.16,NetBanking,Abandoned,Bank_Decline,3,0.24,Medium,273.0,12,21560.16,0
TX03215,CUST0210,29360.95,NetBanking,Success,Timeout,0,0.87,Low,255.7,22,0.0,1
TX03216,CUST1139,26154.45,Wallet,Subscription_Failed,Network_Error,0,0.25,High,281.7,19,26154.45,0
TX03217,CUST0646,7658.9,NetBanking,Subscription_Failed,Insufficient_Funds,2,0.91,Low,399.3,5,7658.9,0
TX03218,CUST1275,3465.84,Wallet,Failed,Authentication_Failed,2,0.3,Low,467.5,20,3465.84,0
TX03219,CUST0219,36524.89,UPI,Failed,Bank_Decline,0,0.25,Low,523.6,3,36524.89,0
TX03220,CUST0407,28073.93,Wallet,Failed,Insufficient_Funds,2,0.65,Medium,279.2,12,28073.93,1
TX03221,CUST1467,18078.24,UPI,Failed,Authentication_Failed,1,0.6,Low,224.4,17,18078.24,1
TX03222,CUST1378,40456.22,Wallet,Success,Network_Error,0,0.59,Medium,590.2,12,0.0,1
TX03223,CUST0888,19525.31,NetBanking,Failed,Network_Error,2,0.66,Low,146.8,12,19525.31,0
TX03224,CUST0558,39839.06,UPI,Subscription_Failed,Bank_Decline,0,0.43,Low,141.0,6,39839.06,0
TX03225,CUST0550,15426.66,NetBanking,Success,Authentication_Failed,2,0.73,High,432.1,4,0.0,1
TX03226,CUST0142,3827.7,UPI,Overdue,Timeout,0,0.6,Medium,116.0,28,3827.7,0
TX03227,CUST0612,46645.46,Wallet,Success,Network_Error,3,0.47,Low,245.7,2,0.0,1
TX03228,CUST0501,19848.65,Wallet,Success,None,1,0.86,Medium,182.5,5,0.0,1
TX03229,CUST0840,39676.09,Wallet,Success,Timeout,2,0.78,Medium,109.5,7,0.0,1
TX03230,CUST0702,14101.38,Card,Success,Timeout,3,0.51,Low,352.0,26,0.0,1
TX03231,CUST0596,32388.98,Card,Abandoned,Insufficient_Funds,0,0.88,Low,230.4,25,32388.98,0
TX03232,CUST0281,43690.88,UPI,Subscription_Failed,Insufficient_Funds,3,0.94,Low,282.7,25,43690.88,0
TX03233,CUST0424,2273.87,Card,Abandoned,Network_Error,1,0.63,Low,125.6,11,2273.87,1
TX03234,CUST0856,41565.66,Wallet,Overdue,Timeout,2,0.37,Medium,463.0,1,41565.66,0
TX03235,CUST0270,28652.38,Card,Success,Insufficient_Funds,2,0.93,Low,195.7,10,0.0,1
TX03236,CUST0154,30452.09,Card,Success,Authentication_Failed,0,0.35,Low,212.2,25,0.0,1
TX03237,CUST0614,26253.27,NetBanking,Success,Authentication_Failed,1,0.24,Low,158.8,27,0.0,1
TX03238,CUST0662,43748.86,UPI,Abandoned,Authentication_Failed,3,0.46,High,266.3,19,43748.86,0
TX03239,CUST0083,2362.98,UPI,Success,Authentication_Failed,0,0.78,Medium,283.5,2,0.0,1
TX03240,CUST0947,13199.21,UPI,Overdue,Timeout,2,0.94,Low,322.5,22,13199.21,0
TX03241,CUST0899,43812.97,Card,Failed,Authentication_Failed,3,0.71,Low,580.9,9,43812.97,0
TX03242,CUST1450,37666.82,Wallet,Overdue,Timeout,0,0.96,Low,543.8,7,37666.82,0
TX03243,CUST1299,1078.73,NetBanking,Success,Network_Error,3,0.27,Medium,369.5,7,0.0,1
TX03244,CUST0284,25946.91,UPI,Success,Network_Error,3,0.25,Low,33.0,13,0.0,1
TX03245,CUST0980,26572.72,Card,Abandoned,Authentication_Failed,0,0.68,High,371.2,3,26572.72,0
TX03246,CUST0173,20163.93,Wallet,Abandoned,Authentication_Failed,3,0.97,Low,62.9,30,20163.93,0
TX03247,CUST1351,15010.19,NetBanking,Success,Authentication_Failed,3,0.6,Medium,429.1,14,0.0,1
TX03248,CUST1087,34149.9,NetBanking,Subscription_Failed,Network_Error,1,0.24,Medium,240.1,9,34149.9,0
TX03249,CUST1097,10547.97,UPI,Subscription_Failed,Insufficient_Funds,1,0.38,Medium,504.2,17,10547.97,0
TX03250,CUST0763,39987.64,UPI,Success,Network_Error,2,0.4,Low,566.1,21,0.0,1
TX03251,CUST1399,40191.25,Wallet,Success,Authentication_Failed,1,0.47,Medium,256.1,14,0.0,1
TX03252,CUST0633,20880.02,Card,Success,Insufficient_Funds,0,0.23,Low,281.7,18,0.0,1
TX03253,CUST0787,14320.69,Wallet,Success,Insufficient_Funds,3,0.92,Low,358.2,23,0.0,1
TX03254,CUST0943,14337.13,UPI,Failed,Bank_Decline,2,0.61,High,126.3,2,14337.13,0
TX03255,CUST1012,24218.11,Wallet,Success,Timeout,1,0.74,High,557.1,1,0.0,1
TX03256,CUST0398,36035.05,Card,Failed,Authentication_Failed,3,0.25,Medium,265.5,12,36035.05,0
TX03257,CUST1144,18071.66,NetBanking,Failed,Timeout,0,0.24,Low,108.4,12,18071.66,0
TX03258,CUST0934,30580.16,NetBanking,Success,Bank_Decline,3,0.67,Medium,460.0,24,0.0,1
TX03259,CUST1461,19247.73,NetBanking,Success,Timeout,0,0.91,Low,139.3,8,0.0,1
TX03260,CUST0676,15365.25,NetBanking,Success,Authentication_Failed,3,0.62,Low,94.7,24,0.0,1
TX03261,CUST0936,1438.0,UPI,Success,Bank_Decline,2,0.9,Medium,342.1,2,0.0,1
TX03262,CUST0465,394.92,UPI,Failed,Timeout,2,0.85,Low,406.2,1,394.92,0
TX03263,CUST0286,11514.94,Card,Overdue,Network_Error,1,0.26,High,346.0,13,11514.94,1
TX03264,CUST0265,20439.03,Card,Success,Insufficient_Funds,1,0.36,Low,397.3,15,0.0,1
TX03265,CUST0320,42592.81,Card,Success,Bank_Decline,3,0.73,Low,78.2,13,0.0,1
TX03266,CUST0673,39964.52,Card,Success,Network_Error,3,0.55,Medium,290.9,3,0.0,1
TX03267,CUST1400,13504.83,Wallet,Success,Authentication_Failed,1,0.43,Medium,220.6,1,0.0,1
TX03268,CUST0820,12378.11,Card,Success,Insufficient_Funds,1,0.53,Low,584.3,15,0.0,1
TX03269,CUST0089,11520.64,NetBanking,Failed,Bank_Decline,3,0.56,Low,39.3,7,11520.64,0
TX03270,CUST1227,17094.02,NetBanking,Success,Insufficient_Funds,3,0.93,Medium,186.0,25,0.0,1
TX03271,CUST0821,25010.3,NetBanking,Overdue,None,3,0.28,Low,565.7,0,25010.3,0
TX03272,CUST1001,22045.66,Wallet,Success,None,2,0.42,Low,590.3,17,0.0,1
TX03273,CUST0334,11070.01,Card,Subscription_Failed,Bank_Decline,0,0.63,Medium,496.7,21,11070.01,0
TX03274,CUST0222,6696.48,NetBanking,Subscription_Failed,Bank_Decline,0,0.76,Low,54.8,8,6696.48,0
TX03275,CUST0041,826.38,NetBanking,Success,Timeout,1,0.7,High,341.2,25,0.0,1
TX03276,CUST0068,7867.37,NetBanking,Success,Insufficient_Funds,2,0.95,Medium,246.1,11,0.0,1
TX03277,CUST0988,35326.75,NetBanking,Failed,None,3,0.84,High,485.8,4,35326.75,1
TX03278,CUST0514,12333.2,UPI,Failed,None,3,0.65,Low,42.5,20,12333.2,0
TX03279,CUST1151,23536.37,Card,Subscription_Failed,Insufficient_Funds,1,0.37,High,126.3,2,23536.37,0
TX03280,CUST1279,29646.8,Card,Failed,None,1,0.56,Low,298.6,7,29646.8,0
TX03281,CUST0695,44364.68,Wallet,Success,Network_Error,2,0.75,Low,103.0,27,0.0,1
TX03282,CUST1040,44464.98,UPI,Subscription_Failed,None,0,0.87,Low,418.7,21,44464.98,0
TX03283,CUST0477,37337.54,Wallet,Overdue,None,0,0.97,Low,494.3,25,37337.54,0
TX03284,CUST1086,1950.82,NetBanking,Failed,Authentication_Failed,3,0.68,Low,425.7,27,1950.82,0
TX03285,CUST0881,28838.51,Wallet,Subscription_Failed,Network_Error,1,0.62,Medium,269.8,15,28838.51,1
TX03286,CUST0432,39371.86,NetBanking,Failed,Timeout,2,0.21,Low,528.2,17,39371.86,0
TX03287,CUST0268,1060.94,NetBanking,Failed,Bank_Decline,3,0.26,Low,91.2,11,1060.94,0
TX03288,CUST1059,27574.29,Card,Failed,None,0,0.32,Medium,163.6,11,27574.29,0
TX03289,CUST0779,42916.65,Card,Failed,Timeout,0,0.24,Low,298.8,20,42916.65,0
TX03290,CUST0494,23810.28,Card,Success,Timeout,2,0.52,Medium,46.2,3,0.0,1
TX03291,CUST1493,404.49,Card,Failed,Network_Error,3,0.47,Medium,66.5,26,404.49,0
TX03292,CUST0661,748.47,Card,Failed,Bank_Decline,2,0.71,High,244.5,9,748.47,0
TX03293,CUST1349,20948.47,UPI,Success,Authentication_Failed,3,0.63,Low,566.9,8,0.0,1
TX03294,CUST1328,7919.43,Card,Success,Timeout,0,0.68,High,546.0,3,0.0,1
TX03295,CUST1300,33289.64,Wallet,Abandoned,Authentication_Failed,1,0.58,Medium,284.9,23,33289.64,0
TX03296,CUST1013,35498.2,NetBanking,Failed,Bank_Decline,1,0.42,High,93.9,0,35498.2,0
TX03297,CUST1225,9058.41,Card,Success,Bank_Decline,0,0.96,Low,115.1,4,0.0,1
TX03298,CUST1469,44448.96,UPI,Subscription_Failed,Network_Error,1,0.27,Medium,232.8,24,44448.96,0
TX03299,CUST1348,22207.01,Wallet,Subscription_Failed,Insufficient_Funds,1,0.95,Medium,133.9,2,22207.01,0
TX03300,CUST1059,7313.73,Wallet,Success,None,3,0.45,Low,59.0,10,0.0,1
TX03301,CUST0977,38259.73,NetBanking,Success,Network_Error,2,0.61,Medium,407.5,12,0.0,1
TX03302,CUST0482,39540.73,Wallet,Overdue,Authentication_Failed,3,0.29,Medium,353.1,21,39540.73,0
TX03303,CUST0728,32036.91,Wallet,Subscription_Failed,Network_Error,2,0.26,Medium,181.9,10,32036.91,0
TX03304,CUST0480,42702.58,Wallet,Success,Bank_Decline,2,0.54,Low,469.6,25,0.0,1
TX03305,CUST1089,36921.17,Wallet,Success,Timeout,1,0.79,Medium,467.8,5,0.0,1
TX03306,CUST1032,44133.85,UPI,Success,None,2,0.42,Low,299.7,26,0.0,1
TX03307,CUST1325,21807.62,NetBanking,Failed,None,2,0.65,Medium,67.0,21,21807.62,0
TX03308,CUST0343,37430.34,Card,Success,Insufficient_Funds,0,0.42,Low,551.9,3,0.0,1
TX03309,CUST1455,49987.63,Wallet,Success,Bank_Decline,2,0.51,Low,404.5,6,0.0,1
TX03310,CUST1448,36301.57,UPI,Success,None,0,0.93,Low,155.8,2,0.0,1
TX03311,CUST0332,5886.35,NetBanking,Subscription_Failed,None,3,0.88,Medium,370.2,21,5886.35,1
TX03312,CUST0438,26012.27,Card,Success,Timeout,1,0.61,High,249.0,9,0.0,1
TX03313,CUST0174,29449.92,NetBanking,Success,Authentication_Failed,2,0.39,Low,384.9,4,0.0,1
TX03314,CUST0559,8875.69,UPI,Overdue,Authentication_Failed,0,0.35,Low,289.6,18,8875.69,0
TX03315,CUST0527,48152.0,UPI,Success,Authentication_Failed,3,0.96,Low,296.4,17,0.0,1
TX03316,CUST0659,8943.87,UPI,Success,Network_Error,3,0.36,Medium,444.2,27,0.0,1
TX03317,CUST0026,9042.38,Wallet,Abandoned,Authentication_Failed,3,0.85,Low,372.1,30,9042.38,1
TX03318,CUST0820,45775.32,UPI,Success,Authentication_Failed,0,0.5,Low,57.2,16,0.0,1
TX03319,CUST0605,23367.23,Card,Subscription_Failed,Network_Error,0,0.99,Medium,48.6,23,23367.23,1
TX03320,CUST0406,3346.78,Wallet,Success,Timeout,1,0.49,Low,190.0,0,0.0,1
TX03321,CUST0232,29989.74,NetBanking,Success,Bank_Decline,2,0.48,Low,263.8,4,0.0,1
TX03322,CUST0533,30170.95,Card,Subscription_Failed,None,3,0.71,Low,172.4,20,30170.95,1
TX03323,CUST0505,3412.14,Wallet,Success,Insufficient_Funds,1,0.97,Medium,394.4,16,0.0,1
TX03324,CUST0179,48631.62,UPI,Failed,None,0,0.98,High,125.1,24,48631.62,0
TX03325,CUST0132,27292.69,NetBanking,Success,Authentication_Failed,1,0.77,Medium,425.4,20,0.0,1
TX03326,CUST1479,28077.83,UPI,Success,Authentication_Failed,3,0.8,Low,466.2,8,0.0,1
TX03327,CUST0348,26101.75,Card,Subscription_Failed,None,3,0.65,Medium,83.3,10,26101.75,0
TX03328,CUST0540,30614.44,Card,Success,None,1,0.8,Low,394.0,21,0.0,1
TX03329,CUST0772,13362.13,Wallet,Success,Authentication_Failed,3,0.89,Medium,577.2,6,0.0,1
TX03330,CUST1430,14504.62,Card,Success,Network_Error,0,0.59,Medium,123.8,6,0.0,1
TX03331,CUST0076,25664.69,NetBanking,Success,Network_Error,3,0.7,High,546.5,1,0.0,1
TX03332,CUST0579,40372.96,Wallet,Abandoned,Network_Error,2,0.63,Low,367.6,13,40372.96,0
TX03333,CUST0854,2683.26,NetBanking,Abandoned,Insufficient_Funds,2,0.65,Medium,358.7,15,2683.26,0
TX03334,CUST0194,30249.53,UPI,Failed,Bank_Decline,3,0.91,Medium,40.6,4,30249.53,0
TX03335,CUST1186,40377.55,NetBanking,Failed,Authentication_Failed,1,0.48,Low,451.5,17,40377.55,0
TX03336,CUST0347,8014.48,NetBanking,Success,Timeout,3,0.37,Medium,292.2,3,0.0,1
TX03337,CUST0951,948.12,Card,Success,None,2,0.57,High,435.5,11,0.0,1
TX03338,CUST1385,15773.12,UPI,Abandoned,None,0,0.37,High,487.4,18,15773.12,0
TX03339,CUST1111,29489.56,Card,Success,Authentication_Failed,2,0.6,Medium,319.0,27,0.0,1
TX03340,CUST1286,7086.5,UPI,Success,Authentication_Failed,3,0.92,Low,165.6,12,0.0,1
TX03341,CUST0214,21420.89,UPI,Overdue,Authentication_Failed,3,0.69,High,93.5,26,21420.89,0
TX03342,CUST0573,27705.61,NetBanking,Success,None,1,0.88,Medium,104.7,5,0.0,1
TX03343,CUST0780,30024.38,Card,Success,Authentication_Failed,3,0.33,Low,521.5,10,0.0,1
TX03344,CUST0262,13865.7,NetBanking,Failed,None,3,0.92,Low,82.9,14,13865.7,1
TX03345,CUST0730,20121.48,NetBanking,Abandoned,Bank_Decline,0,0.68,Low,237.0,20,20121.48,0
TX03346,CUST0283,38961.29,NetBanking,Success,Timeout,0,0.23,Low,207.2,16,0.0,1
TX03347,CUST1491,47072.49,UPI,Success,Network_Error,0,0.71,Medium,520.6,30,0.0,1
TX03348,CUST1404,43121.64,Card,Overdue,Timeout,1,0.96,Low,291.8,1,43121.64,1
TX03349,CUST0362,28301.32,Card,Failed,Authentication_Failed,1,0.26,Low,597.9,12,28301.32,0
TX03350,CUST1473,20632.58,NetBanking,Subscription_Failed,Timeout,2,0.67,Low,444.9,22,20632.58,1
TX03351,CUST0441,16781.24,UPI,Success,Authentication_Failed,1,0.93,Low,512.0,24,0.0,1
TX03352,CUST0093,6422.84,Card,Success,Timeout,0,0.21,Low,68.2,0,0.0,1
TX03353,CUST0753,5506.25,Wallet,Success,Insufficient_Funds,1,0.7,Low,159.3,3,0.0,1
TX03354,CUST0867,34480.21,Card,Success,Timeout,3,0.58,Low,89.9,29,0.0,1
TX03355,CUST1448,13137.76,NetBanking,Success,Network_Error,1,0.48,Medium,283.5,30,0.0,1
TX03356,CUST0142,12882.15,Wallet,Success,Network_Error,3,0.7,Low,433.8,14,0.0,1
TX03357,CUST1315,49910.11,UPI,Success,Timeout,2,0.24,Medium,109.7,15,0.0,1
TX03358,CUST1456,9558.71,Wallet,Failed,None,3,0.8,Low,86.8,10,9558.71,1
TX03359,CUST0749,7573.38,Wallet,Abandoned,None,0,0.2,Low,372.6,2,7573.38,0
TX03360,CUST0653,5114.52,NetBanking,Success,None,2,0.45,Low,145.9,11,0.0,1
TX03361,CUST0701,29074.31,Card,Success,Timeout,2,0.6,Low,292.8,11,0.0,1
TX03362,CUST0998,31467.62,UPI,Success,None,2,0.5,Low,40.2,10,0.0,1
TX03363,CUST0049,18388.35,Wallet,Success,Bank_Decline,0,0.45,Low,411.6,15,0.0,1
TX03364,CUST1326,26863.58,NetBanking,Success,Timeout,3,0.86,Low,329.4,28,0.0,1
TX03365,CUST0881,39462.3,Card,Success,Network_Error,2,0.95,Medium,392.0,20,0.0,1
TX03366,CUST1214,40941.59,Wallet,Subscription_Failed,None,0,0.9,Low,172.5,20,40941.59,0
TX03367,CUST1160,47904.02,NetBanking,Abandoned,Insufficient_Funds,2,0.62,High,174.4,12,47904.02,1
TX03368,CUST0555,41248.55,NetBanking,Failed,None,2,0.91,Medium,482.8,11,41248.55,0
TX03369,CUST0404,28329.1,NetBanking,Subscription_Failed,Network_Error,0,0.94,Medium,434.0,9,28329.1,0
TX03370,CUST0892,9146.92,UPI,Failed,Bank_Decline,1,0.53,Low,352.0,25,9146.92,0
TX03371,CUST0865,5168.23,Card,Abandoned,Timeout,2,0.43,Medium,380.6,10,5168.23,0
TX03372,CUST0602,2914.69,Wallet,Failed,None,1,0.28,Low,65.5,17,2914.69,0
TX03373,CUST0341,33392.99,Card,Success,Insufficient_Funds,2,0.58,Low,515.1,4,0.0,1
TX03374,CUST0704,40415.31,Card,Failed,Network_Error,1,0.96,Low,464.2,19,40415.31,0
TX03375,CUST0318,25532.46,Wallet,Success,Insufficient_Funds,3,0.65,High,358.4,12,0.0,1
TX03376,CUST0618,2924.77,Card,Failed,Authentication_Failed,1,0.73,Low,552.0,16,2924.77,0
TX03377,CUST1387,26866.43,UPI,Overdue,Network_Error,1,0.29,High,109.5,11,26866.43,0
TX03378,CUST0382,46800.31,Wallet,Failed,Authentication_Failed,1,0.31,Low,415.1,16,46800.31,0
TX03379,CUST0233,29961.14,Wallet,Success,Insufficient_Funds,1,0.57,High,578.2,0,0.0,1
TX03380,CUST1368,40509.49,NetBanking,Success,Timeout,3,0.96,High,192.9,7,0.0,1
TX03381,CUST0817,40047.6,Card,Abandoned,Timeout,0,0.49,High,19.0,15,40047.6,1
TX03382,CUST0553,46620.03,Wallet,Overdue,Timeout,1,0.9,Low,443.6,14,46620.03,0
TX03383,CUST0856,38557.39,Wallet,Success,Authentication_Failed,0,0.3,High,14.1,18,0.0,1
TX03384,CUST0819,37435.49,UPI,Subscription_Failed,Timeout,2,0.69,High,524.8,24,37435.49,1
TX03385,CUST0183,11858.31,NetBanking,Subscription_Failed,Bank_Decline,0,0.68,Low,43.2,30,11858.31,1
TX03386,CUST1065,3184.27,Wallet,Success,Network_Error,1,0.89,Low,395.1,9,0.0,1
TX03387,CUST0397,25976.45,UPI,Subscription_Failed,Network_Error,0,0.2,Medium,232.5,1,25976.45,0
TX03388,CUST0779,6396.82,Wallet,Success,Insufficient_Funds,3,0.35,Low,130.0,24,0.0,1
TX03389,CUST0907,48117.35,Wallet,Failed,None,3,0.38,Medium,540.0,26,48117.35,0
TX03390,CUST1357,14638.25,Wallet,Success,Authentication_Failed,1,0.96,Low,450.3,24,0.0,1
TX03391,CUST0127,42676.62,UPI,Failed,Network_Error,0,0.32,Medium,210.9,30,42676.62,1
TX03392,CUST0001,19503.71,Card,Abandoned,Authentication_Failed,2,0.23,Low,177.7,3,19503.71,0
TX03393,CUST1192,16295.07,Wallet,Success,Insufficient_Funds,3,0.63,Low,444.2,3,0.0,1
TX03394,CUST0019,46770.9,Wallet,Subscription_Failed,Timeout,1,0.62,Low,503.6,19,46770.9,0
TX03395,CUST1356,18293.46,Card,Abandoned,None,3,0.88,Medium,432.4,11,18293.46,0
TX03396,CUST0584,19636.34,Wallet,Abandoned,Insufficient_Funds,1,0.96,Low,387.6,16,19636.34,0
TX03397,CUST0456,5483.37,NetBanking,Success,Bank_Decline,0,0.63,Medium,144.5,20,0.0,1
TX03398,CUST0957,33588.24,Wallet,Success,Timeout,0,0.94,Medium,513.2,28,0.0,1
TX03399,CUST1133,14584.2,NetBanking,Success,Timeout,0,0.78,Low,452.3,21,0.0,1
TX03400,CUST1292,29363.09,Card,Subscription_Failed,Timeout,0,0.41,Low,315.2,3,29363.09,0
TX03401,CUST0445,29649.31,UPI,Success,Insufficient_Funds,0,0.94,Low,311.8,7,0.0,1
TX03402,CUST1264,36016.14,Card,Overdue,Bank_Decline,1,0.73,Low,345.8,15,36016.14,0
TX03403,CUST1325,37313.03,Wallet,Abandoned,None,3,0.53,Low,498.7,30,37313.03,0
TX03404,CUST0602,25819.73,NetBanking,Failed,Authentication_Failed,2,0.74,Medium,447.9,14,25819.73,1
TX03405,CUST0103,16683.4,UPI,Failed,Insufficient_Funds,3,0.52,High,515.2,29,16683.4,0
TX03406,CUST0988,41905.05,Wallet,Failed,Network_Error,0,0.29,Low,309.3,13,41905.05,0
TX03407,CUST1274,15631.31,UPI,Failed,Network_Error,3,0.78,Medium,378.5,18,15631.31,0
TX03408,CUST1477,25473.95,UPI,Success,Insufficient_Funds,3,0.86,High,514.2,10,0.0,1
TX03409,CUST0520,20182.38,Wallet,Subscription_Failed,Authentication_Failed,1,0.78,High,147.1,24,20182.38,0
TX03410,CUST1177,42782.9,Card,Failed,Network_Error,2,0.38,High,272.0,12,42782.9,0
TX03411,CUST0859,21709.54,Wallet,Abandoned,Authentication_Failed,2,0.97,Medium,376.2,22,21709.54,0
TX03412,CUST0174,19427.74,Wallet,Abandoned,Timeout,0,0.22,Low,549.9,7,19427.74,0
TX03413,CUST1367,34553.22,Card,Success,Insufficient_Funds,1,0.47,High,19.3,22,0.0,1
TX03414,CUST1005,30201.57,NetBanking,Success,Timeout,1,0.41,High,135.4,8,0.0,1
TX03415,CUST0431,5540.89,Wallet,Abandoned,Network_Error,1,0.24,Low,148.3,1,5540.89,0
TX03416,CUST0727,25506.81,UPI,Success,Authentication_Failed,1,0.52,Low,202.7,30,0.0,1
TX03417,CUST0850,36826.82,Wallet,Failed,Timeout,1,0.7,Low,176.3,30,36826.82,1
TX03418,CUST1348,49605.32,Wallet,Success,Network_Error,2,0.91,Low,358.2,19,0.0,1
TX03419,CUST0990,31531.51,UPI,Success,Bank_Decline,2,0.99,Low,532.5,1,0.0,1
TX03420,CUST0639,18640.59,Card,Success,Timeout,3,0.85,Medium,385.8,7,0.0,1
TX03421,CUST0420,11462.35,NetBanking,Abandoned,Bank_Decline,2,0.57,Medium,152.5,17,11462.35,0
TX03422,CUST0594,43666.95,NetBanking,Failed,Bank_Decline,1,0.78,Low,519.6,23,43666.95,0
TX03423,CUST0485,40765.35,UPI,Success,None,3,0.87,Low,382.9,21,0.0,1
TX03424,CUST0412,11849.36,Card,Overdue,Network_Error,2,0.57,Medium,139.2,6,11849.36,0
TX03425,CUST0936,10191.48,Wallet,Success,Insufficient_Funds,3,0.83,Low,223.4,10,0.0,1
TX03426,CUST1108,35813.81,Wallet,Success,Authentication_Failed,2,0.59,Low,476.1,30,0.0,1
TX03427,CUST1137,15884.61,Wallet,Abandoned,Network_Error,0,0.51,Medium,446.0,28,15884.61,0
TX03428,CUST0332,15458.66,Wallet,Abandoned,None,2,0.62,Low,350.2,21,15458.66,0
TX03429,CUST1402,7784.05,Wallet,Success,None,3,0.74,Low,95.4,29,0.0,1
TX03430,CUST0655,13345.98,UPI,Overdue,Timeout,0,0.78,Low,483.9,27,13345.98,0
TX03431,CUST0041,21489.88,Wallet,Overdue,Authentication_Failed,1,0.49,Medium,191.5,24,21489.88,0
TX03432,CUST0959,36695.35,Wallet,Success,None,3,0.66,Medium,465.2,19,0.0,1
TX03433,CUST0105,16948.14,Card,Success,Insufficient_Funds,1,0.93,Low,392.1,0,0.0,1
TX03434,CUST0202,16564.5,Wallet,Abandoned,Network_Error,1,0.98,Low,165.9,24,16564.5,0
TX03435,CUST0450,14388.68,NetBanking,Success,Insufficient_Funds,3,0.38,Medium,135.3,15,0.0,1
TX03436,CUST1290,24018.53,UPI,Success,Timeout,1,0.35,High,87.2,15,0.0,1
TX03437,CUST0910,9195.71,UPI,Abandoned,Network_Error,3,0.74,Medium,152.7,28,9195.71,0
TX03438,CUST0210,24384.41,UPI,Success,Timeout,3,0.53,Medium,103.1,9,0.0,1
TX03439,CUST0563,35267.94,NetBanking,Success,Authentication_Failed,2,0.22,Medium,374.1,23,0.0,1
TX03440,CUST1142,1683.57,Wallet,Success,Authentication_Failed,0,0.48,Medium,363.3,16,0.0,1
TX03441,CUST0713,687.01,UPI,Failed,Insufficient_Funds,1,0.85,High,355.8,28,687.01,0
TX03442,CUST1401,3941.12,NetBanking,Failed,Insufficient_Funds,1,0.84,Medium,388.7,9,3941.12,0
TX03443,CUST0771,26875.87,Card,Success,Authentication_Failed,0,0.6,High,490.7,5,0.0,1
TX03444,CUST1108,42751.86,Wallet,Success,Bank_Decline,0,0.58,Low,549.0,13,0.0,1
TX03445,CUST0454,443.25,NetBanking,Failed,Authentication_Failed,0,0.66,High,145.9,25,443.25,0
TX03446,CUST0667,46845.73,Wallet,Subscription_Failed,Network_Error,0,0.38,Medium,356.8,27,46845.73,0
TX03447,CUST0629,5492.67,Card,Subscription_Failed,Timeout,0,0.62,High,56.2,27,5492.67,1
TX03448,CUST0387,42130.78,NetBanking,Success,Authentication_Failed,2,0.21,Low,80.9,14,0.0,1
TX03449,CUST1374,24246.17,Wallet,Abandoned,Authentication_Failed,3,0.58,Medium,396.1,3,24246.17,0
TX03450,CUST0296,33036.0,NetBanking,Abandoned,None,0,0.47,Medium,297.1,30,33036.0,0
TX03451,CUST0258,25632.01,UPI,Abandoned,Timeout,2,0.74,Low,457.4,30,25632.01,0
TX03452,CUST1105,23957.0,Wallet,Failed,None,0,0.71,Medium,261.1,26,23957.0,1
TX03453,CUST0268,41777.99,NetBanking,Success,Timeout,0,0.5,Medium,85.3,1,0.0,1
TX03454,CUST0419,37843.14,UPI,Abandoned,Network_Error,1,0.21,Low,524.5,18,37843.14,0
TX03455,CUST0235,24273.43,Card,Success,Timeout,1,0.4,Low,58.9,27,0.0,1
TX03456,CUST1335,5759.47,Wallet,Success,Insufficient_Funds,1,0.71,Medium,121.5,12,0.0,1
TX03457,CUST0986,5947.07,Wallet,Failed,Authentication_Failed,1,0.26,Medium,173.4,11,5947.07,0
TX03458,CUST1381,40116.67,Card,Overdue,Timeout,3,0.29,Low,597.2,24,40116.67,0
TX03459,CUST1237,26563.65,UPI,Success,Network_Error,3,0.72,Low,255.9,20,0.0,1
TX03460,CUST0574,24183.14,Card,Failed,Timeout,1,0.8,Low,306.0,22,24183.14,0
TX03461,CUST0049,34092.23,Wallet,Success,Authentication_Failed,1,0.46,Low,464.1,30,0.0,1
TX03462,CUST1151,42970.31,NetBanking,Subscription_Failed,Bank_Decline,0,0.59,Low,385.5,12,42970.31,1
TX03463,CUST0223,31517.88,UPI,Failed,Timeout,0,0.96,Medium,506.4,14,31517.88,1
TX03464,CUST0921,38189.83,UPI,Success,Insufficient_Funds,1,0.96,Medium,297.0,1,0.0,1
TX03465,CUST1303,38310.47,UPI,Success,Authentication_Failed,1,0.45,Medium,583.6,7,0.0,1
TX03466,CUST1432,17941.82,Card,Success,Network_Error,1,0.85,Low,480.1,2,0.0,1
TX03467,CUST1318,13849.34,Card,Success,Authentication_Failed,0,0.68,Low,246.8,0,0.0,1
TX03468,CUST0277,40097.97,NetBanking,Success,None,1,0.98,Low,235.0,28,0.0,1
TX03469,CUST1462,18983.5,NetBanking,Failed,Bank_Decline,1,0.58,Medium,558.4,23,18983.5,0
TX03470,CUST1131,45186.13,UPI,Success,Network_Error,3,0.82,Medium,413.8,10,0.0,1
TX03471,CUST0420,3670.6,NetBanking,Failed,Bank_Decline,3,0.81,High,376.6,26,3670.6,1
TX03472,CUST0611,3099.23,Card,Success,Bank_Decline,0,0.6,Low,457.1,8,0.0,1
TX03473,CUST1453,46364.81,NetBanking,Failed,Insufficient_Funds,3,0.84,Medium,340.9,23,46364.81,0
TX03474,CUST0375,32493.05,Card,Success,Timeout,0,0.41,Medium,103.9,16,0.0,1
TX03475,CUST0073,19104.05,NetBanking,Success,Insufficient_Funds,2,0.3,Medium,198.3,27,0.0,1
TX03476,CUST1054,37802.01,Wallet,Success,Insufficient_Funds,1,0.54,Medium,339.2,6,0.0,1
TX03477,CUST1212,33681.88,Card,Success,None,0,0.95,Medium,20.7,22,0.0,1
TX03478,CUST1388,26653.81,Wallet,Abandoned,Insufficient_Funds,3,0.6,Low,268.0,3,26653.81,0
TX03479,CUST1475,5123.89,Card,Failed,Network_Error,2,0.71,Medium,455.9,28,5123.89,0
TX03480,CUST0195,40646.54,NetBanking,Failed,Timeout,3,0.7,Low,106.9,28,40646.54,0
TX03481,CUST1180,43327.95,Wallet,Success,Timeout,0,0.31,Low,48.1,12,0.0,1
TX03482,CUST1196,8774.0,NetBanking,Success,Network_Error,2,0.51,Low,503.3,27,0.0,1
TX03483,CUST0847,42555.48,Card,Success,Insufficient_Funds,3,0.77,High,374.2,23,0.0,1
TX03484,CUST1065,43916.8,Wallet,Failed,Insufficient_Funds,2,0.98,Low,114.2,4,43916.8,0
TX03485,CUST1087,27561.54,UPI,Success,Bank_Decline,1,0.33,High,485.7,28,0.0,1
TX03486,CUST0023,32877.72,NetBanking,Success,Bank_Decline,1,0.53,High,398.3,11,0.0,1
TX03487,CUST0360,19235.42,Card,Success,None,2,0.28,High,207.1,19,0.0,1
TX03488,CUST1099,14233.22,Wallet,Success,Authentication_Failed,3,0.39,High,232.0,28,0.0,1
TX03489,CUST0560,36154.76,NetBanking,Success,Bank_Decline,3,0.5,High,102.0,4,0.0,1
TX03490,CUST0672,43121.38,Wallet,Success,Timeout,3,0.63,Low,502.8,10,0.0,1
TX03491,CUST1142,32773.06,NetBanking,Success,Network_Error,1,0.38,Low,310.3,1,0.0,1
TX03492,CUST1404,25677.21,NetBanking,Success,Insufficient_Funds,0,0.38,Medium,338.6,3,0.0,1
TX03493,CUST0679,8114.45,NetBanking,Success,Authentication_Failed,0,0.82,Low,531.3,9,0.0,1
TX03494,CUST1314,2862.24,Wallet,Failed,Bank_Decline,2,0.97,Low,19.3,23,2862.24,0
TX03495,CUST0440,22395.45,Wallet,Success,Authentication_Failed,3,0.46,Medium,49.5,6,0.0,1
TX03496,CUST0933,2657.61,NetBanking,Success,Network_Error,2,0.75,Medium,105.3,11,0.0,1
TX03497,CUST0007,28552.86,UPI,Success,Network_Error,0,0.41,High,27.7,7,0.0,1
TX03498,CUST1220,19259.91,UPI,Success,Authentication_Failed,0,0.94,Medium,398.3,29,0.0,1
TX03499,CUST0421,37908.02,UPI,Success,Authentication_Failed,3,0.74,Medium,384.0,22,0.0,1
TX03500,CUST0833,15421.3,Card,Abandoned,None,2,0.84,Low,134.4,22,15421.3,0
TX03501,CUST1217,29730.54,UPI,Subscription_Failed,Authentication_Failed,3,0.24,Low,98.1,26,29730.54,0
TX03502,CUST0559,26976.64,Wallet,Success,Insufficient_Funds,0,0.68,High,96.0,22,0.0,1
TX03503,CUST1172,434.68,UPI,Subscription_Failed,Timeout,0,0.62,Low,572.4,15,434.68,0
TX03504,CUST1226,3804.99,Wallet,Success,Bank_Decline,3,0.43,Low,419.2,1,0.0,1
TX03505,CUST1468,14660.34,Card,Success,Bank_Decline,2,0.41,Medium,355.4,2,0.0,1
TX03506,CUST0914,44135.31,Wallet,Overdue,Bank_Decline,1,0.66,Low,200.3,16,44135.31,0
TX03507,CUST1443,7521.34,Wallet,Abandoned,Authentication_Failed,3,0.77,Low,265.5,14,7521.34,0
TX03508,CUST1451,35602.54,Wallet,Overdue,Authentication_Failed,0,0.23,Low,62.7,17,35602.54,0
TX03509,CUST1007,48673.65,UPI,Success,None,1,0.65,Low,598.9,9,0.0,1
TX03510,CUST1499,39570.26,NetBanking,Success,Authentication_Failed,3,0.34,Low,455.5,21,0.0,1
TX03511,CUST0126,12298.68,Wallet,Success,None,1,0.31,High,376.7,1,0.0,1
TX03512,CUST0395,45436.59,UPI,Failed,None,3,0.7,Medium,356.8,16,45436.59,0
TX03513,CUST0817,4836.74,UPI,Success,Insufficient_Funds,0,0.45,Low,307.5,30,0.0,1
TX03514,CUST0881,23513.47,UPI,Subscription_Failed,Insufficient_Funds,3,0.55,Low,161.9,15,23513.47,0
TX03515,CUST0576,44399.59,NetBanking,Success,Insufficient_Funds,1,0.49,Low,143.6,23,0.0,1
TX03516,CUST0325,32135.03,NetBanking,Success,Insufficient_Funds,2,0.72,High,334.2,24,0.0,1
TX03517,CUST1416,20799.5,NetBanking,Failed,Network_Error,0,0.58,Low,51.4,6,20799.5,1
TX03518,CUST0930,14782.08,NetBanking,Failed,Insufficient_Funds,0,0.97,High,53.9,18,14782.08,0
TX03519,CUST1464,18879.95,Card,Success,Insufficient_Funds,1,0.48,Low,340.9,15,0.0,1
TX03520,CUST1228,25545.3,NetBanking,Overdue,Insufficient_Funds,3,0.79,Medium,552.7,0,25545.3,0
TX03521,CUST0833,16088.39,NetBanking,Success,None,3,0.41,Low,549.4,3,0.0,1
TX03522,CUST1055,48454.6,NetBanking,Success,Bank_Decline,3,0.61,Low,16.4,12,0.0,1
TX03523,CUST1412,46667.27,Wallet,Subscription_Failed,Bank_Decline,0,0.64,Low,73.4,9,46667.27,0
TX03524,CUST1458,43559.44,Wallet,Overdue,Bank_Decline,0,0.46,Medium,354.0,30,43559.44,0
TX03525,CUST0837,21207.13,NetBanking,Abandoned,Timeout,1,0.58,Low,510.6,10,21207.13,0
TX03526,CUST0926,34626.83,Card,Subscription_Failed,Network_Error,3,0.42,Low,573.1,18,34626.83,0
TX03527,CUST1400,45160.9,Wallet,Failed,None,3,0.2,Medium,517.7,14,45160.9,0
TX03528,CUST1368,42551.39,UPI,Subscription_Failed,Authentication_Failed,1,0.37,Low,409.8,10,42551.39,0
TX03529,CUST0443,20833.49,Wallet,Success,None,0,0.76,Low,128.3,2,0.0,1
TX03530,CUST0075,5796.83,UPI,Abandoned,Insufficient_Funds,0,0.82,Medium,52.8,1,5796.83,0
TX03531,CUST0557,3966.39,Wallet,Failed,Bank_Decline,2,0.42,Low,38.0,10,3966.39,0
TX03532,CUST1179,28937.79,NetBanking,Success,None,2,0.53,Medium,371.1,9,0.0,1
TX03533,CUST1454,32202.87,Wallet,Success,Network_Error,3,0.23,Low,31.4,2,0.0,1
TX03534,CUST0363,42522.16,NetBanking,Success,Insufficient_Funds,0,0.39,Low,446.2,26,0.0,1
TX03535,CUST0448,14767.25,NetBanking,Failed,Timeout,3,0.82,Low,430.4,4,14767.25,1
TX03536,CUST1258,8540.03,Wallet,Success,Authentication_Failed,0,0.68,High,57.0,14,0.0,1
TX03537,CUST0262,19074.49,UPI,Abandoned,Insufficient_Funds,2,0.36,High,544.9,3,19074.49,0
TX03538,CUST0125,17808.04,UPI,Success,Authentication_Failed,1,0.41,High,317.9,16,0.0,1
TX03539,CUST0911,6796.95,Wallet,Success,None,0,0.85,Low,543.6,0,0.0,1
TX03540,CUST0245,33679.68,NetBanking,Subscription_Failed,Insufficient_Funds,2,0.37,Medium,541.9,0,33679.68,0
TX03541,CUST0542,25532.86,UPI,Failed,Timeout,2,0.47,Low,126.3,11,25532.86,0
TX03542,CUST0485,36111.91,Card,Success,None,0,0.73,Low,234.5,9,0.0,1
TX03543,CUST0122,17764.02,NetBanking,Success,Network_Error,3,0.65,Medium,89.4,8,0.0,1
TX03544,CUST0125,16419.97,Wallet,Failed,Authentication_Failed,0,0.57,Low,467.2,8,16419.97,0
TX03545,CUST0170,23734.28,NetBanking,Overdue,Authentication_Failed,2,0.92,Low,307.4,24,23734.28,0
TX03546,CUST0124,43894.89,Card,Subscription_Failed,Network_Error,0,0.38,Low,558.0,30,43894.89,0
TX03547,CUST1059,2206.01,Card,Failed,Authentication_Failed,1,0.79,Medium,132.8,25,2206.01,1
TX03548,CUST1111,40280.67,UPI,Success,None,3,0.33,Low,416.1,19,0.0,1
TX03549,CUST0646,18575.58,Card,Success,Bank_Decline,0,0.69,Low,593.6,19,0.0,1
TX03550,CUST0786,42760.03,NetBanking,Success,Network_Error,2,0.9,High,402.6,29,0.0,1
TX03551,CUST0201,40149.71,UPI,Success,Timeout,2,0.57,Low,50.6,13,0.0,1
TX03552,CUST0369,17568.31,Card,Success,Insufficient_Funds,3,0.78,Low,357.2,25,0.0,1
TX03553,CUST0797,34755.05,UPI,Success,Insufficient_Funds,0,0.86,Medium,116.1,22,0.0,1
TX03554,CUST0077,8149.71,UPI,Failed,Network_Error,2,0.31,Medium,28.0,28,8149.71,0
TX03555,CUST0059,44834.82,Wallet,Success,Bank_Decline,3,0.76,Low,207.6,18,0.0,1
TX03556,CUST0431,20343.66,UPI,Failed,None,1,0.94,Medium,167.0,9,20343.66,0
TX03557,CUST0638,22890.16,UPI,Overdue,Timeout,3,0.66,Low,475.4,2,22890.16,1
TX03558,CUST0109,35346.8,Card,Failed,Insufficient_Funds,0,0.35,Medium,230.5,19,35346.8,0
TX03559,CUST1008,41077.84,NetBanking,Abandoned,Insufficient_Funds,0,0.3,Low,442.4,26,41077.84,0
TX03560,CUST1302,11969.87,NetBanking,Abandoned,None,2,0.41,Low,19.6,21,11969.87,0
TX03561,CUST0068,33135.24,Card,Success,Bank_Decline,1,0.28,Low,18.7,16,0.0,1
TX03562,CUST1093,19721.5,NetBanking,Success,Authentication_Failed,0,0.61,High,27.3,26,0.0,1
TX03563,CUST1189,18561.41,UPI,Success,Network_Error,2,0.26,Medium,139.4,29,0.0,1
TX03564,CUST0305,34563.29,Wallet,Success,Bank_Decline,3,0.38,High,230.7,2,0.0,1
TX03565,CUST0674,19481.73,UPI,Failed,Bank_Decline,3,0.55,Medium,368.6,11,19481.73,0
TX03566,CUST0365,17436.2,UPI,Subscription_Failed,Bank_Decline,0,0.58,Low,591.7,14,17436.2,0
TX03567,CUST0821,41827.24,Wallet,Overdue,Bank_Decline,1,0.65,Low,219.1,30,41827.24,0
TX03568,CUST1403,5243.55,Card,Success,Authentication_Failed,2,0.76,High,42.8,4,0.0,1
TX03569,CUST0343,33859.45,UPI,Overdue,None,0,0.24,Medium,125.0,26,33859.45,0
TX03570,CUST0947,12586.52,UPI,Success,Timeout,2,0.26,High,539.7,14,0.0,1
TX03571,CUST0899,971.81,Card,Subscription_Failed,Bank_Decline,3,0.25,Low,422.6,19,971.81,0
TX03572,CUST1378,8504.86,UPI,Success,Bank_Decline,2,0.54,Low,476.2,23,0.0,1
TX03573,CUST1440,30411.74,UPI,Success,Network_Error,3,0.23,Low,83.3,15,0.0,1
TX03574,CUST1133,35514.53,NetBanking,Success,Insufficient_Funds,1,0.8,Low,89.6,8,0.0,1
TX03575,CUST0762,1248.68,Card,Subscription_Failed,Authentication_Failed,1,0.38,Low,76.2,7,1248.68,0
TX03576,CUST0341,2013.99,UPI,Success,Bank_Decline,3,0.95,Low,515.7,10,0.0,1
TX03577,CUST0942,45146.6,UPI,Success,Timeout,0,0.59,Medium,133.9,26,0.0,1
TX03578,CUST0383,3850.63,Wallet,Subscription_Failed,Timeout,3,0.56,Low,389.5,8,3850.63,1
TX03579,CUST1004,44730.27,Wallet,Overdue,Timeout,2,0.82,Low,314.5,15,44730.27,0
TX03580,CUST0300,11562.66,Wallet,Success,Network_Error,2,0.77,Medium,331.2,13,0.0,1
TX03581,CUST0139,37052.89,UPI,Failed,Timeout,2,0.69,Low,125.3,14,37052.89,0
TX03582,CUST0359,15624.72,UPI,Success,None,0,0.95,Medium,384.8,29,0.0,1
TX03583,CUST0836,42965.85,Wallet,Success,Network_Error,1,0.54,Low,35.4,13,0.0,1
TX03584,CUST1409,35082.65,NetBanking,Success,Authentication_Failed,1,0.85,High,596.1,23,0.0,1
TX03585,CUST1304,20210.31,NetBanking,Success,Timeout,2,0.5,Medium,25.8,9,0.0,1
TX03586,CUST0483,3999.86,NetBanking,Success,Insufficient_Funds,0,0.87,High,39.6,12,0.0,1
TX03587,CUST0909,36688.47,NetBanking,Failed,Bank_Decline,2,0.41,Medium,201.5,0,36688.47,0
TX03588,CUST1135,30920.86,Card,Success,Authentication_Failed,1,0.43,Low,500.7,22,0.0,1
TX03589,CUST0866,345.0,Wallet,Failed,None,3,0.74,Low,161.7,29,345.0,0
TX03590,CUST0139,669.11,UPI,Failed,Insufficient_Funds,2,0.37,Medium,288.4,8,669.11,0
TX03591,CUST0996,40477.89,Wallet,Success,Authentication_Failed,2,0.38,Medium,20.6,16,0.0,1
TX03592,CUST0435,13118.11,NetBanking,Success,None,2,0.44,Medium,56.5,25,0.0,1
TX03593,CUST0509,31879.46,UPI,Failed,Timeout,1,0.74,Low,368.7,16,31879.46,1
TX03594,CUST0273,22819.88,Card,Abandoned,Authentication_Failed,0,0.91,Medium,124.7,9,22819.88,1
TX03595,CUST1123,43198.81,Wallet,Failed,Authentication_Failed,3,0.74,Medium,419.6,12,43198.81,1
TX03596,CUST0104,45864.66,UPI,Failed,Authentication_Failed,3,0.86,Medium,473.4,17,45864.66,0
TX03597,CUST1238,49841.02,UPI,Success,Network_Error,3,0.63,Low,511.7,12,0.0,1
TX03598,CUST0762,7853.47,NetBanking,Failed,Insufficient_Funds,2,0.26,High,88.9,20,7853.47,0
TX03599,CUST0787,43175.61,NetBanking,Success,None,1,0.28,Low,278.8,28,0.0,1
TX03600,CUST0165,13447.86,Wallet,Subscription_Failed,Timeout,3,0.64,Low,568.8,27,13447.86,0
TX03601,CUST0999,29622.63,Card,Failed,Bank_Decline,2,0.46,Medium,465.5,23,29622.63,0
TX03602,CUST0520,25387.49,UPI,Success,Timeout,0,0.38,Low,79.0,12,0.0,1
TX03603,CUST1308,1095.81,NetBanking,Success,Timeout,2,0.57,Medium,306.5,23,0.0,1
TX03604,CUST0517,46652.01,Wallet,Subscription_Failed,Network_Error,3,0.73,Low,554.2,9,46652.01,0
TX03605,CUST0657,4100.69,NetBanking,Success,Network_Error,3,0.51,Low,269.6,19,0.0,1
TX03606,CUST0613,34473.3,Wallet,Success,Authentication_Failed,0,0.84,Low,504.1,6,0.0,1
TX03607,CUST0164,39293.34,NetBanking,Failed,Timeout,1,0.79,Low,302.5,6,39293.34,1
TX03608,CUST0064,39805.33,Card,Abandoned,Insufficient_Funds,0,0.79,Low,73.0,8,39805.33,0
TX03609,CUST1115,6947.63,UPI,Success,Network_Error,0,0.99,Low,97.2,15,0.0,1
TX03610,CUST1141,22488.98,NetBanking,Failed,None,3,0.44,Medium,37.5,14,22488.98,0
TX03611,CUST0267,41505.56,UPI,Subscription_Failed,Network_Error,3,0.72,Medium,125.2,24,41505.56,0
TX03612,CUST1164,15273.42,Wallet,Overdue,Insufficient_Funds,1,0.88,Medium,537.2,2,15273.42,1
TX03613,CUST0246,23493.88,Card,Failed,Network_Error,3,0.66,Medium,393.6,12,23493.88,0
TX03614,CUST0395,13785.14,UPI,Overdue,Insufficient_Funds,0,0.83,Low,445.9,30,13785.14,0
TX03615,CUST0476,23284.86,NetBanking,Failed,Bank_Decline,0,0.53,High,376.8,10,23284.86,1
TX03616,CUST0977,44414.33,UPI,Success,Insufficient_Funds,1,0.67,Medium,238.1,7,0.0,1
TX03617,CUST1208,22865.19,UPI,Failed,Bank_Decline,3,0.24,Low,137.9,20,22865.19,0
TX03618,CUST1044,27884.42,Wallet,Success,None,3,0.99,Medium,556.1,30,0.0,1
TX03619,CUST0558,20318.02,Card,Success,Authentication_Failed,0,0.84,Low,313.7,20,0.0,1
TX03620,CUST1018,23113.84,Card,Success,Authentication_Failed,0,0.9,Medium,293.8,23,0.0,1
TX03621,CUST0883,955.68,UPI,Subscription_Failed,Network_Error,3,0.76,Low,597.7,30,955.68,0
TX03622,CUST0147,14330.53,UPI,Abandoned,Insufficient_Funds,2,0.35,Low,236.5,5,14330.53,0
TX03623,CUST0666,21941.77,Wallet,Failed,Network_Error,0,0.22,Low,513.9,9,21941.77,0
TX03624,CUST1328,31763.09,UPI,Success,Insufficient_Funds,0,0.89,Low,518.8,25,0.0,1
TX03625,CUST0620,22612.59,Wallet,Success,Network_Error,0,0.52,High,147.3,16,0.0,1
TX03626,CUST0820,17023.29,Card,Success,Authentication_Failed,1,0.41,High,66.0,19,0.0,1
TX03627,CUST0864,19527.32,Card,Failed,None,3,0.65,Low,585.6,8,19527.32,0
TX03628,CUST0582,12266.21,Wallet,Success,Authentication_Failed,3,0.54,Low,261.3,20,0.0,1
TX03629,CUST1023,46239.82,UPI,Success,Network_Error,3,0.72,Low,11.3,13,0.0,1
TX03630,CUST0695,26182.81,Card,Success,Insufficient_Funds,0,0.59,Medium,304.4,19,0.0,1
TX03631,CUST1252,867.79,NetBanking,Abandoned,Timeout,3,0.76,Low,375.4,26,867.79,1
TX03632,CUST1126,1168.42,Wallet,Subscription_Failed,None,3,0.88,High,467.9,12,1168.42,0
TX03633,CUST1441,48653.49,Card,Failed,Insufficient_Funds,3,0.36,Medium,566.3,25,48653.49,0
TX03634,CUST1240,11228.25,Card,Success,Network_Error,1,0.46,High,550.0,0,0.0,1
TX03635,CUST0407,40319.29,Card,Success,Insufficient_Funds,1,0.55,Medium,564.7,24,0.0,1
TX03636,CUST0399,3102.11,NetBanking,Success,Bank_Decline,0,0.97,Medium,29.0,23,0.0,1
TX03637,CUST0715,46073.9,NetBanking,Success,Insufficient_Funds,3,0.49,Medium,429.9,18,0.0,1
TX03638,CUST0704,43745.97,NetBanking,Success,Authentication_Failed,0,0.5,Medium,143.3,8,0.0,1
TX03639,CUST0761,28640.44,UPI,Success,Authentication_Failed,0,0.72,Medium,120.7,16,0.0,1
TX03640,CUST0499,648.13,Wallet,Success,Bank_Decline,0,0.54,Medium,482.2,14,0.0,1
TX03641,CUST1489,13038.98,UPI,Success,None,0,0.96,Medium,256.1,19,0.0,1
TX03642,CUST0974,20459.77,NetBanking,Success,Insufficient_Funds,0,0.92,High,550.8,4,0.0,1
TX03643,CUST0082,23111.19,Wallet,Failed,None,0,0.61,High,35.0,3,23111.19,0
TX03644,CUST0604,15024.4,UPI,Overdue,Timeout,1,0.72,Medium,483.3,3,15024.4,1
TX03645,CUST0772,1840.8,UPI,Subscription_Failed,Insufficient_Funds,2,0.25,Low,90.7,24,1840.8,0
TX03646,CUST0903,29588.34,UPI,Success,Authentication_Failed,1,0.76,Low,114.2,14,0.0,1
TX03647,CUST0365,26302.9,NetBanking,Success,Authentication_Failed,0,0.77,High,291.6,4,0.0,1
TX03648,CUST0163,14293.43,Card,Subscription_Failed,None,2,0.49,Low,243.4,16,14293.43,0
TX03649,CUST1072,2091.2,Wallet,Success,Network_Error,2,0.38,Low,296.8,29,0.0,1
TX03650,CUST0511,49730.79,NetBanking,Subscription_Failed,Authentication_Failed,3,0.93,Low,564.6,6,49730.79,0
TX03651,CUST1353,24202.91,Wallet,Failed,Network_Error,0,0.54,Medium,397.9,5,24202.91,0
TX03652,CUST0116,37849.01,NetBanking,Overdue,Authentication_Failed,0,0.72,Medium,181.3,14,37849.01,0
TX03653,CUST0941,22725.24,UPI,Subscription_Failed,Authentication_Failed,1,0.23,Low,112.0,24,22725.24,0
TX03654,CUST0337,2349.88,UPI,Failed,Timeout,2,0.53,Low,257.8,19,2349.88,0
TX03655,CUST0881,15618.12,Card,Failed,Network_Error,2,0.85,Medium,276.5,13,15618.12,1
TX03656,CUST0737,16141.49,Card,Success,Network_Error,0,0.51,High,364.8,9,0.0,1
TX03657,CUST0840,41949.97,Wallet,Success,Authentication_Failed,3,0.68,Low,166.9,5,0.0,1
TX03658,CUST0147,32780.65,Card,Success,Network_Error,0,0.37,Low,462.8,9,0.0,1
TX03659,CUST1347,13916.41,Card,Success,Authentication_Failed,2,0.53,Medium,68.1,22,0.0,1
TX03660,CUST0443,48393.45,Wallet,Success,Authentication_Failed,3,0.94,Medium,340.7,19,0.0,1
TX03661,CUST0837,16212.78,NetBanking,Success,None,3,0.65,Medium,377.9,27,0.0,1
TX03662,CUST1037,49912.05,Card,Subscription_Failed,Insufficient_Funds,2,0.92,Medium,132.0,8,49912.05,0
TX03663,CUST0943,49808.95,NetBanking,Success,Network_Error,0,0.92,High,497.3,12,0.0,1
TX03664,CUST0287,9722.28,UPI,Success,Bank_Decline,0,0.96,Low,373.1,13,0.0,1
TX03665,CUST0720,15774.51,Card,Success,None,0,0.92,Low,391.0,0,0.0,1
TX03666,CUST1138,24405.0,UPI,Success,Network_Error,1,0.2,Medium,303.7,0,0.0,1
TX03667,CUST0480,33272.21,UPI,Success,Network_Error,1,0.95,Medium,546.7,18,0.0,1
TX03668,CUST0022,26496.76,NetBanking,Overdue,Timeout,3,0.31,Medium,419.4,8,26496.76,0
TX03669,CUST1373,48478.19,Wallet,Failed,Bank_Decline,0,0.23,High,235.3,4,48478.19,0
TX03670,CUST0683,36254.66,Card,Success,Bank_Decline,1,0.24,Medium,150.8,16,0.0,1
TX03671,CUST0906,10759.83,NetBanking,Success,Timeout,3,0.48,Medium,51.9,15,0.0,1
TX03672,CUST0320,5433.86,Wallet,Success,Timeout,2,0.7,Low,107.6,11,0.0,1
TX03673,CUST0126,34482.38,UPI,Subscription_Failed,Network_Error,2,0.52,Low,595.7,4,34482.38,0
TX03674,CUST0277,8090.93,Card,Success,Insufficient_Funds,0,0.22,Medium,250.0,5,0.0,1
TX03675,CUST1228,39426.31,UPI,Success,Timeout,2,0.58,Low,540.2,19,0.0,1
TX03676,CUST0194,15689.63,UPI,Success,Bank_Decline,2,0.55,Low,110.6,22,0.0,1
TX03677,CUST0696,16479.28,Card,Overdue,Bank_Decline,2,0.81,High,261.0,10,16479.28,1
TX03678,CUST1310,737.76,Wallet,Success,Network_Error,3,0.42,High,576.7,18,0.0,1
TX03679,CUST0057,35110.36,Wallet,Subscription_Failed,Insufficient_Funds,2,0.37,Low,63.8,20,35110.36,0
TX03680,CUST1327,5840.83,Card,Success,Authentication_Failed,2,0.4,Medium,360.5,5,0.0,1
TX03681,CUST1187,38689.45,Card,Failed,Timeout,3,0.44,Low,552.3,22,38689.45,0
TX03682,CUST0019,24695.02,NetBanking,Failed,Timeout,1,0.68,Low,570.3,9,24695.02,1
TX03683,CUST1394,39257.13,NetBanking,Success,Network_Error,3,0.58,Medium,509.1,14,0.0,1
TX03684,CUST0264,29279.54,UPI,Success,None,1,0.47,Medium,515.0,17,0.0,1
TX03685,CUST0794,4305.18,Card,Success,None,3,0.5,Low,394.8,20,0.0,1
TX03686,CUST0113,38329.49,Wallet,Success,Insufficient_Funds,0,0.5,Low,140.0,28,0.0,1
TX03687,CUST1351,3676.01,UPI,Subscription_Failed,Bank_Decline,2,0.98,Low,441.1,6,3676.01,0
TX03688,CUST0542,24039.35,UPI,Success,Bank_Decline,1,0.39,High,587.2,22,0.0,1
TX03689,CUST0647,8782.99,UPI,Failed,Authentication_Failed,3,0.85,Medium,320.3,27,8782.99,0
TX03690,CUST0579,37666.29,UPI,Success,Bank_Decline,1,0.77,Low,163.8,2,0.0,1
TX03691,CUST1089,45597.24,Wallet,Success,None,1,0.2,Low,348.3,23,0.0,1
TX03692,CUST1316,27795.48,UPI,Failed,None,2,0.99,Medium,417.5,15,27795.48,0
TX03693,CUST0025,26451.94,Card,Failed,Timeout,1,0.81,Medium,132.9,12,26451.94,0
TX03694,CUST0001,38245.37,NetBanking,Success,Authentication_Failed,3,0.75,Medium,434.3,16,0.0,1
TX03695,CUST0911,452.92,Wallet,Success,Insufficient_Funds,0,0.52,Low,356.6,3,0.0,1
TX03696,CUST0141,45904.38,Card,Success,Authentication_Failed,0,0.64,High,371.3,18,0.0,1
TX03697,CUST0648,10032.95,Card,Subscription_Failed,Insufficient_Funds,2,0.4,Low,190.5,3,10032.95,0
TX03698,CUST0188,49209.12,Card,Success,None,3,0.23,Low,101.6,26,0.0,1
TX03699,CUST1152,36865.45,NetBanking,Success,Bank_Decline,3,0.87,Low,377.8,24,0.0,1
TX03700,CUST0201,38757.71,NetBanking,Abandoned,Network_Error,0,0.92,Medium,355.9,26,38757.71,1
TX03701,CUST1151,32878.91,NetBanking,Success,Authentication_Failed,3,0.33,High,209.4,11,0.0,1
TX03702,CUST0257,23688.83,Card,Success,Authentication_Failed,1,0.83,Medium,184.6,30,0.0,1
TX03703,CUST0547,28667.06,NetBanking,Success,Timeout,2,0.79,Medium,214.9,23,0.0,1
TX03704,CUST0194,2510.86,UPI,Subscription_Failed,Timeout,0,0.34,Low,299.0,26,2510.86,0
TX03705,CUST0703,31273.18,NetBanking,Overdue,None,2,0.54,Low,585.1,3,31273.18,0
TX03706,CUST1128,31379.69,Wallet,Failed,Insufficient_Funds,1,0.54,Medium,460.5,28,31379.69,0
TX03707,CUST1289,44581.8,Card,Success,Network_Error,0,0.81,Medium,512.5,23,0.0,1
TX03708,CUST0802,25381.69,Card,Failed,Timeout,3,0.87,Medium,308.3,16,25381.69,0
TX03709,CUST0942,4041.79,UPI,Success,Timeout,3,0.28,Low,320.4,27,0.0,1
TX03710,CUST1408,15448.56,NetBanking,Success,Bank_Decline,1,0.65,Low,130.6,23,0.0,1
TX03711,CUST1284,32850.34,NetBanking,Overdue,Bank_Decline,0,0.81,Low,435.4,25,32850.34,0
TX03712,CUST0414,12115.09,Wallet,Success,None,2,0.83,High,258.7,17,0.0,1
TX03713,CUST1382,14170.29,UPI,Success,None,0,0.32,Medium,448.0,21,0.0,1
TX03714,CUST1099,41059.36,Wallet,Subscription_Failed,Timeout,3,0.62,Low,251.3,5,41059.36,0
TX03715,CUST1379,29299.12,Wallet,Failed,Insufficient_Funds,0,0.89,Low,74.0,18,29299.12,0
TX03716,CUST0910,25524.67,Card,Success,Network_Error,0,0.45,Low,112.1,28,0.0,1
TX03717,CUST0188,16058.91,Card,Success,Timeout,3,0.54,Low,488.8,4,0.0,1
TX03718,CUST1314,36600.22,NetBanking,Success,Insufficient_Funds,3,0.84,Medium,162.6,1,0.0,1
TX03719,CUST0045,14528.38,NetBanking,Success,Insufficient_Funds,2,0.27,High,166.0,10,0.0,1
TX03720,CUST0083,36905.76,Wallet,Success,Timeout,0,0.89,Medium,558.3,23,0.0,1
TX03721,CUST1147,3691.05,NetBanking,Success,Insufficient_Funds,3,0.45,Low,398.0,23,0.0,1
TX03722,CUST0358,43254.16,Wallet,Overdue,Authentication_Failed,1,0.2,Medium,77.4,12,43254.16,1
TX03723,CUST1090,25078.41,NetBanking,Success,Insufficient_Funds,3,0.39,Medium,94.7,4,0.0,1
TX03724,CUST0936,22037.7,NetBanking,Success,Timeout,2,0.27,Low,170.7,22,0.0,1
TX03725,CUST0375,30628.97,Card,Success,Insufficient_Funds,2,0.27,High,360.5,7,0.0,1
TX03726,CUST0162,31284.77,Card,Success,Timeout,1,0.75,Medium,454.2,10,0.0,1
TX03727,CUST1404,6775.35,Card,Success,Bank_Decline,2,0.37,Low,172.0,3,0.0,1
TX03728,CUST1382,37860.43,Card,Subscription_Failed,Timeout,0,0.95,Medium,523.7,17,37860.43,1
TX03729,CUST1212,13941.23,UPI,Subscription_Failed,Insufficient_Funds,2,0.61,Medium,74.4,29,13941.23,0
TX03730,CUST0322,45267.1,Card,Success,Timeout,1,0.57,Medium,132.5,14,0.0,1
TX03731,CUST0450,40928.96,UPI,Subscription_Failed,Network_Error,2,0.55,Low,582.6,4,40928.96,0
TX03732,CUST1498,17444.05,Card,Success,Timeout,1,0.75,Low,89.5,22,0.0,1
TX03733,CUST1037,40425.42,NetBanking,Failed,Timeout,2,0.56,Low,534.0,30,40425.42,0
TX03734,CUST0184,17948.25,Wallet,Success,Network_Error,3,0.3,Medium,425.3,11,0.0,1
TX03735,CUST0111,5227.19,NetBanking,Subscription_Failed,Network_Error,1,0.9,Low,53.1,3,5227.19,0
TX03736,CUST0508,48102.03,NetBanking,Success,Network_Error,2,0.54,Medium,295.4,3,0.0,1
TX03737,CUST1314,32699.58,UPI,Failed,None,0,0.26,Medium,316.2,19,32699.58,0
TX03738,CUST0295,22913.76,Card,Abandoned,Authentication_Failed,1,0.62,Low,560.0,8,22913.76,0
TX03739,CUST1475,20009.11,Wallet,Success,None,1,0.72,Medium,258.5,8,0.0,1
TX03740,CUST0904,16370.33,Wallet,Success,Timeout,2,0.42,Low,273.6,13,0.0,1
TX03741,CUST1239,49076.09,Card,Success,None,3,0.84,Low,76.4,26,0.0,1
TX03742,CUST0974,6910.41,UPI,Failed,None,3,0.74,Low,387.1,25,6910.41,0
TX03743,CUST0632,15877.29,UPI,Success,Network_Error,2,0.72,High,134.4,23,0.0,1
TX03744,CUST1051,24377.78,UPI,Failed,Network_Error,2,0.54,Medium,55.7,26,24377.78,0
TX03745,CUST0733,24004.38,Wallet,Overdue,Bank_Decline,0,0.97,Low,598.2,7,24004.38,0
TX03746,CUST1255,23674.05,UPI,Success,None,2,0.42,High,169.1,22,0.0,1
TX03747,CUST0321,8954.03,UPI,Success,Authentication_Failed,1,0.66,Medium,93.2,0,0.0,1
TX03748,CUST0913,7417.64,Wallet,Failed,Timeout,2,0.45,Low,422.7,23,7417.64,1
TX03749,CUST1257,12887.43,Wallet,Abandoned,Insufficient_Funds,0,0.8,Low,494.8,10,12887.43,0
TX03750,CUST0437,45743.4,NetBanking,Overdue,Authentication_Failed,2,0.24,Low,47.8,26,45743.4,0
TX03751,CUST0781,5830.04,Wallet,Success,Authentication_Failed,2,0.24,Medium,72.2,3,0.0,1
TX03752,CUST1427,37919.77,Card,Success,Bank_Decline,1,0.85,Medium,63.2,28,0.0,1
TX03753,CUST1077,37925.91,Wallet,Subscription_Failed,Timeout,3,0.55,Low,37.7,16,37925.91,0
TX03754,CUST1337,40526.57,Wallet,Abandoned,Timeout,2,0.47,Low,399.1,16,40526.57,1
TX03755,CUST1305,44353.45,UPI,Failed,Network_Error,0,0.69,Low,357.1,18,44353.45,1
TX03756,CUST0726,13299.2,NetBanking,Success,Network_Error,2,0.76,Low,401.1,12,0.0,1
TX03757,CUST0031,11383.06,UPI,Success,Authentication_Failed,2,0.36,Medium,308.3,18,0.0,1
TX03758,CUST0337,23382.18,NetBanking,Success,Bank_Decline,1,0.35,Low,492.3,25,0.0,1
TX03759,CUST0183,13401.44,UPI,Subscription_Failed,Timeout,3,0.97,Medium,332.5,16,13401.44,0
TX03760,CUST1047,36768.64,Card,Success,Bank_Decline,3,0.67,High,552.1,23,0.0,1
TX03761,CUST0544,31869.79,UPI,Failed,Insufficient_Funds,3,0.51,Low,296.5,19,31869.79,0
TX03762,CUST1470,43774.39,UPI,Failed,Timeout,2,0.84,Low,476.5,11,43774.39,0
TX03763,CUST1098,4320.37,Card,Success,Network_Error,1,0.62,Low,250.3,19,0.0,1
TX03764,CUST1034,45771.15,Card,Success,Authentication_Failed,1,0.39,Low,266.8,13,0.0,1
TX03765,CUST1480,14808.76,Wallet,Failed,Bank_Decline,2,0.37,Medium,510.9,21,14808.76,0
TX03766,CUST0660,24636.58,UPI,Success,Network_Error,1,0.52,Medium,73.5,8,0.0,1
TX03767,CUST0160,22042.85,Card,Success,Authentication_Failed,3,0.89,Low,343.3,24,0.0,1
TX03768,CUST1038,38063.52,Card,Success,Network_Error,1,0.25,Low,438.5,11,0.0,1
TX03769,CUST1202,21132.6,Wallet,Abandoned,Timeout,2,0.37,Low,452.7,23,21132.6,0
TX03770,CUST0412,47188.95,NetBanking,Overdue,Bank_Decline,2,0.91,Low,359.0,30,47188.95,0
TX03771,CUST1012,45146.19,Card,Failed,Insufficient_Funds,0,0.3,Medium,274.4,16,45146.19,0
TX03772,CUST0053,43633.63,Card,Abandoned,None,0,0.7,Low,163.9,15,43633.63,0
TX03773,CUST0408,3748.66,UPI,Success,Network_Error,1,0.37,Medium,546.6,11,0.0,1
TX03774,CUST0847,42742.05,Wallet,Failed,None,1,0.68,Medium,228.2,9,42742.05,1
TX03775,CUST1046,39125.45,UPI,Overdue,Bank_Decline,2,0.51,Low,481.4,25,39125.45,0
TX03776,CUST1054,5354.94,NetBanking,Success,Timeout,0,0.28,Medium,28.7,1,0.0,1
TX03777,CUST0703,5549.23,Wallet,Success,Network_Error,0,0.67,High,147.0,2,0.0,1
TX03778,CUST0260,5237.96,UPI,Overdue,Timeout,3,0.75,Low,213.9,26,5237.96,0
TX03779,CUST1229,764.36,Card,Abandoned,Insufficient_Funds,3,0.74,Low,406.2,4,764.36,0
TX03780,CUST1083,27521.99,Card,Success,Insufficient_Funds,2,0.71,Low,198.4,15,0.0,1
TX03781,CUST1495,48675.04,Wallet,Overdue,Authentication_Failed,2,0.6,Medium,34.4,20,48675.04,0
TX03782,CUST0776,22046.5,Card,Success,Authentication_Failed,2,0.62,Low,112.6,12,0.0,1
TX03783,CUST1490,27129.72,UPI,Success,Authentication_Failed,2,0.71,High,162.9,25,0.0,1
TX03784,CUST1036,48404.9,Wallet,Failed,Timeout,0,0.75,Medium,113.9,23,48404.9,0
TX03785,CUST1314,12908.07,Card,Success,Authentication_Failed,2,0.72,High,130.2,17,0.0,1
TX03786,CUST0850,42951.82,Card,Failed,Bank_Decline,2,0.67,Low,463.7,1,42951.82,0
TX03787,CUST0354,27410.25,NetBanking,Success,None,0,0.32,Medium,253.1,23,0.0,1
TX03788,CUST1099,28559.93,NetBanking,Success,None,3,0.37,Low,249.1,0,0.0,1
TX03789,CUST0873,17290.06,Wallet,Success,Timeout,2,0.41,Low,580.3,8,0.0,1
TX03790,CUST1465,28166.9,NetBanking,Failed,Timeout,3,0.94,High,273.6,17,28166.9,1
TX03791,CUST0991,3842.5,UPI,Success,Authentication_Failed,0,0.81,Low,557.3,27,0.0,1
TX03792,CUST1265,38279.25,Card,Overdue,None,3,0.64,High,186.4,4,38279.25,1
TX03793,CUST1018,14377.45,Card,Failed,None,0,0.4,Low,246.4,2,14377.45,0
TX03794,CUST1178,44402.89,Card,Success,Authentication_Failed,2,0.29,High,243.8,4,0.0,1
TX03795,CUST1120,18518.96,Wallet,Success,Timeout,3,0.92,Medium,332.2,11,0.0,1
TX03796,CUST0294,7312.64,Wallet,Abandoned,Insufficient_Funds,2,0.91,Medium,354.7,7,7312.64,0
TX03797,CUST0209,34854.9,NetBanking,Success,Insufficient_Funds,1,0.29,Low,156.4,7,0.0,1
TX03798,CUST1367,8395.99,Card,Success,Authentication_Failed,1,0.84,Low,478.2,21,0.0,1
TX03799,CUST1112,37733.29,Card,Success,Insufficient_Funds,3,0.56,Medium,303.0,24,0.0,1
TX03800,CUST0818,48411.99,Card,Success,Bank_Decline,0,0.46,Medium,14.2,6,0.0,1
TX03801,CUST0390,39021.73,Card,Success,Bank_Decline,3,0.79,Low,358.9,1,0.0,1
TX03802,CUST0325,1317.97,Card,Failed,Bank_Decline,0,0.69,Low,480.9,0,1317.97,1
TX03803,CUST0940,30074.31,UPI,Subscription_Failed,Timeout,1,0.82,Low,157.8,23,30074.31,1
TX03804,CUST0889,34831.45,Card,Success,Timeout,0,0.26,Low,32.3,0,0.0,1
TX03805,CUST1181,41307.82,UPI,Subscription_Failed,Timeout,1,0.45,Low,486.2,7,41307.82,0
TX03806,CUST0668,2988.91,Card,Subscription_Failed,Timeout,3,0.46,Medium,586.0,27,2988.91,0
TX03807,CUST0633,24109.37,Wallet,Subscription_Failed,Timeout,2,0.46,Low,55.2,24,24109.37,0
TX03808,CUST0577,26861.47,Wallet,Overdue,Authentication_Failed,2,0.6,Low,563.4,16,26861.47,0
TX03809,CUST0137,8622.42,UPI,Subscription_Failed,Insufficient_Funds,2,0.43,High,222.0,22,8622.42,0
TX03810,CUST0428,16258.0,Card,Failed,Authentication_Failed,0,0.56,Low,565.4,4,16258.0,1
TX03811,CUST1476,22123.04,Wallet,Success,Insufficient_Funds,2,0.49,Medium,392.8,28,0.0,1
TX03812,CUST0612,41693.84,Wallet,Success,Authentication_Failed,0,0.79,Medium,535.2,13,0.0,1
TX03813,CUST0911,46484.5,Card,Subscription_Failed,Bank_Decline,2,0.68,Medium,473.6,7,46484.5,0
TX03814,CUST0819,31495.46,Card,Success,Network_Error,0,0.72,Medium,26.5,19,0.0,1
TX03815,CUST0141,19868.27,Wallet,Success,Timeout,0,0.37,Medium,48.6,30,0.0,1
TX03816,CUST1107,12850.74,Card,Success,Network_Error,1,0.46,Low,320.2,17,0.0,1
TX03817,CUST0177,49110.33,NetBanking,Abandoned,Network_Error,1,0.22,Medium,86.5,22,49110.33,0
TX03818,CUST0198,49154.4,Card,Abandoned,Bank_Decline,3,0.29,Medium,282.0,28,49154.4,0
TX03819,CUST0624,46263.85,Wallet,Success,Network_Error,1,0.41,Low,573.2,6,0.0,1
TX03820,CUST0691,39326.32,Wallet,Success,Network_Error,0,0.25,Low,183.9,23,0.0,1
TX03821,CUST1445,16423.82,UPI,Failed,Bank_Decline,1,0.68,Medium,298.5,13,16423.82,1
TX03822,CUST0401,40886.62,NetBanking,Success,Insufficient_Funds,1,1.0,Medium,236.7,24,0.0,1
TX03823,CUST0471,20557.89,Wallet,Failed,Authentication_Failed,1,0.28,Low,381.6,13,20557.89,0
TX03824,CUST0218,16473.3,NetBanking,Success,None,0,0.86,High,124.4,5,0.0,1
TX03825,CUST0929,37294.29,Card,Overdue,Network_Error,0,0.3,Medium,163.4,2,37294.29,0
TX03826,CUST0632,4166.77,Wallet,Success,Timeout,3,0.74,High,516.7,20,0.0,1
TX03827,CUST0951,2618.42,UPI,Failed,Bank_Decline,1,0.71,High,488.7,13,2618.42,1
TX03828,CUST0906,22508.09,Wallet,Failed,Network_Error,1,0.92,Low,475.6,13,22508.09,1
TX03829,CUST0175,22392.81,UPI,Success,None,0,0.29,Medium,464.8,2,0.0,1
TX03830,CUST0023,44803.08,NetBanking,Success,Insufficient_Funds,3,0.45,Medium,281.1,9,0.0,1
TX03831,CUST0235,6482.42,UPI,Success,Insufficient_Funds,3,0.27,Medium,440.0,8,0.0,1
TX03832,CUST1037,6339.54,Card,Overdue,None,0,0.53,Medium,238.5,20,6339.54,0
TX03833,CUST1125,7543.14,Card,Success,Timeout,1,0.93,Low,69.4,6,0.0,1
TX03834,CUST0929,1680.87,Card,Failed,Network_Error,3,0.83,Low,242.1,25,1680.87,1
TX03835,CUST0523,3772.24,Wallet,Overdue,Timeout,3,0.78,Low,103.6,6,3772.24,0
TX03836,CUST1476,33061.52,Card,Abandoned,Insufficient_Funds,1,0.63,Medium,240.6,6,33061.52,0
TX03837,CUST0431,21692.9,Card,Failed,Insufficient_Funds,3,0.91,Medium,185.5,11,21692.9,0
TX03838,CUST0793,38227.43,Wallet,Abandoned,Authentication_Failed,1,0.56,Low,363.5,25,38227.43,0
TX03839,CUST0533,49631.37,NetBanking,Overdue,Insufficient_Funds,3,0.32,Medium,223.3,3,49631.37,0
TX03840,CUST0979,33019.93,Card,Overdue,Bank_Decline,3,0.87,Medium,426.3,19,33019.93,0
TX03841,CUST1317,2712.69,Card,Overdue,Authentication_Failed,0,0.42,Low,312.2,12,2712.69,0
TX03842,CUST0810,5407.23,Wallet,Failed,Timeout,3,0.24,Low,552.5,2,5407.23,0
TX03843,CUST0913,44074.0,NetBanking,Success,Insufficient_Funds,1,0.3,Low,63.7,19,0.0,1
TX03844,CUST1125,26469.3,NetBanking,Success,None,3,0.69,High,415.7,8,0.0,1
TX03845,CUST1328,41276.89,NetBanking,Success,Bank_Decline,0,0.69,Medium,406.7,20,0.0,1
TX03846,CUST0871,42859.29,Wallet,Overdue,Authentication_Failed,3,0.41,Low,570.9,29,42859.29,0
TX03847,CUST0540,46398.19,UPI,Subscription_Failed,Bank_Decline,2,0.78,Low,229.2,21,46398.19,0
TX03848,CUST1024,47501.49,UPI,Success,Authentication_Failed,1,0.82,Medium,190.2,19,0.0,1
TX03849,CUST1379,27830.32,Card,Success,Authentication_Failed,2,0.94,Medium,111.7,12,0.0,1
TX03850,CUST1327,17182.8,Card,Success,Authentication_Failed,0,0.67,Medium,166.5,0,0.0,1
TX03851,CUST0227,48100.87,Card,Success,None,2,0.82,Low,306.1,28,0.0,1
TX03852,CUST1260,27460.84,UPI,Failed,Timeout,3,0.8,Low,504.3,22,27460.84,1
TX03853,CUST0873,3399.79,Wallet,Success,Authentication_Failed,1,0.41,High,177.7,28,0.0,1
TX03854,CUST0892,32210.27,Card,Success,Authentication_Failed,2,0.45,Low,103.1,22,0.0,1
TX03855,CUST1479,29466.7,Wallet,Success,Bank_Decline,3,0.58,Low,170.6,5,0.0,1
TX03856,CUST1037,44810.49,Card,Success,Authentication_Failed,2,0.22,Medium,69.5,19,0.0,1
TX03857,CUST0210,32728.72,Wallet,Overdue,Timeout,3,0.44,High,556.8,25,32728.72,0
TX03858,CUST0741,17582.81,Wallet,Success,None,3,0.58,Medium,524.8,28,0.0,1
TX03859,CUST0397,48318.04,UPI,Subscription_Failed,None,2,0.29,Medium,192.0,23,48318.04,0
TX03860,CUST1124,40120.65,Wallet,Success,Bank_Decline,0,0.3,Low,155.7,27,0.0,1
TX03861,CUST0031,31594.8,NetBanking,Success,Authentication_Failed,1,0.57,Low,544.2,29,0.0,1
TX03862,CUST0898,14787.68,UPI,Failed,Bank_Decline,0,0.78,Low,11.0,7,14787.68,0
TX03863,CUST0649,18802.31,Card,Abandoned,None,2,0.87,Medium,364.3,16,18802.31,1
TX03864,CUST0329,33564.5,UPI,Failed,Timeout,3,0.64,Low,550.4,30,33564.5,0
TX03865,CUST1190,3784.64,NetBanking,Success,Bank_Decline,2,0.58,High,310.0,24,0.0,1
TX03866,CUST1483,12982.69,NetBanking,Success,Timeout,3,0.51,Low,11.8,23,0.0,1
TX03867,CUST0952,35752.27,Wallet,Failed,Insufficient_Funds,3,0.35,Medium,139.1,17,35752.27,0
TX03868,CUST1124,24104.92,NetBanking,Success,Authentication_Failed,0,0.32,Medium,554.2,24,0.0,1
TX03869,CUST0621,20239.2,NetBanking,Success,Timeout,0,0.83,Medium,20.0,3,0.0,1
TX03870,CUST1197,7742.59,NetBanking,Failed,Authentication_Failed,2,0.57,Low,242.9,25,7742.59,0
TX03871,CUST0162,22204.08,NetBanking,Success,Timeout,1,0.83,High,475.9,30,0.0,1
TX03872,CUST0776,38580.46,Card,Success,Network_Error,0,0.76,Low,504.5,29,0.0,1
TX03873,CUST1287,13347.84,Card,Success,Network_Error,3,0.36,Medium,291.8,11,0.0,1
TX03874,CUST0274,468.85,UPI,Overdue,Network_Error,2,0.61,Medium,147.2,21,468.85,0
TX03875,CUST1027,33491.54,Wallet,Success,Timeout,2,0.56,Low,363.8,15,0.0,1
TX03876,CUST1052,48636.8,Card,Subscription_Failed,None,1,0.54,Medium,165.6,29,48636.8,1
TX03877,CUST0326,30419.96,NetBanking,Success,None,2,0.63,Medium,160.6,17,0.0,1
TX03878,CUST0940,6172.11,Wallet,Abandoned,Authentication_Failed,0,0.99,High,486.5,9,6172.11,0
TX03879,CUST1173,16172.51,Card,Success,Network_Error,3,0.85,High,101.0,3,0.0,1
TX03880,CUST0540,43408.55,UPI,Success,Authentication_Failed,2,0.92,Low,13.3,1,0.0,1
TX03881,CUST0488,11781.89,NetBanking,Abandoned,Timeout,2,0.22,Low,208.7,27,11781.89,0
TX03882,CUST0822,30463.26,Wallet,Abandoned,Authentication_Failed,3,0.31,Low,299.7,24,30463.26,0
TX03883,CUST1462,20253.03,Card,Abandoned,Authentication_Failed,2,0.27,High,426.0,14,20253.03,0
TX03884,CUST1089,10550.62,Wallet,Abandoned,Network_Error,2,0.41,Low,470.9,8,10550.62,0
TX03885,CUST0356,40707.66,Card,Success,None,1,0.55,Medium,401.5,14,0.0,1
TX03886,CUST1276,37193.0,UPI,Success,Bank_Decline,0,0.71,Medium,379.6,4,0.0,1
TX03887,CUST0235,33147.24,NetBanking,Success,Insufficient_Funds,2,0.6,Medium,402.8,18,0.0,1
TX03888,CUST0227,11969.56,UPI,Subscription_Failed,Timeout,0,0.92,Low,170.2,2,11969.56,1
TX03889,CUST1337,5073.28,NetBanking,Success,Timeout,1,0.95,Low,235.6,16,0.0,1
TX03890,CUST0049,28892.73,NetBanking,Overdue,Timeout,0,0.33,Low,373.7,12,28892.73,0
TX03891,CUST0118,27773.16,Wallet,Success,Insufficient_Funds,1,0.88,Low,48.7,23,0.0,1
TX03892,CUST0054,9581.57,Card,Failed,Bank_Decline,0,0.59,Low,184.2,2,9581.57,0
TX03893,CUST0565,3001.09,UPI,Success,None,0,0.56,Low,249.8,27,0.0,1
TX03894,CUST1068,4219.28,UPI,Success,Authentication_Failed,2,0.83,Medium,324.7,3,0.0,1
TX03895,CUST0053,49640.0,UPI,Failed,None,0,0.27,Low,297.0,17,49640.0,0
TX03896,CUST0558,39222.48,Wallet,Success,Timeout,2,0.91,Low,433.7,23,0.0,1
TX03897,CUST1126,46114.98,Wallet,Overdue,Authentication_Failed,2,0.74,Low,289.3,2,46114.98,0
TX03898,CUST0868,9913.73,Wallet,Abandoned,Network_Error,0,0.9,Low,543.4,13,9913.73,1
TX03899,CUST0398,48036.31,NetBanking,Failed,None,2,1.0,Low,234.4,15,48036.31,1
TX03900,CUST1162,7304.19,UPI,Subscription_Failed,Network_Error,0,0.61,Low,320.0,11,7304.19,0
TX03901,CUST0675,25552.28,NetBanking,Failed,Network_Error,3,0.27,Medium,11.9,10,25552.28,0
TX03902,CUST0387,41518.85,UPI,Failed,None,2,0.33,Low,193.2,1,41518.85,0
TX03903,CUST0111,17620.21,UPI,Success,Timeout,3,0.46,High,521.3,0,0.0,1
TX03904,CUST0614,21356.46,Card,Success,Insufficient_Funds,3,0.28,Low,206.8,12,0.0,1
TX03905,CUST0017,6583.62,UPI,Failed,Timeout,2,0.85,High,159.4,29,6583.62,1
TX03906,CUST1206,6321.51,Wallet,Subscription_Failed,Network_Error,1,0.44,Medium,330.7,25,6321.51,1
TX03907,CUST0884,31054.5,Wallet,Success,Network_Error,1,0.98,Medium,56.5,17,0.0,1
TX03908,CUST0541,33841.51,Wallet,Success,Timeout,3,0.76,High,323.6,17,0.0,1
TX03909,CUST0171,38911.16,Card,Failed,Insufficient_Funds,3,0.34,Low,189.2,12,38911.16,0
TX03910,CUST0409,27922.77,Card,Success,Insufficient_Funds,0,0.58,Low,236.0,3,0.0,1
TX03911,CUST0740,32358.81,NetBanking,Failed,Authentication_Failed,3,0.57,Low,476.9,26,32358.81,0
TX03912,CUST1402,873.16,UPI,Failed,Bank_Decline,2,0.59,Low,400.6,0,873.16,0
TX03913,CUST1212,8276.1,UPI,Success,Network_Error,1,0.63,Low,273.2,14,0.0,1
TX03914,CUST0858,49248.76,Wallet,Subscription_Failed,Insufficient_Funds,1,0.22,Medium,350.7,16,49248.76,0
TX03915,CUST0230,3984.48,Wallet,Success,None,1,0.75,Low,462.4,5,0.0,1
TX03916,CUST0119,34003.65,Wallet,Failed,Network_Error,2,0.59,Low,450.0,4,34003.65,0
TX03917,CUST1180,8968.92,Wallet,Success,Bank_Decline,0,0.83,Low,119.3,0,0.0,1
TX03918,CUST0784,35892.59,Wallet,Success,None,2,0.85,Medium,187.5,21,0.0,1
TX03919,CUST0465,35358.32,Wallet,Subscription_Failed,Network_Error,2,0.38,High,215.5,15,35358.32,0
TX03920,CUST0104,11863.11,UPI,Success,Insufficient_Funds,1,0.24,Medium,120.6,13,0.0,1
TX03921,CUST0698,13627.79,Card,Success,Authentication_Failed,2,0.76,Low,17.2,23,0.0,1
TX03922,CUST0175,32807.58,Wallet,Success,Timeout,3,0.98,Low,112.6,28,0.0,1
TX03923,CUST0745,19626.28,UPI,Success,None,2,0.56,Medium,486.9,4,0.0,1
TX03924,CUST1445,9888.49,Wallet,Success,Timeout,1,0.41,Low,332.1,2,0.0,1
TX03925,CUST1158,36637.64,NetBanking,Success,Insufficient_Funds,1,0.33,High,211.6,2,0.0,1
TX03926,CUST1415,7876.55,NetBanking,Subscription_Failed,Insufficient_Funds,2,0.43,Low,368.9,28,7876.55,0
TX03927,CUST0665,42811.05,UPI,Abandoned,None,3,0.46,Low,446.5,26,42811.05,0
TX03928,CUST0033,25830.54,Card,Success,Bank_Decline,3,0.54,High,219.1,11,0.0,1
TX03929,CUST0055,5463.89,NetBanking,Abandoned,None,1,0.72,High,285.0,17,5463.89,1
TX03930,CUST0519,34764.8,NetBanking,Success,Network_Error,3,0.42,Medium,47.9,8,0.0,1
TX03931,CUST0756,26054.32,Card,Success,Bank_Decline,3,0.24,Low,362.3,24,0.0,1
TX03932,CUST0012,15043.27,NetBanking,Success,Timeout,0,0.5,Medium,220.3,22,0.0,1
TX03933,CUST0720,21242.46,Wallet,Success,Network_Error,0,0.88,Low,265.8,16,0.0,1
TX03934,CUST0555,15057.22,Card,Subscription_Failed,Bank_Decline,3,0.6,Low,259.3,16,15057.22,0
TX03935,CUST0373,13298.69,NetBanking,Success,Timeout,3,0.97,Low,383.1,19,0.0,1
TX03936,CUST0484,8347.7,Card,Abandoned,Network_Error,0,0.6,Medium,347.8,27,8347.7,1
TX03937,CUST0973,18265.8,Wallet,Success,Authentication_Failed,0,0.42,Medium,259.0,17,0.0,1
TX03938,CUST1252,12699.16,NetBanking,Success,None,0,0.35,Low,20.0,28,0.0,1
TX03939,CUST0623,34235.04,UPI,Abandoned,None,1,0.76,High,376.4,2,34235.04,1
TX03940,CUST0307,34257.06,NetBanking,Failed,None,1,0.63,Low,529.0,17,34257.06,0
TX03941,CUST0457,25191.64,NetBanking,Success,Authentication_Failed,0,0.68,Low,464.0,14,0.0,1
TX03942,CUST0160,38941.64,Wallet,Success,Bank_Decline,0,0.8,Medium,589.2,0,0.0,1
TX03943,CUST0331,42098.72,UPI,Success,Insufficient_Funds,0,0.78,Medium,92.1,2,0.0,1
TX03944,CUST0776,29072.37,UPI,Overdue,Network_Error,1,0.23,High,141.3,6,29072.37,0
TX03945,CUST0225,31022.97,UPI,Success,Bank_Decline,1,0.84,Medium,328.2,9,0.0,1
TX03946,CUST0983,14287.72,Wallet,Success,Insufficient_Funds,3,0.63,Low,149.2,8,0.0,1
TX03947,CUST0729,44764.49,Wallet,Subscription_Failed,None,2,0.51,High,30.4,25,44764.49,0
TX03948,CUST1480,1405.46,Wallet,Success,None,3,0.63,High,247.4,8,0.0,1
TX03949,CUST1069,17560.4,Wallet,Success,None,2,0.69,Low,179.7,7,0.0,1
TX03950,CUST1238,36145.66,Wallet,Success,Insufficient_Funds,2,0.32,Medium,165.6,5,0.0,1
TX03951,CUST1083,4188.46,UPI,Failed,Network_Error,2,0.53,Medium,572.4,0,4188.46,1
TX03952,CUST0644,9321.84,Card,Success,Network_Error,3,0.47,Low,150.7,15,0.0,1
TX03953,CUST0616,29546.43,Wallet,Success,Insufficient_Funds,1,0.48,High,86.4,23,0.0,1
TX03954,CUST0195,28087.68,Card,Subscription_Failed,Timeout,1,0.27,Low,83.9,23,28087.68,0
TX03955,CUST0489,36998.63,NetBanking,Success,None,1,0.33,Medium,485.7,29,0.0,1
TX03956,CUST0157,40668.11,NetBanking,Success,Bank_Decline,1,0.33,Low,431.8,27,0.0,1
TX03957,CUST0610,6603.26,Wallet,Success,Network_Error,3,0.5,Medium,86.4,24,0.0,1
TX03958,CUST1250,1115.37,NetBanking,Failed,Insufficient_Funds,0,0.92,Medium,139.7,9,1115.37,1
TX03959,CUST0412,34544.0,Card,Subscription_Failed,Timeout,2,0.36,Low,450.9,10,34544.0,0
TX03960,CUST1229,15209.31,NetBanking,Success,Authentication_Failed,1,0.53,Low,172.0,11,0.0,1
TX03961,CUST1103,31374.0,NetBanking,Success,Insufficient_Funds,1,0.45,High,589.1,21,0.0,1
TX03962,CUST1148,7697.12,Card,Success,Timeout,3,0.83,Medium,328.9,2,0.0,1
TX03963,CUST0471,23558.19,NetBanking,Success,Authentication_Failed,2,0.24,Medium,123.3,5,0.0,1
TX03964,CUST1242,25320.35,Wallet,Failed,Timeout,1,0.36,Low,516.7,7,25320.35,1
TX03965,CUST0516,29336.88,Card,Success,Network_Error,0,0.37,Low,198.5,22,0.0,1
TX03966,CUST1128,25755.87,Card,Success,Insufficient_Funds,1,0.99,Medium,180.4,12,0.0,1
TX03967,CUST0393,24885.4,UPI,Success,Authentication_Failed,2,0.66,Medium,203.2,23,0.0,1
TX03968,CUST0631,16770.16,UPI,Success,Timeout,0,0.31,Low,463.2,18,0.0,1
TX03969,CUST0608,3744.78,Card,Failed,Authentication_Failed,3,0.42,Medium,112.2,7,3744.78,0
TX03970,CUST0980,4658.11,Card,Success,Bank_Decline,0,0.33,Low,235.3,20,0.0,1
TX03971,CUST0434,21802.16,UPI,Overdue,Insufficient_Funds,2,0.3,Low,28.2,22,21802.16,0
TX03972,CUST1355,17918.5,Wallet,Success,Network_Error,2,0.84,Medium,497.7,12,0.0,1
TX03973,CUST1167,25903.51,NetBanking,Subscription_Failed,Authentication_Failed,0,0.6,Low,211.0,3,25903.51,0
TX03974,CUST0540,15380.94,NetBanking,Success,None,1,0.7,Low,156.4,2,0.0,1
TX03975,CUST0278,34457.92,NetBanking,Abandoned,Timeout,2,0.47,Medium,352.1,21,34457.92,0
TX03976,CUST0233,43224.95,Card,Success,None,0,0.64,Low,425.9,24,0.0,1
TX03977,CUST1114,15083.39,Wallet,Failed,Authentication_Failed,2,0.41,Medium,489.6,19,15083.39,0
TX03978,CUST1223,9810.6,UPI,Success,None,1,0.45,Medium,215.2,27,0.0,1
TX03979,CUST0362,5985.79,Wallet,Success,Timeout,1,0.72,Medium,489.3,24,0.0,1
TX03980,CUST1465,30889.45,Wallet,Failed,Authentication_Failed,0,0.32,Low,284.3,2,30889.45,1
TX03981,CUST0026,22304.03,NetBanking,Failed,Network_Error,3,0.69,Low,69.7,21,22304.03,0
TX03982,CUST1049,9563.18,UPI,Failed,Network_Error,3,0.88,Medium,509.3,11,9563.18,1
TX03983,CUST1418,32726.21,Wallet,Success,Insufficient_Funds,1,0.3,Low,333.1,4,0.0,1
TX03984,CUST0507,7594.46,UPI,Success,Network_Error,3,0.92,Medium,365.5,24,0.0,1
TX03985,CUST1325,27804.18,Card,Failed,Authentication_Failed,1,0.26,Medium,563.1,5,27804.18,0
TX03986,CUST1363,26451.99,NetBanking,Success,Authentication_Failed,3,0.48,Low,339.9,17,0.0,1
TX03987,CUST0267,36764.54,UPI,Success,Network_Error,1,0.69,Medium,13.3,19,0.0,1
TX03988,CUST0461,2944.46,Card,Success,Bank_Decline,2,0.65,High,523.7,13,0.0,1
TX03989,CUST0456,44416.07,Card,Success,Authentication_Failed,0,0.28,Low,178.0,4,0.0,1
TX03990,CUST1384,35208.99,Card,Success,Insufficient_Funds,0,0.84,Low,306.0,10,0.0,1
TX03991,CUST1092,10963.07,Wallet,Failed,Bank_Decline,3,0.98,Medium,130.9,26,10963.07,0
TX03992,CUST1007,9333.59,Wallet,Subscription_Failed,Network_Error,0,0.34,Low,185.2,8,9333.59,0
TX03993,CUST0863,21696.68,NetBanking,Success,Timeout,3,0.92,Low,415.1,28,0.0,1
TX03994,CUST1436,40914.75,NetBanking,Subscription_Failed,Authentication_Failed,1,0.65,Low,263.4,16,40914.75,0
TX03995,CUST0491,42178.91,Card,Failed,Timeout,2,0.95,Low,380.0,11,42178.91,0
TX03996,CUST1073,26118.71,NetBanking,Subscription_Failed,None,0,0.34,Medium,495.9,24,26118.71,0
TX03997,CUST0564,43068.38,Wallet,Subscription_Failed,Insufficient_Funds,2,0.83,Medium,211.1,25,43068.38,1
TX03998,CUST1126,471.1,NetBanking,Failed,Bank_Decline,0,0.25,High,345.3,0,471.1,0
TX03999,CUST0216,1951.7,UPI,Success,Timeout,1,0.91,Medium,468.8,0,0.0,1
TX04000,CUST1462,45608.72,Wallet,Success,Insufficient_Funds,0,0.74,High,431.9,3,0.0,1
TX04001,CUST0559,38811.53,Card,Success,Timeout,0,0.5,Low,328.5,28,0.0,1
TX04002,CUST0159,22645.16,Card,Overdue,Timeout,1,0.35,Low,236.2,21,22645.16,0
TX04003,CUST0489,37729.78,NetBanking,Overdue,Insufficient_Funds,3,0.85,High,250.4,29,37729.78,1
TX04004,CUST0686,47790.85,Wallet,Failed,Authentication_Failed,3,0.68,Low,265.5,17,47790.85,0
TX04005,CUST1266,38650.06,Card,Subscription_Failed,Timeout,1,0.49,Medium,215.8,16,38650.06,0
TX04006,CUST0794,42150.09,Card,Subscription_Failed,Insufficient_Funds,3,0.56,Low,422.5,11,42150.09,0
TX04007,CUST0005,38078.21,Wallet,Success,Timeout,0,0.86,Medium,84.0,19,0.0,1
TX04008,CUST0361,8576.91,Wallet,Failed,Authentication_Failed,2,0.47,High,580.8,23,8576.91,1
TX04009,CUST0459,41711.99,Card,Success,Insufficient_Funds,1,0.27,Low,469.6,21,0.0,1
TX04010,CUST0248,9916.42,NetBanking,Success,Timeout,0,0.93,Low,185.9,11,0.0,1
TX04011,CUST0946,44652.04,NetBanking,Success,Network_Error,1,0.51,Low,35.1,4,0.0,1
TX04012,CUST0422,23040.76,NetBanking,Success,Authentication_Failed,2,0.48,Low,429.7,0,0.0,1
TX04013,CUST0015,33913.44,UPI,Failed,Timeout,0,0.36,Low,443.3,18,33913.44,0
TX04014,CUST0736,24962.59,Wallet,Success,Bank_Decline,0,0.92,Medium,578.5,29,0.0,1
TX04015,CUST1146,4880.75,Card,Subscription_Failed,Insufficient_Funds,2,0.37,Low,159.7,6,4880.75,0
TX04016,CUST0277,14677.97,UPI,Success,Timeout,2,0.71,Low,58.8,14,0.0,1
TX04017,CUST0453,49189.85,NetBanking,Success,Authentication_Failed,3,0.9,Low,549.9,13,0.0,1
TX04018,CUST1414,48043.59,UPI,Abandoned,Authentication_Failed,0,0.23,Medium,162.6,25,48043.59,0
TX04019,CUST1318,16160.25,Card,Failed,Bank_Decline,2,0.86,Low,435.7,2,16160.25,0
TX04020,CUST0598,49815.58,Card,Success,Bank_Decline,2,0.53,Medium,45.8,4,0.0,1
TX04021,CUST0446,42308.45,Wallet,Success,None,0,0.73,High,458.7,30,0.0,1
TX04022,CUST0210,30625.78,NetBanking,Success,None,3,0.5,Low,84.9,5,0.0,1
TX04023,CUST0714,2198.21,NetBanking,Overdue,Timeout,1,0.76,Low,420.4,24,2198.21,0
TX04024,CUST0302,45092.05,UPI,Failed,Network_Error,3,0.4,Medium,324.1,10,45092.05,0
TX04025,CUST1247,27959.98,NetBanking,Success,Authentication_Failed,2,0.22,Low,573.7,18,0.0,1
TX04026,CUST0003,43450.11,UPI,Success,Network_Error,1,0.96,Low,31.8,30,0.0,1
TX04027,CUST0990,41754.57,Card,Subscription_Failed,Network_Error,1,0.21,Medium,182.3,21,41754.57,0
TX04028,CUST1117,41683.71,Card,Failed,Timeout,3,0.86,Low,51.0,26,41683.71,0
TX04029,CUST0520,34969.06,Card,Subscription_Failed,Insufficient_Funds,1,0.34,Low,528.7,1,34969.06,0
TX04030,CUST1452,14712.47,Card,Success,Insufficient_Funds,2,0.51,High,360.4,24,0.0,1
TX04031,CUST0493,16940.78,Card,Subscription_Failed,Insufficient_Funds,0,0.86,Low,325.6,11,16940.78,0
TX04032,CUST1259,15561.77,UPI,Abandoned,Bank_Decline,0,0.36,High,87.6,24,15561.77,0
TX04033,CUST0620,1198.29,Card,Failed,Authentication_Failed,0,0.89,Low,298.5,22,1198.29,0
TX04034,CUST1185,29211.93,UPI,Success,Bank_Decline,3,0.6,Medium,245.2,13,0.0,1
TX04035,CUST0331,35001.92,Card,Subscription_Failed,Authentication_Failed,0,0.49,Medium,196.3,26,35001.92,0
TX04036,CUST0333,42722.53,UPI,Failed,None,0,0.73,Low,465.6,8,42722.53,1
TX04037,CUST0050,7180.24,UPI,Subscription_Failed,Authentication_Failed,0,0.47,Medium,46.2,19,7180.24,1
TX04038,CUST0863,27300.32,UPI,Success,Authentication_Failed,1,0.48,High,391.5,15,0.0,1
TX04039,CUST0272,598.81,NetBanking,Success,Timeout,1,0.79,Low,495.6,25,0.0,1
TX04040,CUST0580,4935.66,UPI,Success,Insufficient_Funds,1,0.45,Medium,545.3,16,0.0,1
TX04041,CUST1276,2899.74,UPI,Success,Bank_Decline,2,0.36,Low,450.1,16,0.0,1
TX04042,CUST0560,36328.81,Card,Success,None,2,0.85,Medium,176.6,1,0.0,1
TX04043,CUST0696,4236.77,UPI,Success,Bank_Decline,2,0.84,Medium,364.3,9,0.0,1
TX04044,CUST1114,35879.36,UPI,Success,Timeout,0,0.6,Low,93.4,29,0.0,1
TX04045,CUST0446,12631.31,Wallet,Subscription_Failed,Authentication_Failed,1,0.62,Low,79.1,10,12631.31,0
TX04046,CUST1017,43910.11,NetBanking,Success,None,2,0.76,Low,386.8,2,0.0,1
TX04047,CUST1356,40694.87,Wallet,Success,Insufficient_Funds,3,0.61,High,512.2,29,0.0,1
TX04048,CUST1163,47899.94,Card,Subscription_Failed,Network_Error,1,0.53,Low,49.7,1,47899.94,0
TX04049,CUST0357,44211.35,NetBanking,Failed,Network_Error,0,1.0,Medium,72.5,3,44211.35,0
TX04050,CUST0274,46679.81,NetBanking,Failed,Timeout,1,0.32,Low,343.7,7,46679.81,1
TX04051,CUST1043,42965.37,Wallet,Success,Insufficient_Funds,0,0.67,Medium,138.7,18,0.0,1
TX04052,CUST0311,34730.42,NetBanking,Success,Network_Error,2,0.91,Medium,371.0,19,0.0,1
TX04053,CUST0870,8678.91,Wallet,Success,Network_Error,0,0.75,Medium,136.6,17,0.0,1
TX04054,CUST0886,13731.03,UPI,Success,None,0,0.9,High,78.7,0,0.0,1
TX04055,CUST0154,10793.8,Wallet,Overdue,None,3,0.47,Low,331.9,29,10793.8,0
TX04056,CUST1414,30258.57,NetBanking,Failed,Bank_Decline,1,0.42,Low,518.7,23,30258.57,0
TX04057,CUST1284,25280.27,NetBanking,Success,Insufficient_Funds,0,0.88,High,414.2,22,0.0,1
TX04058,CUST0620,43380.58,Card,Abandoned,Network_Error,3,0.52,Low,493.0,25,43380.58,0
TX04059,CUST0883,47643.11,Card,Success,None,3,0.77,Medium,167.1,1,0.0,1
TX04060,CUST0797,20362.02,Card,Success,None,3,0.32,Medium,532.7,7,0.0,1
TX04061,CUST0125,25416.26,Card,Subscription_Failed,None,2,0.8,Medium,232.5,28,25416.26,0
TX04062,CUST1378,48581.51,NetBanking,Success,Bank_Decline,2,0.64,Low,512.9,9,0.0,1
TX04063,CUST1297,13956.7,Card,Subscription_Failed,Insufficient_Funds,0,0.41,Low,288.0,18,13956.7,0
TX04064,CUST0619,39661.06,Wallet,Success,Authentication_Failed,1,0.6,Medium,168.0,6,0.0,1
TX04065,CUST0245,11416.95,UPI,Abandoned,None,2,0.76,Low,163.6,16,11416.95,0
TX04066,CUST0848,34136.71,NetBanking,Success,Insufficient_Funds,2,0.21,Medium,344.9,27,0.0,1
TX04067,CUST0450,12830.06,Card,Success,Timeout,0,0.71,Low,56.6,28,0.0,1
TX04068,CUST0930,44209.92,NetBanking,Failed,Bank_Decline,0,0.63,Low,558.7,30,44209.92,0
TX04069,CUST1271,28161.6,Card,Overdue,Authentication_Failed,2,0.38,Low,170.2,29,28161.6,0
TX04070,CUST0520,9459.5,NetBanking,Abandoned,None,0,0.8,High,208.0,2,9459.5,0
TX04071,CUST1165,11373.58,Card,Failed,None,3,0.44,Medium,147.6,24,11373.58,0
TX04072,CUST0362,24793.69,UPI,Overdue,Bank_Decline,0,0.42,Medium,11.8,14,24793.69,0
TX04073,CUST0008,48087.78,Card,Success,Bank_Decline,3,0.58,High,418.6,3,0.0,1
TX04074,CUST0478,38528.18,Wallet,Success,Network_Error,2,0.74,Medium,358.4,16,0.0,1
TX04075,CUST1376,24517.82,NetBanking,Success,None,1,0.94,High,487.7,10,0.0,1
TX04076,CUST0495,17018.41,NetBanking,Failed,Insufficient_Funds,3,0.31,Low,34.2,29,17018.41,0
TX04077,CUST0833,27553.57,Wallet,Subscription_Failed,Bank_Decline,1,0.52,Medium,557.9,5,27553.57,0
TX04078,CUST1451,37468.37,Wallet,Failed,Bank_Decline,2,0.25,Low,205.2,16,37468.37,0
TX04079,CUST1063,39239.64,UPI,Subscription_Failed,Timeout,0,0.81,Medium,548.7,9,39239.64,0
TX04080,CUST0593,16365.52,NetBanking,Failed,Timeout,3,0.56,High,73.2,0,16365.52,0
TX04081,CUST0187,36113.73,UPI,Success,Timeout,3,0.77,Low,448.9,17,0.0,1
TX04082,CUST0754,32957.88,NetBanking,Success,Bank_Decline,2,0.46,Low,351.8,30,0.0,1
TX04083,CUST0093,47963.79,NetBanking,Subscription_Failed,Authentication_Failed,2,0.88,Medium,221.3,13,47963.79,1
TX04084,CUST0086,46568.3,UPI,Success,Insufficient_Funds,0,0.63,Low,56.7,18,0.0,1
TX04085,CUST1068,39511.09,NetBanking,Success,Bank_Decline,1,0.95,Medium,366.8,28,0.0,1
TX04086,CUST0137,36225.06,NetBanking,Success,Network_Error,3,0.26,Low,25.6,17,0.0,1
TX04087,CUST0421,13847.27,UPI,Success,None,1,0.61,High,305.8,23,0.0,1
TX04088,CUST0074,42329.07,Card,Failed,Authentication_Failed,3,0.81,Low,366.5,21,42329.07,0
TX04089,CUST1180,21489.78,UPI,Success,Authentication_Failed,3,0.68,Medium,442.2,30,0.0,1
TX04090,CUST1279,13757.58,NetBanking,Subscription_Failed,Insufficient_Funds,0,0.22,Low,594.9,0,13757.58,0
TX04091,CUST0171,19331.21,Wallet,Success,Authentication_Failed,3,0.98,Low,163.5,21,0.0,1
TX04092,CUST0170,41829.59,Card,Failed,Insufficient_Funds,3,0.44,Low,200.2,0,41829.59,0
TX04093,CUST0872,7601.93,Wallet,Failed,Authentication_Failed,2,0.4,Low,211.3,8,7601.93,0
TX04094,CUST0322,22916.71,Card,Failed,None,0,0.59,Low,441.6,13,22916.71,0
TX04095,CUST0456,24719.41,Wallet,Subscription_Failed,Insufficient_Funds,2,0.63,High,559.8,2,24719.41,0
TX04096,CUST0944,2024.16,Card,Success,Timeout,3,0.81,Low,584.9,11,0.0,1
TX04097,CUST0790,9948.15,UPI,Success,Timeout,0,0.51,Medium,568.0,16,0.0,1
TX04098,CUST0613,41371.77,Card,Success,Authentication_Failed,3,0.55,Low,528.8,16,0.0,1
TX04099,CUST1179,41572.22,Card,Subscription_Failed,Authentication_Failed,0,0.63,Medium,594.7,1,41572.22,0
TX04100,CUST0889,14762.27,Card,Overdue,Insufficient_Funds,1,0.52,Low,231.8,28,14762.27,1
TX04101,CUST0349,43769.88,NetBanking,Success,Insufficient_Funds,1,0.93,Medium,569.5,5,0.0,1
TX04102,CUST1475,38634.79,Wallet,Failed,None,0,0.88,Medium,459.0,0,38634.79,1
TX04103,CUST1197,21011.79,UPI,Success,Bank_Decline,3,0.56,Low,109.4,22,0.0,1
TX04104,CUST0010,37470.64,Wallet,Success,Timeout,0,0.2,Low,36.8,26,0.0,1
TX04105,CUST0740,48074.46,Wallet,Failed,Bank_Decline,3,0.92,Low,136.5,11,48074.46,1
TX04106,CUST1289,23056.69,UPI,Success,Bank_Decline,1,0.3,Low,469.5,3,0.0,1
TX04107,CUST1462,12073.67,NetBanking,Success,Network_Error,3,0.4,Low,382.7,22,0.0,1
TX04108,CUST1271,47102.46,Card,Failed,Insufficient_Funds,2,0.32,Low,142.4,15,47102.46,0
TX04109,CUST0667,30266.47,NetBanking,Abandoned,Network_Error,1,0.34,Medium,447.7,19,30266.47,0
TX04110,CUST0546,5442.21,NetBanking,Success,Network_Error,2,0.84,Low,93.4,10,0.0,1
TX04111,CUST0129,28719.6,Card,Failed,Bank_Decline,1,0.66,Low,494.9,19,28719.6,0
TX04112,CUST0601,25128.93,Wallet,Success,Network_Error,1,0.96,Low,478.6,29,0.0,1
TX04113,CUST0605,42808.33,Card,Success,None,2,0.39,Medium,583.8,19,0.0,1
TX04114,CUST0327,26628.62,UPI,Abandoned,Insufficient_Funds,0,0.59,Low,98.7,25,26628.62,0
TX04115,CUST0980,12910.58,Card,Success,Bank_Decline,3,0.98,Medium,544.9,27,0.0,1
TX04116,CUST0404,33847.07,Wallet,Success,Insufficient_Funds,1,0.86,Medium,211.3,9,0.0,1
TX04117,CUST0629,27220.26,NetBanking,Success,None,3,0.78,Medium,255.5,7,0.0,1
TX04118,CUST1383,11805.62,NetBanking,Subscription_Failed,Authentication_Failed,1,0.35,Low,286.4,1,11805.62,0
TX04119,CUST0718,28766.67,Card,Success,Network_Error,3,0.82,Medium,379.9,7,0.0,1
TX04120,CUST1041,41112.47,UPI,Success,Bank_Decline,1,0.48,Low,596.9,25,0.0,1
TX04121,CUST0274,1622.83,Wallet,Success,Timeout,0,0.62,High,364.0,26,0.0,1
TX04122,CUST0685,31616.38,NetBanking,Success,Insufficient_Funds,1,0.69,Medium,556.8,0,0.0,1
TX04123,CUST0116,17609.34,Card,Failed,None,0,0.69,Low,160.5,28,17609.34,0
TX04124,CUST0861,14775.04,UPI,Success,Network_Error,1,0.78,High,245.1,22,0.0,1
TX04125,CUST0693,19750.87,UPI,Abandoned,Insufficient_Funds,3,0.73,Medium,307.7,6,19750.87,0
TX04126,CUST1115,17232.73,NetBanking,Abandoned,None,2,0.25,Low,200.5,21,17232.73,1
TX04127,CUST1106,41645.51,NetBanking,Failed,Insufficient_Funds,1,0.57,Low,586.4,13,41645.51,0
TX04128,CUST0324,13884.93,Wallet,Success,Authentication_Failed,1,0.73,Medium,438.2,3,0.0,1
TX04129,CUST0961,36711.02,UPI,Success,None,0,0.44,High,292.5,20,0.0,1
TX04130,CUST0114,4884.18,Wallet,Success,Insufficient_Funds,3,0.45,High,453.3,16,0.0,1
TX04131,CUST1082,47579.54,UPI,Success,Authentication_Failed,0,0.3,Medium,285.8,1,0.0,1
TX04132,CUST0154,31191.37,UPI,Success,Authentication_Failed,3,0.53,Low,20.2,25,0.0,1
TX04133,CUST1428,35394.59,Card,Failed,Authentication_Failed,3,0.99,Medium,330.5,22,35394.59,0
TX04134,CUST1290,15042.36,NetBanking,Success,Network_Error,0,0.43,Medium,378.9,1,0.0,1
TX04135,CUST0315,20722.41,UPI,Success,None,2,0.63,Low,588.9,7,0.0,1
TX04136,CUST1065,11344.16,Wallet,Success,Insufficient_Funds,3,0.79,Low,34.1,6,0.0,1
TX04137,CUST0105,46640.3,NetBanking,Success,Insufficient_Funds,2,0.21,Medium,312.1,25,0.0,1
TX04138,CUST1217,24507.6,Wallet,Subscription_Failed,None,0,0.92,High,67.9,7,24507.6,1
TX04139,CUST1425,31596.32,NetBanking,Success,Authentication_Failed,2,0.51,Medium,97.9,19,0.0,1
TX04140,CUST1302,36766.75,NetBanking,Subscription_Failed,Insufficient_Funds,3,0.9,Low,370.2,16,36766.75,0
TX04141,CUST0354,18681.08,UPI,Failed,Insufficient_Funds,0,0.23,Low,146.6,22,18681.08,0
TX04142,CUST1016,36061.06,Card,Subscription_Failed,Authentication_Failed,2,0.32,High,452.0,16,36061.06,0
TX04143,CUST0733,33864.43,UPI,Success,Timeout,0,0.46,Medium,313.4,30,0.0,1
TX04144,CUST0709,35341.83,NetBanking,Subscription_Failed,Timeout,0,0.48,Low,138.7,6,35341.83,0
TX04145,CUST1280,24563.65,UPI,Success,Authentication_Failed,2,0.88,Medium,301.3,24,0.0,1
TX04146,CUST0651,19270.28,UPI,Failed,Network_Error,3,0.21,High,10.5,4,19270.28,0
TX04147,CUST0824,11259.69,NetBanking,Success,Insufficient_Funds,3,0.71,High,519.0,29,0.0,1
TX04148,CUST0947,41266.39,NetBanking,Success,Insufficient_Funds,3,0.31,Medium,17.5,14,0.0,1
TX04149,CUST0661,30495.83,UPI,Failed,Timeout,3,0.86,Low,14.1,1,30495.83,0
TX04150,CUST0099,22328.74,UPI,Failed,Authentication_Failed,1,0.82,Medium,370.8,10,22328.74,1
TX04151,CUST0588,47211.0,UPI,Success,None,0,0.6,Low,584.4,29,0.0,1
TX04152,CUST0282,2582.37,Wallet,Success,None,0,0.37,High,515.0,16,0.0,1
TX04153,CUST0403,42538.56,UPI,Failed,Network_Error,1,0.71,Low,158.7,23,42538.56,0
TX04154,CUST1133,49879.61,Wallet,Success,Authentication_Failed,0,0.33,Medium,126.0,12,0.0,1
TX04155,CUST0700,44369.72,Card,Success,Timeout,0,0.35,Medium,379.4,3,0.0,1
TX04156,CUST0199,40559.74,Wallet,Overdue,Timeout,2,0.7,Medium,495.4,23,40559.74,0
TX04157,CUST1327,18840.44,UPI,Overdue,Insufficient_Funds,1,0.99,Medium,223.6,17,18840.44,0
TX04158,CUST0327,11719.45,Card,Subscription_Failed,Bank_Decline,0,0.91,Low,265.1,28,11719.45,1
TX04159,CUST0154,36795.56,Wallet,Subscription_Failed,Network_Error,0,0.67,Medium,78.1,13,36795.56,0
TX04160,CUST0552,15367.85,Wallet,Success,Network_Error,1,0.63,Low,100.2,18,0.0,1
TX04161,CUST0405,8966.78,NetBanking,Overdue,Bank_Decline,1,1.0,Low,345.3,2,8966.78,0
TX04162,CUST0462,39368.99,Card,Success,None,2,0.64,High,70.6,3,0.0,1
TX04163,CUST0132,15764.67,NetBanking,Success,None,2,0.54,Medium,129.2,24,0.0,1
TX04164,CUST0791,45739.2,Card,Abandoned,None,3,0.93,Medium,148.5,8,45739.2,0
TX04165,CUST0874,42063.51,Wallet,Success,Timeout,3,0.39,Medium,271.9,20,0.0,1
TX04166,CUST0084,42412.49,NetBanking,Success,Authentication_Failed,2,0.28,Medium,36.9,22,0.0,1
TX04167,CUST1423,38624.17,UPI,Success,Network_Error,0,0.71,Medium,304.9,13,0.0,1
TX04168,CUST0754,44067.89,Wallet,Success,Bank_Decline,1,0.28,Medium,557.9,28,0.0,1
TX04169,CUST0628,40326.2,Card,Failed,Insufficient_Funds,2,0.5,High,24.4,29,40326.2,0
TX04170,CUST1133,30205.07,Card,Success,Insufficient_Funds,3,0.54,Low,382.3,24,0.0,1
TX04171,CUST0221,14931.97,NetBanking,Success,Timeout,1,0.64,Medium,503.1,16,0.0,1
TX04172,CUST0553,44432.82,NetBanking,Success,Network_Error,3,0.99,Medium,194.4,28,0.0,1
TX04173,CUST1392,42062.06,Card,Success,Authentication_Failed,0,0.38,Low,87.6,1,0.0,1
TX04174,CUST1171,23749.39,Wallet,Success,Network_Error,0,0.5,Low,35.6,13,0.0,1
TX04175,CUST0112,2146.12,NetBanking,Subscription_Failed,None,3,0.31,High,389.9,21,2146.12,0
TX04176,CUST0615,31999.48,UPI,Success,Insufficient_Funds,1,0.69,Low,335.8,15,0.0,1
TX04177,CUST0924,2719.72,Card,Subscription_Failed,Network_Error,3,0.78,Low,145.3,18,2719.72,0
TX04178,CUST0475,46328.74,UPI,Success,Insufficient_Funds,1,0.59,Low,500.7,15,0.0,1
TX04179,CUST0836,48089.24,Card,Success,Bank_Decline,2,0.4,Low,443.9,10,0.0,1
TX04180,CUST0271,9636.61,UPI,Success,Bank_Decline,3,0.7,High,173.1,27,0.0,1
TX04181,CUST0421,33884.19,Wallet,Success,Insufficient_Funds,3,0.63,Low,454.5,26,0.0,1
TX04182,CUST0707,4795.0,Card,Success,Authentication_Failed,1,0.34,Low,154.5,13,0.0,1
TX04183,CUST1391,36529.94,Wallet,Success,Authentication_Failed,2,0.52,Medium,408.4,6,0.0,1
TX04184,CUST1304,17494.93,NetBanking,Success,Network_Error,1,0.55,Low,79.9,4,0.0,1
TX04185,CUST1307,34116.3,Card,Success,Insufficient_Funds,1,0.99,Medium,418.4,25,0.0,1
TX04186,CUST0040,18769.25,Wallet,Failed,Timeout,3,0.88,Medium,150.9,7,18769.25,0
TX04187,CUST0189,7449.26,UPI,Overdue,Authentication_Failed,3,0.79,Medium,347.8,28,7449.26,0
TX04188,CUST1188,20424.28,Wallet,Success,Authentication_Failed,1,0.91,Medium,111.8,16,0.0,1
TX04189,CUST0994,5811.14,Card,Failed,None,0,0.79,Low,438.3,29,5811.14,0
TX04190,CUST0536,28928.79,Wallet,Abandoned,Bank_Decline,0,0.92,Low,45.9,24,28928.79,0
TX04191,CUST1028,2239.39,UPI,Success,Authentication_Failed,0,0.24,Low,107.6,13,0.0,1
TX04192,CUST0290,26460.52,UPI,Subscription_Failed,Authentication_Failed,3,0.56,Low,118.6,26,26460.52,0
TX04193,CUST0433,44341.16,UPI,Overdue,None,3,0.8,Medium,34.4,9,44341.16,0
TX04194,CUST0471,41926.09,NetBanking,Success,Authentication_Failed,2,0.67,Low,449.6,21,0.0,1
TX04195,CUST1205,44162.53,Card,Failed,None,3,0.34,Medium,588.8,11,44162.53,0
TX04196,CUST1272,46118.03,UPI,Failed,Insufficient_Funds,2,0.47,Low,469.3,4,46118.03,0
TX04197,CUST0628,5405.49,NetBanking,Success,Insufficient_Funds,3,0.45,Low,517.8,7,0.0,1
TX04198,CUST0279,6611.61,UPI,Success,Bank_Decline,0,0.41,Low,13.5,27,0.0,1
TX04199,CUST0877,27938.94,Wallet,Overdue,Network_Error,0,0.47,Low,79.5,11,27938.94,1
TX04200,CUST0581,44719.84,Card,Abandoned,None,1,0.61,Medium,339.8,3,44719.84,0
TX04201,CUST0863,48722.6,Wallet,Success,Authentication_Failed,1,0.88,Medium,586.9,27,0.0,1
TX04202,CUST0254,2503.84,NetBanking,Success,Network_Error,2,0.79,Medium,399.8,12,0.0,1
TX04203,CUST0181,17917.55,Wallet,Subscription_Failed,Insufficient_Funds,2,0.87,High,230.7,24,17917.55,0
TX04204,CUST0681,10802.13,Wallet,Success,Authentication_Failed,1,0.91,Medium,96.2,20,0.0,1
TX04205,CUST0825,37847.1,UPI,Failed,Network_Error,2,0.53,Medium,100.2,16,37847.1,1
TX04206,CUST0700,32081.65,Wallet,Success,None,3,0.48,Low,224.0,23,0.0,1
TX04207,CUST0566,6170.42,UPI,Success,None,0,0.25,Low,431.1,24,0.0,1
TX04208,CUST1350,24279.4,UPI,Success,Network_Error,1,0.94,Medium,28.8,20,0.0,1
TX04209,CUST1381,34334.94,Card,Success,None,1,0.25,Low,512.8,28,0.0,1
TX04210,CUST0680,38994.47,NetBanking,Success,Timeout,3,0.79,Low,565.5,4,0.0,1
TX04211,CUST0391,1198.62,NetBanking,Failed,Insufficient_Funds,2,0.5,Low,534.4,5,1198.62,0
TX04212,CUST1109,44545.38,NetBanking,Failed,Bank_Decline,1,0.96,Low,548.7,8,44545.38,0
TX04213,CUST1341,28550.21,UPI,Success,Bank_Decline,1,0.54,Medium,19.1,4,0.0,1
TX04214,CUST0212,40633.07,NetBanking,Abandoned,Timeout,3,0.85,Low,586.9,1,40633.07,0
TX04215,CUST0384,40435.31,UPI,Success,Network_Error,0,0.43,Low,226.2,2,0.0,1
TX04216,CUST0342,9654.66,Card,Success,None,1,0.44,Low,522.9,10,0.0,1
TX04217,CUST0844,5686.57,NetBanking,Success,Timeout,1,0.68,Medium,120.2,9,0.0,1
TX04218,CUST1062,36120.11,UPI,Success,Timeout,3,1.0,Medium,273.5,2,0.0,1
TX04219,CUST0420,7990.06,NetBanking,Overdue,None,1,0.61,Low,36.1,8,7990.06,0
TX04220,CUST0751,42526.89,NetBanking,Failed,Insufficient_Funds,1,0.95,Medium,33.6,7,42526.89,1
TX04221,CUST1193,36364.24,Card,Success,None,0,0.83,Low,566.5,15,0.0,1
TX04222,CUST1367,42122.9,Wallet,Abandoned,None,1,0.84,Medium,488.3,28,42122.9,0
TX04223,CUST0306,15090.83,NetBanking,Success,Authentication_Failed,3,0.55,Medium,322.6,28,0.0,1
TX04224,CUST0702,15966.58,Card,Success,Network_Error,0,0.51,High,320.0,30,0.0,1
TX04225,CUST0869,33626.83,NetBanking,Success,Bank_Decline,0,0.35,Low,451.8,21,0.0,1
TX04226,CUST0537,1766.01,NetBanking,Abandoned,Bank_Decline,0,0.97,Low,211.6,20,1766.01,1
TX04227,CUST1136,36379.54,NetBanking,Success,Timeout,2,0.97,Low,459.5,25,0.0,1
TX04228,CUST1435,41822.0,NetBanking,Subscription_Failed,Timeout,3,0.8,Low,296.2,1,41822.0,0
TX04229,CUST0206,20875.15,Wallet,Success,Timeout,2,0.44,Low,386.4,24,0.0,1
TX04230,CUST1209,38290.97,Wallet,Success,Network_Error,1,0.4,Low,579.2,9,0.0,1
TX04231,CUST1406,8895.62,NetBanking,Overdue,Timeout,0,0.99,Low,288.1,23,8895.62,1
TX04232,CUST0496,16248.57,NetBanking,Success,Timeout,2,0.25,High,256.9,13,0.0,1
TX04233,CUST1403,48720.39,Card,Abandoned,Authentication_Failed,1,0.87,Low,544.4,4,48720.39,0
TX04234,CUST1071,49319.14,Card,Abandoned,Network_Error,2,0.48,High,542.5,21,49319.14,0
TX04235,CUST0504,25727.73,UPI,Subscription_Failed,Insufficient_Funds,0,0.54,Medium,595.5,30,25727.73,0
TX04236,CUST1046,46726.64,Wallet,Success,Insufficient_Funds,1,0.87,High,335.0,24,0.0,1
TX04237,CUST0213,26231.99,NetBanking,Success,None,0,0.27,High,213.1,0,0.0,1
TX04238,CUST0310,14721.09,Wallet,Abandoned,Authentication_Failed,0,0.48,Medium,151.8,12,14721.09,0
TX04239,CUST0661,13491.58,Card,Failed,Bank_Decline,2,0.96,Medium,30.1,3,13491.58,0
TX04240,CUST0753,46489.38,Wallet,Failed,None,3,0.76,Low,438.8,20,46489.38,0
TX04241,CUST0272,8787.83,Wallet,Success,Insufficient_Funds,1,0.8,Medium,147.8,8,0.0,1
TX04242,CUST0938,29065.7,NetBanking,Success,Network_Error,1,0.81,High,367.9,15,0.0,1
TX04243,CUST1226,27865.15,NetBanking,Success,Bank_Decline,3,0.25,Low,550.8,27,0.0,1
TX04244,CUST0032,37033.16,Card,Success,Timeout,1,0.36,Low,570.6,20,0.0,1
TX04245,CUST0443,25062.3,NetBanking,Success,Network_Error,2,0.59,Medium,12.6,20,0.0,1
TX04246,CUST0162,13759.83,Card,Success,Bank_Decline,1,0.49,Medium,197.1,27,0.0,1
TX04247,CUST0767,8635.95,Card,Success,Insufficient_Funds,2,0.53,Medium,504.1,27,0.0,1
TX04248,CUST0254,31116.78,UPI,Abandoned,None,1,0.83,Low,326.5,18,31116.78,0
TX04249,CUST0521,36005.74,UPI,Failed,Timeout,2,0.21,Medium,486.4,23,36005.74,1
TX04250,CUST0977,28562.16,UPI,Success,Timeout,3,0.73,Low,513.5,13,0.0,1
TX04251,CUST0010,36969.89,Wallet,Success,Network_Error,1,0.2,High,271.1,22,0.0,1
TX04252,CUST0726,7247.76,UPI,Failed,None,2,0.25,Low,221.8,23,7247.76,0
TX04253,CUST0505,44147.02,NetBanking,Success,Timeout,0,0.53,Medium,278.7,19,0.0,1
TX04254,CUST0785,29203.3,NetBanking,Abandoned,Bank_Decline,0,0.87,Low,395.1,7,29203.3,1
TX04255,CUST0436,6516.83,UPI,Abandoned,Authentication_Failed,0,0.32,Low,226.6,9,6516.83,0
TX04256,CUST1135,23203.88,Wallet,Subscription_Failed,Insufficient_Funds,1,0.64,Low,467.2,19,23203.88,0
TX04257,CUST0153,42270.63,Card,Failed,Network_Error,2,0.74,Low,543.4,0,42270.63,1
TX04258,CUST0917,44898.6,Wallet,Success,None,0,0.38,Medium,176.6,30,0.0,1
TX04259,CUST0869,13379.55,Wallet,Failed,Authentication_Failed,1,0.61,Low,579.3,19,13379.55,0
TX04260,CUST1126,35621.04,Card,Success,Authentication_Failed,2,0.93,Low,377.4,4,0.0,1
TX04261,CUST0753,5179.27,Card,Success,Network_Error,0,0.61,Low,528.1,25,0.0,1
TX04262,CUST1215,1870.58,Card,Success,Bank_Decline,0,0.33,High,71.3,14,0.0,1
TX04263,CUST0563,28107.87,NetBanking,Success,None,1,0.7,Low,158.4,7,0.0,1
TX04264,CUST1105,34802.41,Card,Success,Insufficient_Funds,2,0.67,Low,199.4,30,0.0,1
TX04265,CUST0489,39830.18,Card,Success,Network_Error,1,0.22,Medium,188.7,27,0.0,1
TX04266,CUST0895,17142.77,Wallet,Failed,None,0,0.27,High,111.4,9,17142.77,1
TX04267,CUST1112,524.97,Wallet,Overdue,Authentication_Failed,1,0.33,High,522.2,5,524.97,0
TX04268,CUST1218,24080.06,UPI,Success,Authentication_Failed,1,0.31,High,257.0,14,0.0,1
TX04269,CUST0104,989.51,Wallet,Success,Network_Error,0,0.41,Low,578.2,14,0.0,1
TX04270,CUST1120,4780.83,Card,Success,None,0,0.56,Medium,354.2,26,0.0,1
TX04271,CUST1447,16469.11,NetBanking,Overdue,Authentication_Failed,2,0.5,Medium,91.7,9,16469.11,0
TX04272,CUST1222,21971.17,Wallet,Success,Network_Error,2,0.91,High,332.1,20,0.0,1
TX04273,CUST1025,14117.58,Wallet,Subscription_Failed,Network_Error,0,0.69,Low,596.2,18,14117.58,0
TX04274,CUST1007,29176.89,Card,Success,Insufficient_Funds,0,0.9,High,343.5,3,0.0,1
TX04275,CUST0407,2956.42,Wallet,Abandoned,Network_Error,3,0.62,Low,11.1,21,2956.42,0
TX04276,CUST1402,7400.07,Wallet,Success,None,3,0.27,Medium,560.5,30,0.0,1
TX04277,CUST0167,34823.87,Card,Success,None,2,0.57,Low,148.6,5,0.0,1
TX04278,CUST0509,7278.61,Wallet,Success,Authentication_Failed,1,0.86,Low,416.2,14,0.0,1
TX04279,CUST0313,32060.81,NetBanking,Success,Timeout,0,0.36,Medium,313.9,5,0.0,1
TX04280,CUST1442,2923.29,UPI,Subscription_Failed,Insufficient_Funds,0,0.27,Low,202.0,17,2923.29,0
TX04281,CUST0763,20487.64,Wallet,Failed,None,1,0.46,Medium,176.8,10,20487.64,0
TX04282,CUST0681,9034.99,NetBanking,Success,Authentication_Failed,2,0.51,Medium,558.0,11,0.0,1
TX04283,CUST0477,5659.89,Wallet,Overdue,Authentication_Failed,3,0.45,Medium,548.0,29,5659.89,0
TX04284,CUST0073,28438.23,UPI,Success,Insufficient_Funds,2,0.31,Low,312.7,7,0.0,1
TX04285,CUST1165,46431.12,Card,Overdue,Insufficient_Funds,1,0.4,High,162.5,23,46431.12,0
TX04286,CUST0582,2928.39,UPI,Success,Authentication_Failed,0,0.75,Medium,70.4,21,0.0,1
TX04287,CUST0262,21193.4,Wallet,Subscription_Failed,Timeout,3,0.51,Low,102.4,29,21193.4,0
TX04288,CUST1364,35435.26,UPI,Success,Bank_Decline,1,0.71,Medium,318.1,13,0.0,1
TX04289,CUST1332,23241.85,UPI,Success,Authentication_Failed,0,0.63,Low,191.6,3,0.0,1
TX04290,CUST0245,40363.5,Card,Success,Insufficient_Funds,2,0.64,Low,34.8,17,0.0,1
TX04291,CUST1361,9146.34,Wallet,Success,Network_Error,3,0.4,Medium,278.5,5,0.0,1
TX04292,CUST0561,47987.79,UPI,Failed,Network_Error,0,0.62,Medium,450.3,5,47987.79,0
TX04293,CUST1100,19381.1,UPI,Success,Insufficient_Funds,0,0.22,Low,536.1,25,0.0,1
TX04294,CUST0175,17210.17,Card,Overdue,Insufficient_Funds,0,0.55,Low,355.3,18,17210.17,0
TX04295,CUST0109,43755.37,NetBanking,Overdue,Bank_Decline,0,0.66,High,436.7,1,43755.37,0
TX04296,CUST0183,28280.58,Wallet,Overdue,None,0,0.35,Low,224.8,3,28280.58,0
TX04297,CUST0192,25918.93,NetBanking,Overdue,Insufficient_Funds,2,0.41,Low,302.8,23,25918.93,0
TX04298,CUST0065,36403.5,NetBanking,Abandoned,Network_Error,1,0.38,High,440.5,4,36403.5,1
TX04299,CUST0963,29075.75,Card,Overdue,Timeout,3,0.26,Low,439.3,14,29075.75,0
TX04300,CUST1498,8293.28,Card,Subscription_Failed,Insufficient_Funds,2,0.48,Medium,260.5,2,8293.28,0
TX04301,CUST1124,33775.04,Wallet,Success,Bank_Decline,3,0.98,Low,330.8,28,0.0,1
TX04302,CUST0864,6846.75,NetBanking,Abandoned,Timeout,0,0.48,Medium,555.1,15,6846.75,1
TX04303,CUST1152,40331.71,UPI,Subscription_Failed,Bank_Decline,1,0.57,Low,382.9,29,40331.71,0
TX04304,CUST1476,49488.88,NetBanking,Failed,Timeout,0,0.72,High,389.1,12,49488.88,1
TX04305,CUST0369,18993.9,Card,Success,Insufficient_Funds,2,0.72,Low,472.9,11,0.0,1
TX04306,CUST0851,22348.84,UPI,Success,Network_Error,2,0.96,Medium,78.0,20,0.0,1
TX04307,CUST0043,2512.4,UPI,Abandoned,Timeout,3,0.89,High,318.5,8,2512.4,0
TX04308,CUST1443,883.91,Card,Overdue,Authentication_Failed,0,0.84,High,576.1,10,883.91,1
TX04309,CUST0488,46086.68,UPI,Success,None,0,0.96,Low,223.4,7,0.0,1
TX04310,CUST0078,6605.48,NetBanking,Success,Bank_Decline,1,0.38,Medium,184.0,27,0.0,1
TX04311,CUST0826,22399.78,Card,Success,Timeout,1,0.69,Low,364.7,25,0.0,1
TX04312,CUST1294,40804.66,Wallet,Failed,Bank_Decline,0,0.91,Medium,140.5,6,40804.66,0
TX04313,CUST0674,44488.07,Card,Success,Network_Error,3,0.7,Low,338.0,3,0.0,1
TX04314,CUST0701,26066.0,Wallet,Failed,Bank_Decline,1,0.98,Low,101.8,1,26066.0,1
TX04315,CUST0759,28338.62,Wallet,Overdue,Bank_Decline,0,0.28,Low,352.1,27,28338.62,0
TX04316,CUST0728,33550.26,Card,Failed,Authentication_Failed,0,0.55,Medium,365.4,24,33550.26,1
TX04317,CUST1339,48076.85,Card,Success,Bank_Decline,0,0.98,Medium,256.9,18,0.0,1
TX04318,CUST0925,30212.96,Wallet,Overdue,Timeout,2,0.5,Low,235.8,21,30212.96,0
TX04319,CUST0902,28061.87,Wallet,Failed,Bank_Decline,3,0.79,Medium,154.8,29,28061.87,0
TX04320,CUST0889,923.8,UPI,Success,Insufficient_Funds,0,0.22,High,205.2,28,0.0,1
TX04321,CUST0993,4231.3,Card,Success,Bank_Decline,0,0.76,Medium,304.0,22,0.0,1
TX04322,CUST1192,28943.15,Card,Failed,Insufficient_Funds,0,0.95,Low,156.1,11,28943.15,0
TX04323,CUST0339,46824.77,UPI,Subscription_Failed,None,1,0.51,High,471.9,2,46824.77,0
TX04324,CUST0193,43361.23,Card,Overdue,Bank_Decline,0,0.22,Medium,428.3,18,43361.23,0
TX04325,CUST1477,49132.43,UPI,Success,None,2,0.22,Low,168.9,2,0.0,1
TX04326,CUST0283,26486.14,UPI,Success,Bank_Decline,2,0.91,Medium,67.5,18,0.0,1
TX04327,CUST1360,39438.96,Card,Success,Timeout,3,0.78,Low,10.1,18,0.0,1
TX04328,CUST0390,42051.94,NetBanking,Abandoned,Insufficient_Funds,0,0.29,Medium,362.1,6,42051.94,0
TX04329,CUST1000,32471.98,Wallet,Abandoned,None,0,0.24,High,134.7,28,32471.98,0
TX04330,CUST0525,17069.75,Card,Success,None,0,0.84,Low,17.4,13,0.0,1
TX04331,CUST1264,23604.93,NetBanking,Success,Insufficient_Funds,2,0.85,Low,221.9,20,0.0,1
TX04332,CUST0659,42924.27,UPI,Overdue,Authentication_Failed,1,0.3,Low,577.6,3,42924.27,0
TX04333,CUST0716,15067.69,NetBanking,Subscription_Failed,Bank_Decline,1,0.44,Low,417.1,5,15067.69,0
TX04334,CUST0891,46202.41,Card,Success,Bank_Decline,0,0.82,Medium,516.1,13,0.0,1
TX04335,CUST1482,11644.36,Card,Abandoned,Timeout,1,0.62,Medium,95.4,7,11644.36,0
TX04336,CUST1113,37525.92,NetBanking,Failed,Authentication_Failed,3,0.97,Low,53.2,17,37525.92,0
TX04337,CUST1119,31601.85,Card,Success,Authentication_Failed,2,0.58,Medium,16.8,27,0.0,1
TX04338,CUST0452,37530.05,Wallet,Success,Timeout,0,0.74,Low,573.8,14,0.0,1
TX04339,CUST0428,21979.91,NetBanking,Success,None,1,0.61,High,187.1,18,0.0,1
TX04340,CUST1175,46645.52,UPI,Success,Insufficient_Funds,0,0.95,Low,281.1,17,0.0,1
TX04341,CUST1400,31697.12,NetBanking,Failed,None,0,0.52,Medium,242.8,29,31697.12,0
TX04342,CUST1046,14557.13,NetBanking,Success,Network_Error,2,0.38,Low,441.0,14,0.0,1
TX04343,CUST0883,31995.06,NetBanking,Success,Timeout,2,0.46,Low,192.9,22,0.0,1
TX04344,CUST0313,14483.42,NetBanking,Success,Insufficient_Funds,1,0.88,Medium,325.9,11,0.0,1
TX04345,CUST0840,14822.89,UPI,Success,None,2,0.6,Low,597.4,17,0.0,1
TX04346,CUST0519,20100.01,UPI,Abandoned,None,3,0.48,High,272.0,29,20100.01,1
TX04347,CUST1230,42651.03,UPI,Success,Authentication_Failed,0,0.64,Medium,335.3,4,0.0,1
TX04348,CUST0375,25114.83,NetBanking,Success,Timeout,2,0.31,High,306.5,26,0.0,1
TX04349,CUST0451,34009.26,Wallet,Overdue,Network_Error,1,0.2,High,483.9,14,34009.26,0
TX04350,CUST1015,19719.99,Wallet,Success,Bank_Decline,1,0.42,Low,167.4,25,0.0,1
TX04351,CUST0595,13327.55,UPI,Failed,Timeout,1,0.68,Medium,110.6,8,13327.55,1
TX04352,CUST1203,47741.08,Wallet,Success,Network_Error,3,0.77,Medium,454.9,7,0.0,1
TX04353,CUST1234,30258.35,Wallet,Subscription_Failed,Network_Error,2,0.86,Low,255.2,7,30258.35,0
TX04354,CUST0500,46710.78,Wallet,Subscription_Failed,Timeout,2,0.94,High,549.1,2,46710.78,1
TX04355,CUST0464,10329.97,Wallet,Success,Insufficient_Funds,3,0.53,Medium,390.1,12,0.0,1
TX04356,CUST1148,7515.33,Wallet,Failed,Timeout,2,0.79,Medium,343.0,12,7515.33,1
TX04357,CUST0113,42819.98,Card,Success,None,2,0.26,Low,51.6,11,0.0,1
TX04358,CUST1036,34109.68,UPI,Overdue,Authentication_Failed,2,0.25,Medium,440.9,14,34109.68,0
TX04359,CUST1150,9491.61,NetBanking,Success,None,3,0.3,Low,414.8,13,0.0,1
TX04360,CUST0331,13614.11,Wallet,Subscription_Failed,Network_Error,3,0.56,Medium,387.6,0,13614.11,0
TX04361,CUST1307,40073.06,Card,Success,Network_Error,1,0.37,Medium,168.1,1,0.0,1
TX04362,CUST0140,22802.66,NetBanking,Failed,Bank_Decline,3,0.43,Low,568.6,22,22802.66,0
TX04363,CUST1425,33592.92,Card,Overdue,Network_Error,3,0.72,High,199.8,3,33592.92,1
TX04364,CUST0902,16053.93,Wallet,Subscription_Failed,Bank_Decline,1,0.49,Medium,99.8,12,16053.93,0
TX04365,CUST1121,19185.25,Wallet,Success,Network_Error,3,0.65,High,592.4,9,0.0,1
TX04366,CUST0517,49537.49,Wallet,Success,Network_Error,2,0.53,Low,450.3,20,0.0,1
TX04367,CUST0569,12531.33,Wallet,Success,Timeout,0,0.34,Medium,254.7,12,0.0,1
TX04368,CUST0846,25421.53,NetBanking,Success,Timeout,1,0.26,Medium,562.2,0,0.0,1
TX04369,CUST1093,42251.24,NetBanking,Success,Authentication_Failed,0,0.39,Medium,63.8,10,0.0,1
TX04370,CUST0118,12113.32,Card,Success,None,0,0.25,Low,61.7,17,0.0,1
TX04371,CUST0888,20877.65,UPI,Success,Insufficient_Funds,1,0.69,Low,412.6,8,0.0,1
TX04372,CUST1083,30831.55,Wallet,Success,Authentication_Failed,0,0.84,High,115.0,5,0.0,1
TX04373,CUST1057,24163.17,Card,Success,Network_Error,0,0.47,Low,551.1,22,0.0,1
TX04374,CUST1342,23083.21,Card,Success,Authentication_Failed,1,0.51,High,505.8,12,0.0,1
TX04375,CUST0050,18252.98,Card,Success,Timeout,1,0.85,Low,190.8,4,0.0,1
TX04376,CUST0019,29414.99,Wallet,Abandoned,None,2,0.38,High,534.4,24,29414.99,0
TX04377,CUST0726,31293.76,Wallet,Success,Network_Error,1,0.3,Medium,35.3,29,0.0,1
TX04378,CUST0197,32733.82,Card,Success,Network_Error,3,0.6,Medium,333.7,9,0.0,1
TX04379,CUST1474,3704.33,Wallet,Success,Authentication_Failed,0,0.72,Low,562.0,4,0.0,1
TX04380,CUST0559,31625.5,Card,Success,None,1,0.68,High,514.7,21,0.0,1
TX04381,CUST0452,47671.21,NetBanking,Failed,Bank_Decline,2,0.77,Medium,220.1,9,47671.21,0
TX04382,CUST0289,27141.11,Wallet,Success,Insufficient_Funds,1,0.25,Medium,117.9,24,0.0,1
TX04383,CUST1165,35820.3,NetBanking,Success,None,0,0.54,Low,134.2,4,0.0,1
TX04384,CUST1108,27925.27,UPI,Subscription_Failed,Authentication_Failed,1,0.39,Medium,313.6,19,27925.27,0
TX04385,CUST0391,42766.08,Wallet,Overdue,Authentication_Failed,0,0.81,High,362.1,27,42766.08,0
TX04386,CUST0215,46493.24,UPI,Success,Insufficient_Funds,1,0.9,Low,29.4,20,0.0,1
TX04387,CUST0215,9374.15,Card,Success,Network_Error,2,0.43,Medium,254.0,10,0.0,1
TX04388,CUST1427,21955.63,Wallet,Success,Network_Error,3,0.28,Low,499.9,28,0.0,1
TX04389,CUST0128,19740.63,Wallet,Success,Bank_Decline,2,0.4,High,272.2,4,0.0,1
TX04390,CUST0760,20379.71,Wallet,Success,Authentication_Failed,1,0.28,High,109.8,4,0.0,1
TX04391,CUST0404,6451.1,UPI,Failed,Insufficient_Funds,0,0.46,Low,573.4,16,6451.1,0
TX04392,CUST1053,40718.06,UPI,Success,Authentication_Failed,2,0.63,Low,167.1,20,0.0,1
TX04393,CUST0338,1981.16,Card,Subscription_Failed,Timeout,3,0.98,Medium,481.1,4,1981.16,0
TX04394,CUST0831,26505.69,NetBanking,Success,Authentication_Failed,3,0.52,Low,124.3,0,0.0,1
TX04395,CUST0714,33161.54,NetBanking,Success,Authentication_Failed,0,0.38,Low,259.7,12,0.0,1
TX04396,CUST0361,10531.98,UPI,Abandoned,Timeout,1,0.33,Low,299.3,3,10531.98,1
TX04397,CUST0569,45311.34,Wallet,Success,Timeout,2,0.34,Low,305.4,7,0.0,1
TX04398,CUST1416,41959.75,NetBanking,Success,Insufficient_Funds,2,0.35,Low,314.7,19,0.0,1
TX04399,CUST0218,23659.97,NetBanking,Success,Network_Error,0,0.81,Low,142.7,22,0.0,1
TX04400,CUST0202,20675.22,UPI,Success,Bank_Decline,2,0.25,Low,314.4,5,0.0,1
TX04401,CUST0017,11981.08,Card,Success,Timeout,0,1.0,Medium,294.2,14,0.0,1
TX04402,CUST0322,36553.66,UPI,Success,Network_Error,0,0.62,Medium,133.1,14,0.0,1
TX04403,CUST0518,6760.84,UPI,Success,Insufficient_Funds,1,0.64,Low,593.0,20,0.0,1
TX04404,CUST1349,34075.84,Wallet,Success,None,0,0.49,Medium,520.7,15,0.0,1
TX04405,CUST1436,42154.36,UPI,Overdue,Authentication_Failed,2,0.75,High,533.7,8,42154.36,1
TX04406,CUST1342,11577.88,Wallet,Success,Insufficient_Funds,0,0.58,Low,414.5,28,0.0,1
TX04407,CUST0681,43348.08,Card,Success,Insufficient_Funds,2,0.46,Medium,104.3,23,0.0,1
TX04408,CUST1106,1859.5,Wallet,Overdue,Timeout,0,0.41,Medium,345.2,4,1859.5,0
TX04409,CUST1498,45656.81,Card,Failed,Bank_Decline,1,0.94,Low,494.6,29,45656.81,0
TX04410,CUST1492,6094.44,Card,Success,Timeout,1,0.43,Low,32.9,25,0.0,1
TX04411,CUST0425,32358.81,Card,Success,Authentication_Failed,0,0.55,Medium,302.5,22,0.0,1
TX04412,CUST1228,12654.11,UPI,Failed,Timeout,0,0.48,Medium,243.7,15,12654.11,1
TX04413,CUST1019,41860.31,Wallet,Success,Authentication_Failed,0,0.27,Low,135.2,29,0.0,1
TX04414,CUST0387,25712.56,NetBanking,Failed,Timeout,1,0.35,High,233.2,26,25712.56,1
TX04415,CUST0778,6935.01,UPI,Overdue,None,3,0.35,Medium,590.3,24,6935.01,0
TX04416,CUST0098,28635.38,Card,Success,Bank_Decline,0,0.75,Low,436.7,6,0.0,1
TX04417,CUST1369,20512.55,NetBanking,Success,None,3,0.53,Low,186.7,2,0.0,1
TX04418,CUST0208,33140.1,UPI,Failed,Network_Error,0,0.83,Low,367.2,9,33140.1,0
TX04419,CUST0586,44118.78,NetBanking,Success,Bank_Decline,2,0.77,Low,155.5,26,0.0,1
TX04420,CUST0166,20587.58,Card,Success,Timeout,1,0.35,Low,370.4,15,0.0,1
TX04421,CUST0022,14636.06,NetBanking,Success,Insufficient_Funds,3,0.65,Medium,538.7,20,0.0,1
TX04422,CUST0154,922.85,NetBanking,Failed,Network_Error,3,0.79,Medium,338.6,11,922.85,0
TX04423,CUST1463,28826.98,Card,Failed,Insufficient_Funds,1,0.71,Low,442.7,8,28826.98,0
TX04424,CUST1319,20233.28,NetBanking,Overdue,None,3,0.68,Medium,277.5,15,20233.28,0
TX04425,CUST0219,18857.53,UPI,Abandoned,Bank_Decline,0,0.79,Low,319.2,8,18857.53,1
TX04426,CUST0669,9310.18,NetBanking,Success,Network_Error,3,0.25,Low,420.1,23,0.0,1
TX04427,CUST0230,21616.76,Wallet,Failed,None,0,0.79,Medium,489.3,28,21616.76,1
TX04428,CUST0020,49225.21,UPI,Success,Timeout,3,0.42,Low,399.1,21,0.0,1
TX04429,CUST0553,15028.16,NetBanking,Abandoned,Insufficient_Funds,2,0.66,Medium,586.7,30,15028.16,0
TX04430,CUST0950,30065.28,Wallet,Success,Timeout,3,0.39,High,493.7,22,0.0,1
TX04431,CUST0148,38869.05,Wallet,Success,Authentication_Failed,3,0.87,Medium,468.5,6,0.0,1
TX04432,CUST1132,37508.06,Wallet,Abandoned,Network_Error,0,0.58,Low,508.6,10,37508.06,0
TX04433,CUST0403,16572.96,NetBanking,Success,Insufficient_Funds,1,0.71,Low,175.9,16,0.0,1
TX04434,CUST0596,30620.83,Card,Subscription_Failed,Bank_Decline,2,0.84,Low,264.9,23,30620.83,0
TX04435,CUST0367,43588.98,Wallet,Failed,Bank_Decline,1,0.92,Medium,343.0,21,43588.98,0
TX04436,CUST1438,969.28,Card,Success,Bank_Decline,0,0.79,Medium,282.8,22,0.0,1
TX04437,CUST1333,21899.57,UPI,Success,None,2,0.32,Medium,510.0,30,0.0,1
TX04438,CUST0802,11368.82,Card,Subscription_Failed,Bank_Decline,3,0.88,Medium,26.0,9,11368.82,0
TX04439,CUST0918,19553.89,Card,Success,Insufficient_Funds,1,0.69,Medium,133.4,14,0.0,1
TX04440,CUST1158,20916.28,Card,Failed,None,1,0.69,High,530.2,9,20916.28,0
TX04441,CUST1307,37384.21,Card,Failed,Authentication_Failed,1,0.94,Low,44.9,26,37384.21,0
TX04442,CUST0073,4872.33,Card,Subscription_Failed,Bank_Decline,3,0.4,High,143.9,1,4872.33,0
TX04443,CUST0481,25726.68,UPI,Failed,Bank_Decline,0,0.39,Medium,217.2,15,25726.68,0
TX04444,CUST1376,28296.9,UPI,Failed,None,3,0.61,Low,452.9,6,28296.9,0
TX04445,CUST0560,24809.05,Card,Subscription_Failed,Bank_Decline,3,0.8,High,340.5,23,24809.05,0
TX04446,CUST1350,36647.29,Card,Abandoned,Authentication_Failed,0,0.56,High,573.2,27,36647.29,0
TX04447,CUST0745,19312.8,Wallet,Failed,None,0,0.71,Medium,144.4,20,19312.8,0
TX04448,CUST1467,47259.36,UPI,Success,None,3,0.56,Medium,524.6,14,0.0,1
TX04449,CUST0100,24193.81,NetBanking,Success,Network_Error,0,0.69,Low,176.9,16,0.0,1
TX04450,CUST1083,28646.45,UPI,Failed,None,1,0.86,Low,154.8,21,28646.45,0
TX04451,CUST0508,41311.44,NetBanking,Success,Bank_Decline,2,0.34,Low,304.0,12,0.0,1
TX04452,CUST0258,13906.76,Wallet,Success,None,0,0.76,Medium,52.0,18,0.0,1
TX04453,CUST0413,3945.06,Card,Success,Bank_Decline,2,0.83,Low,236.7,20,0.0,1
TX04454,CUST1476,35447.64,Wallet,Failed,Bank_Decline,1,0.56,Low,219.8,24,35447.64,0
TX04455,CUST1089,24253.99,Card,Success,None,0,0.46,Medium,104.5,22,0.0,1
TX04456,CUST0595,44845.91,UPI,Success,Network_Error,3,0.21,Low,517.9,7,0.0,1
TX04457,CUST1178,49137.47,Card,Success,Bank_Decline,3,0.84,Low,237.7,21,0.0,1
TX04458,CUST0266,20075.65,NetBanking,Abandoned,Network_Error,1,0.46,Low,589.3,8,20075.65,0
TX04459,CUST0821,20888.86,NetBanking,Success,Network_Error,0,0.49,Low,540.8,18,0.0,1
TX04460,CUST1103,20516.54,Wallet,Success,None,3,0.47,Low,124.9,16,0.0,1
TX04461,CUST1339,16362.79,UPI,Success,Timeout,0,0.6,Low,308.0,9,0.0,1
TX04462,CUST0662,39128.02,NetBanking,Success,Timeout,2,0.76,Low,365.1,13,0.0,1
TX04463,CUST0947,37997.99,Wallet,Abandoned,Bank_Decline,3,0.82,Low,493.2,29,37997.99,0
TX04464,CUST0560,24036.51,UPI,Failed,Insufficient_Funds,1,0.51,Low,532.5,28,24036.51,0
TX04465,CUST0917,2424.13,UPI,Success,Timeout,3,0.73,High,378.2,27,0.0,1
TX04466,CUST0891,15616.05,Wallet,Success,None,1,0.78,Low,30.7,27,0.0,1
TX04467,CUST1272,14756.69,NetBanking,Subscription_Failed,None,1,0.44,Medium,294.0,11,14756.69,0
TX04468,CUST0868,40592.14,NetBanking,Success,Timeout,2,0.28,Low,532.0,26,0.0,1
TX04469,CUST0610,4561.26,Wallet,Success,Insufficient_Funds,2,0.92,Low,431.3,19,0.0,1
TX04470,CUST0414,40322.63,NetBanking,Success,Authentication_Failed,1,0.74,Low,523.4,23,0.0,1
TX04471,CUST0025,33525.35,Wallet,Success,Bank_Decline,3,0.72,High,407.7,21,0.0,1
TX04472,CUST0284,36675.58,NetBanking,Success,Authentication_Failed,1,0.25,Low,36.0,6,0.0,1
TX04473,CUST1473,21724.22,NetBanking,Failed,Authentication_Failed,0,0.85,Medium,581.1,29,21724.22,0
TX04474,CUST0881,34050.34,Wallet,Success,Network_Error,0,0.65,Medium,551.6,28,0.0,1
TX04475,CUST0301,30529.64,Wallet,Success,Network_Error,3,0.88,Low,84.7,8,0.0,1
TX04476,CUST1092,38495.21,NetBanking,Success,Bank_Decline,3,0.98,High,76.5,17,0.0,1
TX04477,CUST1031,22449.14,Wallet,Success,Insufficient_Funds,2,0.97,Low,328.1,6,0.0,1
TX04478,CUST0817,23746.72,NetBanking,Success,Network_Error,0,0.88,Low,456.7,27,0.0,1
TX04479,CUST1161,32250.1,Card,Success,Timeout,1,0.21,Low,235.5,3,0.0,1
TX04480,CUST1188,5582.26,UPI,Success,Bank_Decline,1,0.91,Low,90.5,22,0.0,1
TX04481,CUST0083,21924.97,UPI,Abandoned,None,0,0.26,Low,311.2,7,21924.97,0
TX04482,CUST1444,48603.15,NetBanking,Failed,Authentication_Failed,0,0.88,Medium,209.2,27,48603.15,1
TX04483,CUST1097,2070.11,UPI,Success,Bank_Decline,2,0.42,Low,217.5,17,0.0,1
TX04484,CUST1261,15937.04,NetBanking,Success,None,0,0.69,Medium,390.5,28,0.0,1
TX04485,CUST0046,15842.67,Wallet,Failed,None,2,0.23,Low,532.5,14,15842.67,0
TX04486,CUST0618,31746.51,Card,Success,Network_Error,3,0.82,High,339.6,6,0.0,1
TX04487,CUST0928,5468.86,UPI,Success,None,3,0.29,Low,415.7,7,0.0,1
TX04488,CUST0262,31501.49,UPI,Failed,Insufficient_Funds,0,0.53,Medium,399.4,27,31501.49,0
TX04489,CUST0176,4933.0,Wallet,Subscription_Failed,None,0,0.85,Medium,335.2,0,4933.0,0
TX04490,CUST1190,4928.69,Card,Success,None,0,0.76,Low,193.3,10,0.0,1
TX04491,CUST0657,36463.53,Card,Success,Authentication_Failed,0,0.2,Low,232.9,9,0.0,1
TX04492,CUST0842,16341.93,Card,Subscription_Failed,Insufficient_Funds,1,0.52,Low,196.3,4,16341.93,1
TX04493,CUST0370,48875.66,Wallet,Success,Bank_Decline,1,0.23,Low,551.3,29,0.0,1
TX04494,CUST0054,2060.18,UPI,Subscription_Failed,Insufficient_Funds,3,0.74,Low,497.7,24,2060.18,0
TX04495,CUST0690,22366.31,UPI,Success,Insufficient_Funds,1,0.98,Medium,351.8,1,0.0,1
TX04496,CUST1443,5834.17,Card,Success,Bank_Decline,0,0.72,Low,548.2,21,0.0,1
TX04497,CUST1365,17698.67,Wallet,Success,Authentication_Failed,2,0.38,Medium,533.0,1,0.0,1
TX04498,CUST1151,49911.48,Wallet,Overdue,None,3,0.48,Low,557.3,18,49911.48,0
TX04499,CUST1433,44464.36,Wallet,Subscription_Failed,Insufficient_Funds,0,0.98,High,140.8,15,44464.36,0
TX04500,CUST0367,2606.56,Card,Success,Insufficient_Funds,1,0.38,Low,433.3,10,0.0,1
TX04501,CUST1295,28250.14,Wallet,Failed,Bank_Decline,2,0.65,Low,369.4,13,28250.14,0
TX04502,CUST0644,32461.55,Card,Failed,Timeout,2,0.52,Low,443.0,21,32461.55,0
TX04503,CUST0379,10634.82,Card,Failed,Insufficient_Funds,1,0.81,Low,165.4,4,10634.82,0
TX04504,CUST0073,7426.26,Card,Abandoned,Network_Error,0,0.89,Medium,419.9,3,7426.26,1
TX04505,CUST0915,45238.18,NetBanking,Success,None,2,0.47,Medium,251.8,22,0.0,1
TX04506,CUST1272,48447.06,Card,Success,None,2,0.73,Medium,502.1,29,0.0,1
TX04507,CUST0860,49596.26,Wallet,Overdue,Authentication_Failed,1,0.64,Medium,479.3,18,49596.26,0
TX04508,CUST0043,39530.14,NetBanking,Overdue,Insufficient_Funds,2,0.42,High,134.7,28,39530.14,0
TX04509,CUST0377,33242.4,UPI,Success,Bank_Decline,2,0.42,Medium,118.5,9,0.0,1
TX04510,CUST1065,17417.37,UPI,Success,Network_Error,2,0.63,Low,433.5,22,0.0,1
TX04511,CUST0170,8735.64,Wallet,Overdue,Bank_Decline,3,0.32,Low,334.8,27,8735.64,0
TX04512,CUST0212,4133.23,Wallet,Success,Insufficient_Funds,0,0.85,Low,338.8,8,0.0,1
TX04513,CUST0039,34726.21,Wallet,Failed,Network_Error,0,0.26,Medium,454.0,17,34726.21,1
TX04514,CUST0369,39279.23,Wallet,Success,Authentication_Failed,1,0.28,Low,514.4,30,0.0,1
TX04515,CUST0757,41357.39,NetBanking,Subscription_Failed,Authentication_Failed,0,0.47,Medium,151.0,4,41357.39,0
TX04516,CUST0151,45705.5,Wallet,Success,Authentication_Failed,2,0.29,Low,337.8,16,0.0,1
TX04517,CUST1135,44020.49,Card,Success,Timeout,0,0.58,Medium,499.1,22,0.0,1
TX04518,CUST1460,49987.12,UPI,Success,Bank_Decline,3,0.52,High,524.9,17,0.0,1
TX04519,CUST1071,12354.39,Wallet,Subscription_Failed,Insufficient_Funds,2,0.78,Low,179.6,26,12354.39,0
TX04520,CUST1024,38212.72,Card,Failed,Network_Error,2,0.96,Medium,71.5,20,38212.72,1
TX04521,CUST0737,29405.68,Wallet,Abandoned,None,3,0.8,High,147.4,0,29405.68,0
TX04522,CUST1390,13210.01,Card,Success,None,3,0.34,High,567.8,13,0.0,1
TX04523,CUST0069,49098.89,NetBanking,Subscription_Failed,Bank_Decline,0,0.95,Low,282.9,26,49098.89,1
TX04524,CUST0299,44915.33,UPI,Abandoned,Insufficient_Funds,0,0.51,Medium,257.0,13,44915.33,0
TX04525,CUST0944,6600.08,UPI,Abandoned,Timeout,0,0.58,Low,17.7,13,6600.08,1
TX04526,CUST0802,1502.69,NetBanking,Overdue,Insufficient_Funds,3,0.54,Medium,40.1,0,1502.69,0
TX04527,CUST0296,34478.87,Card,Success,Bank_Decline,0,0.42,Medium,404.5,3,0.0,1
TX04528,CUST0203,30285.71,Wallet,Failed,Insufficient_Funds,1,0.92,Medium,358.0,22,30285.71,1
TX04529,CUST0061,46803.62,Card,Subscription_Failed,None,0,0.47,Low,349.6,6,46803.62,0
TX04530,CUST0946,11853.46,UPI,Abandoned,None,3,0.66,Medium,75.1,23,11853.46,0
TX04531,CUST0963,4402.52,NetBanking,Failed,Network_Error,3,0.39,Low,217.7,11,4402.52,0
TX04532,CUST1338,13108.92,NetBanking,Success,Timeout,1,0.84,Low,489.3,12,0.0,1
TX04533,CUST1185,1142.6,Card,Failed,None,2,0.82,Medium,113.2,24,1142.6,1
TX04534,CUST0331,1987.46,Card,Success,Network_Error,1,0.44,High,530.8,14,0.0,1
TX04535,CUST0338,45759.92,NetBanking,Success,Timeout,3,0.75,High,81.7,19,0.0,1
TX04536,CUST1328,17730.43,UPI,Subscription_Failed,None,2,0.76,Medium,109.8,1,17730.43,1
TX04537,CUST1362,20658.29,Wallet,Success,Timeout,1,0.65,Low,291.9,25,0.0,1
TX04538,CUST0639,1114.91,Wallet,Success,Insufficient_Funds,1,0.68,Low,567.7,27,0.0,1
TX04539,CUST0275,13671.98,Card,Failed,Network_Error,2,0.66,Low,204.4,30,13671.98,1
TX04540,CUST1188,40275.35,NetBanking,Success,Timeout,1,0.27,Low,398.3,13,0.0,1
TX04541,CUST1467,30851.45,NetBanking,Success,Timeout,2,0.74,Low,357.3,29,0.0,1
TX04542,CUST0319,37738.27,NetBanking,Success,Insufficient_Funds,0,0.58,Low,98.3,11,0.0,1
TX04543,CUST0589,22471.24,UPI,Success,None,2,0.55,Low,156.4,12,0.0,1
TX04544,CUST0504,15624.52,Card,Success,None,1,0.89,High,558.8,13,0.0,1
TX04545,CUST0387,24243.94,Card,Success,Bank_Decline,0,0.22,Medium,119.0,28,0.0,1
TX04546,CUST0870,16288.94,Card,Success,Bank_Decline,3,0.4,Medium,420.1,25,0.0,1
TX04547,CUST0833,41980.76,UPI,Success,None,3,0.3,Low,579.2,2,0.0,1
TX04548,CUST1015,15024.15,Card,Success,Authentication_Failed,3,0.23,Low,80.5,24,0.0,1
TX04549,CUST0603,33056.23,Wallet,Subscription_Failed,Authentication_Failed,1,0.42,Low,245.5,26,33056.23,0
TX04550,CUST0691,7021.71,Card,Success,Timeout,0,0.99,Low,142.1,12,0.0,1
TX04551,CUST0494,34405.95,Card,Failed,None,2,0.42,Medium,140.7,7,34405.95,1
TX04552,CUST0490,45682.33,Card,Success,Bank_Decline,3,0.73,Low,80.2,15,0.0,1
TX04553,CUST0721,30507.44,UPI,Abandoned,Timeout,3,0.29,Medium,393.2,5,30507.44,0
TX04554,CUST1097,28080.8,Wallet,Failed,Network_Error,0,0.68,High,450.3,10,28080.8,1
TX04555,CUST0509,48063.69,Wallet,Success,Bank_Decline,0,0.99,Low,409.3,28,0.0,1
TX04556,CUST0390,31444.35,NetBanking,Success,Bank_Decline,0,0.43,Low,555.5,14,0.0,1
TX04557,CUST0295,13125.61,NetBanking,Success,Bank_Decline,1,0.88,High,96.0,18,0.0,1
TX04558,CUST1393,14761.07,Wallet,Failed,Authentication_Failed,0,1.0,Medium,198.7,25,14761.07,0
TX04559,CUST0796,35324.27,Card,Success,Insufficient_Funds,2,0.67,Medium,213.3,23,0.0,1
TX04560,CUST0865,36824.74,Card,Subscription_Failed,Insufficient_Funds,2,0.45,Medium,146.9,28,36824.74,1
TX04561,CUST0549,15314.11,Card,Success,Authentication_Failed,3,0.74,Low,93.9,1,0.0,1
TX04562,CUST0649,17398.13,UPI,Success,None,2,0.88,Low,297.2,10,0.0,1
TX04563,CUST0568,49554.61,Card,Failed,None,0,0.34,Low,502.3,19,49554.61,1
TX04564,CUST1211,5277.24,UPI,Subscription_Failed,Authentication_Failed,2,0.56,Low,573.2,19,5277.24,0
TX04565,CUST0853,20351.32,Wallet,Success,Authentication_Failed,3,0.46,Low,86.3,8,0.0,1
TX04566,CUST0770,3309.89,Card,Failed,None,1,0.43,Low,495.7,23,3309.89,0
TX04567,CUST0445,41089.7,Card,Success,Insufficient_Funds,2,0.89,High,496.5,22,0.0,1
TX04568,CUST0363,4798.82,NetBanking,Failed,Timeout,3,0.54,Medium,239.5,3,4798.82,1
TX04569,CUST0123,33765.57,Wallet,Abandoned,Authentication_Failed,3,0.47,Low,74.9,22,33765.57,0
TX04570,CUST1212,3012.87,Card,Subscription_Failed,Timeout,0,0.68,Low,594.1,16,3012.87,0
TX04571,CUST0742,33708.18,UPI,Success,Timeout,3,0.38,Medium,396.8,26,0.0,1
TX04572,CUST0680,42183.24,Wallet,Success,Network_Error,2,0.38,Low,589.5,23,0.0,1
TX04573,CUST0420,20061.31,NetBanking,Failed,Insufficient_Funds,3,0.62,Medium,295.4,7,20061.31,0
TX04574,CUST1276,26201.9,Wallet,Success,Timeout,3,0.53,Medium,243.2,24,0.0,1
TX04575,CUST1359,20196.78,UPI,Failed,Insufficient_Funds,0,0.44,Medium,155.8,24,20196.78,0
TX04576,CUST0092,15164.34,NetBanking,Success,Insufficient_Funds,0,0.24,Low,590.3,15,0.0,1
TX04577,CUST0063,40202.52,UPI,Success,Network_Error,2,0.62,Medium,159.4,0,0.0,1
TX04578,CUST0512,13745.73,Wallet,Abandoned,None,3,0.85,Low,24.0,30,13745.73,0
TX04579,CUST1163,36202.58,NetBanking,Success,Insufficient_Funds,1,0.88,Low,312.4,9,0.0,1
TX04580,CUST1209,10468.61,UPI,Overdue,Timeout,3,0.39,Low,232.5,6,10468.61,0
TX04581,CUST1229,12642.72,Wallet,Abandoned,None,1,0.68,High,164.2,14,12642.72,1
TX04582,CUST0772,16955.77,UPI,Failed,None,2,0.88,Low,384.4,0,16955.77,0
TX04583,CUST1238,29539.99,Card,Success,Bank_Decline,0,0.53,High,224.9,21,0.0,1
TX04584,CUST0256,22830.23,Wallet,Subscription_Failed,Timeout,2,0.95,Low,247.3,15,22830.23,0
TX04585,CUST0135,37308.21,NetBanking,Abandoned,Timeout,0,0.92,Low,23.6,20,37308.21,0
TX04586,CUST0875,10835.65,NetBanking,Success,Insufficient_Funds,0,0.37,Medium,357.6,26,0.0,1
TX04587,CUST0822,731.48,Card,Success,Timeout,3,0.41,Low,82.0,1,0.0,1
TX04588,CUST0088,38872.56,UPI,Success,Bank_Decline,3,0.34,Low,136.1,28,0.0,1
TX04589,CUST0988,41118.14,UPI,Overdue,Insufficient_Funds,0,0.36,Low,433.1,2,41118.14,0
TX04590,CUST1231,3162.11,NetBanking,Subscription_Failed,Authentication_Failed,1,0.93,Low,194.8,14,3162.11,0
TX04591,CUST1153,30623.19,UPI,Overdue,Timeout,1,0.94,Low,106.3,23,30623.19,1
TX04592,CUST0823,19034.7,Wallet,Abandoned,Timeout,3,0.24,Medium,350.7,17,19034.7,0
TX04593,CUST1027,39736.0,Wallet,Success,Network_Error,2,0.67,Medium,136.8,14,0.0,1
TX04594,CUST0974,43745.84,NetBanking,Success,Authentication_Failed,1,0.65,High,169.9,26,0.0,1
TX04595,CUST0934,42579.99,Wallet,Success,Authentication_Failed,0,0.51,Medium,376.6,3,0.0,1
TX04596,CUST0121,38904.77,NetBanking,Success,Bank_Decline,3,0.71,Medium,446.5,2,0.0,1
TX04597,CUST1409,13598.8,UPI,Success,Authentication_Failed,3,0.96,Medium,446.4,27,0.0,1
TX04598,CUST1062,40632.1,UPI,Subscription_Failed,Network_Error,0,0.34,High,294.5,6,40632.1,1
TX04599,CUST1365,26767.23,UPI,Overdue,Bank_Decline,2,0.3,Low,278.0,23,26767.23,0
TX04600,CUST1008,2827.28,Card,Success,Authentication_Failed,0,0.23,Low,474.7,19,0.0,1
TX04601,CUST0925,22955.55,NetBanking,Failed,Bank_Decline,2,0.49,Medium,123.9,21,22955.55,0
TX04602,CUST0645,47119.46,Wallet,Failed,Authentication_Failed,3,0.47,Low,99.8,18,47119.46,0
TX04603,CUST0714,44415.4,UPI,Success,Authentication_Failed,2,0.54,High,402.2,22,0.0,1
TX04604,CUST0860,5292.76,Card,Failed,None,0,0.6,Medium,251.6,7,5292.76,0
TX04605,CUST0021,37257.51,Wallet,Success,Authentication_Failed,3,0.81,Low,428.9,6,0.0,1
TX04606,CUST0242,40328.48,Wallet,Overdue,Timeout,1,0.51,Medium,161.4,3,40328.48,0
TX04607,CUST0455,13715.13,Wallet,Failed,Authentication_Failed,3,0.46,Low,201.7,29,13715.13,0
TX04608,CUST0963,23686.11,UPI,Abandoned,Timeout,0,0.86,High,539.0,9,23686.11,0
TX04609,CUST0621,35607.2,Wallet,Success,Insufficient_Funds,0,0.88,High,258.8,27,0.0,1
TX04610,CUST0303,22064.27,NetBanking,Success,None,3,0.39,Medium,358.7,24,0.0,1
TX04611,CUST0803,5817.29,Card,Success,Network_Error,3,0.45,Low,72.9,9,0.0,1
TX04612,CUST0964,35352.95,Wallet,Abandoned,Bank_Decline,3,0.86,Low,115.5,14,35352.95,0
TX04613,CUST0069,45599.61,Wallet,Overdue,Bank_Decline,2,0.26,Medium,31.2,23,45599.61,0
TX04614,CUST1153,32693.74,NetBanking,Success,Insufficient_Funds,1,0.46,High,260.4,21,0.0,1
TX04615,CUST0196,38735.28,Wallet,Abandoned,Authentication_Failed,2,0.56,Low,593.5,17,38735.28,0
TX04616,CUST0140,18046.45,UPI,Success,Network_Error,0,0.35,Low,525.6,9,0.0,1
TX04617,CUST1468,9323.27,UPI,Success,Insufficient_Funds,3,0.34,Low,383.4,22,0.0,1
TX04618,CUST0283,32210.13,UPI,Abandoned,Insufficient_Funds,2,0.54,Medium,518.0,8,32210.13,0
TX04619,CUST0312,16523.01,Wallet,Abandoned,Bank_Decline,2,0.8,High,360.6,24,16523.01,1
TX04620,CUST0746,43031.66,Card,Success,Timeout,0,0.87,Low,227.6,24,0.0,1
TX04621,CUST0277,6306.88,Card,Success,Timeout,2,0.98,Low,112.4,8,0.0,1
TX04622,CUST0061,21786.49,Wallet,Success,Authentication_Failed,0,0.26,Medium,395.3,21,0.0,1
TX04623,CUST1343,19957.03,Card,Success,Authentication_Failed,2,0.37,Medium,123.9,15,0.0,1
TX04624,CUST0052,46915.08,Card,Subscription_Failed,Insufficient_Funds,1,0.81,Medium,256.3,16,46915.08,0
TX04625,CUST0153,7826.11,Wallet,Failed,Authentication_Failed,0,0.63,Medium,497.2,15,7826.11,0
TX04626,CUST1335,690.37,UPI,Success,Timeout,1,0.46,Low,86.2,29,0.0,1
TX04627,CUST0544,12056.64,Wallet,Success,Network_Error,2,0.36,Low,86.1,5,0.0,1
TX04628,CUST0567,41049.79,UPI,Overdue,Bank_Decline,1,0.42,High,142.4,4,41049.79,0
TX04629,CUST1413,10624.23,UPI,Abandoned,Timeout,1,0.54,High,335.6,6,10624.23,1
TX04630,CUST0622,12195.73,Card,Abandoned,None,1,0.34,Medium,158.5,12,12195.73,0
TX04631,CUST1201,6668.96,Card,Success,Authentication_Failed,2,0.97,Medium,306.9,7,0.0,1
TX04632,CUST1386,35828.72,UPI,Subscription_Failed,Bank_Decline,0,0.29,High,188.2,0,35828.72,0
TX04633,CUST0314,3644.87,UPI,Success,None,2,0.99,Low,308.7,29,0.0,1
TX04634,CUST0807,16694.17,Card,Failed,Bank_Decline,2,0.87,Low,173.8,9,16694.17,1
TX04635,CUST0848,14268.44,NetBanking,Overdue,Insufficient_Funds,2,0.54,Medium,588.2,19,14268.44,0
TX04636,CUST0097,27846.95,UPI,Success,Authentication_Failed,0,0.79,High,300.7,19,0.0,1
TX04637,CUST0881,36574.73,UPI,Success,Insufficient_Funds,3,0.74,Medium,448.7,28,0.0,1
TX04638,CUST1237,26737.25,UPI,Success,Bank_Decline,2,0.37,Medium,423.3,0,0.0,1
TX04639,CUST0829,46565.09,Card,Success,Insufficient_Funds,2,0.47,Low,299.4,26,0.0,1
TX04640,CUST0137,47581.84,Wallet,Success,Authentication_Failed,0,0.61,Low,150.9,19,0.0,1
TX04641,CUST1030,18200.97,UPI,Subscription_Failed,Timeout,3,0.71,Low,311.3,22,18200.97,0
TX04642,CUST1011,38928.48,UPI,Success,Network_Error,3,0.63,High,411.8,30,0.0,1
TX04643,CUST0109,36992.31,UPI,Failed,None,3,0.58,Low,281.4,13,36992.31,0
TX04644,CUST0547,44669.64,Wallet,Subscription_Failed,Timeout,3,0.55,Low,58.3,14,44669.64,0
TX04645,CUST1063,22507.59,Wallet,Overdue,Bank_Decline,0,0.6,High,20.6,5,22507.59,1
TX04646,CUST0662,26617.56,UPI,Success,Timeout,0,0.55,Low,203.4,19,0.0,1
TX04647,CUST0425,20905.56,UPI,Success,Insufficient_Funds,3,0.63,Medium,98.6,1,0.0,1
TX04648,CUST0630,42548.77,NetBanking,Success,Authentication_Failed,1,0.91,Medium,544.7,27,0.0,1
TX04649,CUST0261,11639.18,Wallet,Success,Timeout,0,0.71,Low,113.7,28,0.0,1
TX04650,CUST1450,12137.51,NetBanking,Failed,Timeout,1,0.78,Medium,242.6,6,12137.51,0
TX04651,CUST0087,18755.73,UPI,Success,Authentication_Failed,1,0.68,High,430.1,23,0.0,1
TX04652,CUST0465,11671.07,UPI,Success,Insufficient_Funds,3,0.71,Low,491.1,24,0.0,1
TX04653,CUST0076,28138.14,UPI,Success,Network_Error,3,0.66,Medium,291.9,24,0.0,1
TX04654,CUST0471,6897.61,UPI,Failed,Timeout,2,0.22,Low,116.9,29,6897.61,0
TX04655,CUST0414,16145.27,Card,Success,None,1,1.0,Low,169.8,19,0.0,1
TX04656,CUST0825,45689.55,Card,Success,Bank_Decline,2,0.23,Low,257.2,18,0.0,1
TX04657,CUST0895,20579.43,Card,Success,Insufficient_Funds,3,0.52,High,225.1,4,0.0,1
TX04658,CUST0726,37462.04,NetBanking,Failed,Insufficient_Funds,1,0.28,Medium,215.7,21,37462.04,0
TX04659,CUST0457,5850.42,Wallet,Failed,Timeout,0,0.28,Low,87.8,27,5850.42,0
TX04660,CUST1309,12528.71,UPI,Success,None,2,0.83,Medium,548.9,28,0.0,1
TX04661,CUST1263,40405.81,Wallet,Abandoned,Authentication_Failed,3,0.54,Low,27.6,7,40405.81,0
TX04662,CUST0653,38197.05,Card,Success,Timeout,1,0.84,Low,269.6,2,0.0,1
TX04663,CUST0672,19430.56,UPI,Success,Timeout,3,0.42,Low,588.4,29,0.0,1
TX04664,CUST1396,47728.97,UPI,Success,Authentication_Failed,2,0.41,Medium,399.2,30,0.0,1
TX04665,CUST0495,45550.02,NetBanking,Success,Bank_Decline,3,0.4,Medium,219.7,12,0.0,1
TX04666,CUST1069,48122.58,Wallet,Failed,Authentication_Failed,3,0.69,High,96.2,5,48122.58,0
TX04667,CUST1425,21510.15,NetBanking,Success,Timeout,0,0.85,Low,578.7,20,0.0,1
TX04668,CUST1271,10034.18,Card,Failed,Network_Error,3,0.56,Low,18.3,28,10034.18,0
TX04669,CUST0597,31407.6,Wallet,Success,Authentication_Failed,1,0.5,Medium,412.0,22,0.0,1
TX04670,CUST0450,34301.7,Card,Overdue,Bank_Decline,1,0.98,Low,529.3,13,34301.7,1
TX04671,CUST0485,6447.0,NetBanking,Failed,Authentication_Failed,0,0.29,High,24.8,24,6447.0,1
TX04672,CUST0646,39366.86,NetBanking,Failed,Authentication_Failed,1,0.59,Low,437.9,6,39366.86,1
TX04673,CUST0620,1099.4,UPI,Failed,Insufficient_Funds,3,0.53,Low,599.3,10,1099.4,0
TX04674,CUST1042,24239.87,Wallet,Overdue,Insufficient_Funds,3,0.28,Low,387.4,21,24239.87,0
TX04675,CUST0662,16684.61,Wallet,Overdue,Timeout,1,0.41,Low,254.7,8,16684.61,1
TX04676,CUST0758,37067.09,UPI,Success,Timeout,2,0.22,Low,525.9,9,0.0,1
TX04677,CUST0289,15775.48,Wallet,Success,Authentication_Failed,3,0.9,Low,337.0,19,0.0,1
TX04678,CUST1438,41374.99,Card,Success,Network_Error,1,0.69,Low,452.2,29,0.0,1
TX04679,CUST0721,29828.68,Card,Success,None,3,0.85,Low,356.8,16,0.0,1
TX04680,CUST0638,39735.89,NetBanking,Success,Timeout,3,0.62,Low,32.6,7,0.0,1
TX04681,CUST0235,49469.16,Card,Success,Authentication_Failed,0,0.68,Low,135.8,21,0.0,1
TX04682,CUST0416,34022.09,Wallet,Subscription_Failed,Authentication_Failed,1,0.76,Low,56.5,5,34022.09,0
TX04683,CUST0938,49250.53,UPI,Success,None,3,0.93,Low,72.9,29,0.0,1
TX04684,CUST0499,1636.05,NetBanking,Subscription_Failed,Authentication_Failed,2,0.27,Medium,19.1,30,1636.05,0
TX04685,CUST0974,17039.37,UPI,Success,None,1,0.46,Medium,258.5,20,0.0,1
TX04686,CUST0634,5571.09,NetBanking,Failed,None,2,0.77,Medium,115.4,25,5571.09,0
TX04687,CUST1020,13262.79,NetBanking,Success,Authentication_Failed,1,0.97,Low,514.9,10,0.0,1
TX04688,CUST0115,41976.62,UPI,Failed,Authentication_Failed,2,0.98,Low,452.5,2,41976.62,0
TX04689,CUST0932,1809.7,Card,Success,Insufficient_Funds,2,0.71,Low,348.2,5,0.0,1
TX04690,CUST0674,26105.11,Card,Success,None,1,0.35,High,298.5,16,0.0,1
TX04691,CUST1258,28443.01,Card,Subscription_Failed,Bank_Decline,0,0.3,Low,161.0,6,28443.01,0
TX04692,CUST1035,28145.33,Card,Success,None,0,0.96,Low,290.2,5,0.0,1
TX04693,CUST0206,23869.79,UPI,Success,Bank_Decline,1,0.55,Low,388.3,20,0.0,1
TX04694,CUST0247,39572.03,Wallet,Success,Authentication_Failed,3,0.36,High,471.5,12,0.0,1
TX04695,CUST0758,6850.45,NetBanking,Subscription_Failed,Timeout,1,0.95,Medium,58.2,13,6850.45,1
TX04696,CUST1151,15666.74,UPI,Success,Network_Error,1,0.28,Low,428.0,18,0.0,1
TX04697,CUST0147,30863.16,Card,Failed,Authentication_Failed,3,0.78,Low,448.2,7,30863.16,0
TX04698,CUST0118,34609.38,Card,Success,Network_Error,1,0.7,High,339.8,12,0.0,1
TX04699,CUST1406,20326.59,UPI,Success,Insufficient_Funds,1,0.27,Low,136.4,19,0.0,1
TX04700,CUST0412,43793.49,NetBanking,Subscription_Failed,Bank_Decline,3,0.47,Medium,328.1,8,43793.49,0
TX04701,CUST0363,20891.57,UPI,Success,Insufficient_Funds,3,0.32,Medium,306.6,24,0.0,1
TX04702,CUST0137,20258.25,UPI,Failed,Timeout,0,0.68,Low,290.7,4,20258.25,1
TX04703,CUST1199,2003.12,Wallet,Success,Timeout,2,0.58,Low,281.8,10,0.0,1
TX04704,CUST1313,27646.84,UPI,Success,None,2,0.2,Low,75.4,6,0.0,1
TX04705,CUST0958,35492.31,Wallet,Success,Authentication_Failed,0,0.98,High,117.9,5,0.0,1
TX04706,CUST0019,5899.02,NetBanking,Failed,None,0,0.48,Medium,67.4,11,5899.02,1
TX04707,CUST0195,15410.55,UPI,Failed,Timeout,2,0.41,Medium,153.1,11,15410.55,0
TX04708,CUST0330,39106.6,UPI,Failed,Timeout,0,0.38,Medium,165.5,5,39106.6,1
TX04709,CUST0175,18422.79,Card,Success,None,1,0.33,High,154.6,30,0.0,1
TX04710,CUST1002,12231.8,UPI,Success,Insufficient_Funds,0,1.0,High,134.4,3,0.0,1
TX04711,CUST0449,33675.59,Card,Success,Network_Error,0,0.44,Low,443.9,25,0.0,1
TX04712,CUST0946,9998.59,Card,Abandoned,Bank_Decline,0,0.52,Low,493.0,12,9998.59,0
TX04713,CUST1378,44803.52,Card,Subscription_Failed,Timeout,0,0.9,Medium,203.0,11,44803.52,0
TX04714,CUST0141,5458.8,NetBanking,Success,None,2,0.71,Medium,190.0,14,0.0,1
TX04715,CUST0758,35386.18,Wallet,Success,Timeout,3,0.49,Low,508.0,7,0.0,1
TX04716,CUST0930,25077.53,Card,Success,Insufficient_Funds,2,0.92,Medium,378.1,12,0.0,1
TX04717,CUST0093,43522.49,UPI,Overdue,Bank_Decline,2,0.8,Low,183.1,10,43522.49,0
TX04718,CUST0239,6484.52,UPI,Abandoned,Insufficient_Funds,3,0.38,Low,431.0,10,6484.52,0
TX04719,CUST0205,33959.17,Card,Success,Network_Error,2,0.71,Medium,213.3,29,0.0,1
TX04720,CUST0560,28688.32,Card,Success,Insufficient_Funds,1,0.94,Low,356.1,10,0.0,1
TX04721,CUST1457,24108.49,UPI,Success,Bank_Decline,3,0.6,Low,595.7,25,0.0,1
TX04722,CUST0245,24672.08,Card,Failed,Bank_Decline,1,0.79,High,187.9,18,24672.08,0
TX04723,CUST0832,36154.45,Wallet,Failed,Timeout,2,0.98,Medium,559.0,20,36154.45,0
TX04724,CUST1341,46899.53,Wallet,Success,Network_Error,2,0.75,High,199.2,16,0.0,1
TX04725,CUST0925,4744.33,NetBanking,Subscription_Failed,Authentication_Failed,3,0.28,Medium,328.8,0,4744.33,1
TX04726,CUST0295,1171.23,Card,Success,Timeout,2,0.4,Medium,281.4,12,0.0,1
TX04727,CUST0640,40324.1,NetBanking,Success,None,0,0.68,Medium,472.1,24,0.0,1
TX04728,CUST0856,5586.84,NetBanking,Failed,Insufficient_Funds,1,0.42,Low,46.0,19,5586.84,0
TX04729,CUST1306,49337.5,NetBanking,Success,Insufficient_Funds,1,0.97,Medium,380.0,8,0.0,1
TX04730,CUST0017,31043.54,Card,Overdue,Bank_Decline,0,0.52,Low,458.8,22,31043.54,0
TX04731,CUST0071,32613.15,NetBanking,Success,None,3,0.57,High,288.6,25,0.0,1
TX04732,CUST1293,10104.81,Wallet,Success,Bank_Decline,3,0.76,Low,72.1,23,0.0,1
TX04733,CUST1349,12167.55,NetBanking,Failed,None,0,0.62,Low,154.4,10,12167.55,0
TX04734,CUST0305,33035.65,Wallet,Success,Bank_Decline,0,0.51,Medium,411.0,8,0.0,1
TX04735,CUST1475,45504.4,Wallet,Success,Authentication_Failed,1,0.26,Medium,538.3,16,0.0,1
TX04736,CUST1031,49123.05,Card,Overdue,Authentication_Failed,0,0.68,Low,258.7,6,49123.05,0
TX04737,CUST1338,10061.94,NetBanking,Success,Timeout,0,0.89,Low,340.6,7,0.0,1
TX04738,CUST0817,6879.16,Card,Success,Authentication_Failed,0,0.75,Medium,144.7,29,0.0,1
TX04739,CUST1127,3008.79,Wallet,Subscription_Failed,None,2,0.51,Low,253.2,1,3008.79,0
TX04740,CUST0821,43441.19,UPI,Success,Bank_Decline,0,0.3,Low,208.7,13,0.0,1
TX04741,CUST0193,14876.8,NetBanking,Success,None,2,0.85,Low,396.8,9,0.0,1
TX04742,CUST0529,290.24,Card,Failed,Timeout,1,0.95,Low,591.0,8,290.24,0
TX04743,CUST0171,11346.14,UPI,Success,Timeout,1,0.51,Low,489.8,27,0.0,1
TX04744,CUST0251,17153.97,NetBanking,Overdue,Network_Error,3,0.78,High,123.4,0,17153.97,1
TX04745,CUST1411,49551.11,NetBanking,Success,Authentication_Failed,1,0.53,Low,350.8,11,0.0,1
TX04746,CUST1231,26272.37,Card,Failed,Insufficient_Funds,3,0.6,Low,49.2,13,26272.37,0
TX04747,CUST0541,10394.75,UPI,Success,Insufficient_Funds,2,0.87,High,155.7,30,0.0,1
TX04748,CUST0416,16873.95,Card,Success,Network_Error,0,0.27,Medium,111.6,18,0.0,1
TX04749,CUST0794,16649.32,NetBanking,Failed,Bank_Decline,1,0.62,Low,208.0,28,16649.32,0
TX04750,CUST1404,1182.34,NetBanking,Success,Network_Error,0,0.37,Low,410.5,10,0.0,1
TX04751,CUST1168,6932.12,Wallet,Abandoned,Bank_Decline,3,0.47,High,304.6,8,6932.12,0
TX04752,CUST0025,34820.78,NetBanking,Success,Authentication_Failed,2,0.72,Low,560.4,16,0.0,1
TX04753,CUST0668,6188.5,NetBanking,Failed,Authentication_Failed,1,0.22,Medium,135.5,19,6188.5,1
TX04754,CUST1097,11690.57,UPI,Success,Timeout,0,0.68,Medium,224.9,25,0.0,1
TX04755,CUST0632,17666.72,UPI,Failed,Timeout,3,0.43,Low,204.6,5,17666.72,0
TX04756,CUST1117,37935.2,Wallet,Failed,Timeout,0,0.74,Medium,149.2,5,37935.2,0
TX04757,CUST0505,29203.57,Wallet,Success,Timeout,1,0.31,Low,596.0,29,0.0,1
TX04758,CUST0336,34512.2,Wallet,Success,Insufficient_Funds,0,0.79,Low,238.5,19,0.0,1
TX04759,CUST0425,28437.21,Card,Success,Timeout,2,0.72,Medium,564.9,9,0.0,1
TX04760,CUST0499,34242.9,Card,Success,Timeout,1,0.98,Low,240.4,9,0.0,1
TX04761,CUST1388,341.54,Wallet,Failed,Timeout,3,0.93,Low,130.4,30,341.54,0
TX04762,CUST0947,46558.73,Card,Success,Bank_Decline,1,0.43,Medium,80.3,25,0.0,1
TX04763,CUST0630,5723.83,NetBanking,Overdue,None,3,0.22,Medium,514.8,25,5723.83,0
TX04764,CUST1223,20431.2,Wallet,Success,Timeout,3,0.72,Low,28.9,16,0.0,1
TX04765,CUST0718,38597.71,Wallet,Overdue,Network_Error,1,0.68,Medium,579.0,20,38597.71,0
TX04766,CUST1437,21874.49,Card,Success,Timeout,3,0.22,Low,256.7,13,0.0,1
TX04767,CUST0339,47352.76,UPI,Overdue,Timeout,1,0.3,Medium,156.0,4,47352.76,0
TX04768,CUST0659,23485.93,Wallet,Success,Insufficient_Funds,2,0.67,Medium,374.3,2,0.0,1
TX04769,CUST0962,43771.98,Card,Success,None,2,0.93,High,88.4,10,0.0,1
TX04770,CUST0429,40579.24,Card,Overdue,Timeout,0,0.93,Medium,52.6,18,40579.24,1
TX04771,CUST0899,49053.12,UPI,Success,None,2,0.32,Low,498.4,19,0.0,1
TX04772,CUST0139,46342.08,Wallet,Success,Bank_Decline,3,0.51,Low,260.6,18,0.0,1
TX04773,CUST0942,44926.57,UPI,Abandoned,Authentication_Failed,0,0.23,Low,315.8,13,44926.57,0
TX04774,CUST0542,36633.9,NetBanking,Failed,None,0,0.58,Medium,114.3,14,36633.9,1
TX04775,CUST0057,18476.51,UPI,Success,None,1,0.8,Low,46.2,2,0.0,1
TX04776,CUST1256,5485.05,UPI,Success,Timeout,0,0.83,High,227.0,2,0.0,1
TX04777,CUST0658,34494.52,Card,Failed,Timeout,1,0.6,High,308.6,22,34494.52,0
TX04778,CUST0435,48936.97,UPI,Success,Timeout,0,0.28,Low,461.6,8,0.0,1
TX04779,CUST0384,36384.9,NetBanking,Overdue,Insufficient_Funds,2,0.51,Medium,305.6,10,36384.9,0
TX04780,CUST0560,46450.72,Card,Failed,Authentication_Failed,1,0.95,Medium,471.7,14,46450.72,0
TX04781,CUST0194,40254.37,NetBanking,Failed,Insufficient_Funds,3,0.38,Low,78.1,28,40254.37,0
TX04782,CUST0534,8323.11,UPI,Success,Insufficient_Funds,0,0.46,Medium,47.7,16,0.0,1
TX04783,CUST0518,12610.35,NetBanking,Subscription_Failed,Insufficient_Funds,2,0.8,Low,103.7,23,12610.35,0
TX04784,CUST0716,17224.91,NetBanking,Success,Bank_Decline,2,0.79,Low,465.5,25,0.0,1
TX04785,CUST0751,8579.37,UPI,Subscription_Failed,Authentication_Failed,1,0.93,Medium,458.0,11,8579.37,0
TX04786,CUST0185,29166.24,UPI,Success,Bank_Decline,1,0.51,High,93.4,16,0.0,1
TX04787,CUST0292,48777.44,Card,Abandoned,Bank_Decline,1,0.61,Low,28.3,8,48777.44,0
TX04788,CUST1359,38120.65,Card,Failed,Authentication_Failed,3,0.57,Medium,414.3,12,38120.65,0
TX04789,CUST0732,21284.66,Wallet,Success,Bank_Decline,3,0.94,Low,514.6,7,0.0,1
TX04790,CUST0116,424.32,Card,Success,Authentication_Failed,3,0.82,High,454.9,30,0.0,1
TX04791,CUST0825,15801.15,UPI,Success,None,0,0.87,High,129.7,21,0.0,1
TX04792,CUST1073,26432.61,NetBanking,Success,None,3,0.31,Low,354.4,5,0.0,1
TX04793,CUST0685,16347.69,NetBanking,Success,Timeout,1,0.83,High,456.8,26,0.0,1
TX04794,CUST0082,5729.54,Card,Success,Insufficient_Funds,2,0.55,Low,160.9,25,0.0,1
TX04795,CUST0834,22249.69,Card,Failed,None,2,0.22,Low,321.4,22,22249.69,0
TX04796,CUST0333,12811.99,UPI,Failed,None,1,0.25,Medium,195.5,23,12811.99,0
TX04797,CUST0557,45479.77,NetBanking,Success,Bank_Decline,3,0.74,Low,143.1,28,0.0,1
TX04798,CUST0335,5267.38,Wallet,Abandoned,Authentication_Failed,3,0.5,Medium,582.1,6,5267.38,0
TX04799,CUST0532,2647.8,Wallet,Overdue,Network_Error,1,0.89,Medium,548.4,30,2647.8,0
TX04800,CUST0221,464.65,Card,Success,Bank_Decline,2,0.79,Low,272.9,28,0.0,1
TX04801,CUST0635,16537.87,Wallet,Success,Bank_Decline,0,0.22,Low,90.7,0,0.0,1
TX04802,CUST0323,33087.26,UPI,Success,Authentication_Failed,2,0.75,Low,439.5,9,0.0,1
TX04803,CUST0003,36574.6,Wallet,Failed,Network_Error,3,0.35,Low,160.9,14,36574.6,0
TX04804,CUST0206,22772.43,Card,Failed,Network_Error,2,0.54,Low,109.4,28,22772.43,0
TX04805,CUST0040,34279.57,UPI,Failed,Timeout,3,0.7,Low,235.1,13,34279.57,0
TX04806,CUST0059,18123.72,NetBanking,Success,Bank_Decline,2,0.9,Medium,322.6,3,0.0,1
TX04807,CUST0951,33456.75,UPI,Subscription_Failed,Insufficient_Funds,1,0.56,High,67.5,30,33456.75,0
TX04808,CUST0574,2221.68,Card,Success,None,3,0.85,Low,347.3,3,0.0,1
TX04809,CUST0644,19659.5,Card,Success,Bank_Decline,0,0.83,Low,19.1,28,0.0,1
TX04810,CUST0843,39584.31,Wallet,Success,Insufficient_Funds,0,0.53,Medium,536.2,8,0.0,1
TX04811,CUST1146,40189.7,Wallet,Success,Insufficient_Funds,1,0.6,High,553.2,14,0.0,1
TX04812,CUST0619,35864.21,NetBanking,Failed,Authentication_Failed,2,0.76,Low,442.5,11,35864.21,0
TX04813,CUST0096,10371.08,NetBanking,Failed,Bank_Decline,1,0.22,High,285.3,8,10371.08,0
TX04814,CUST1438,12510.81,Card,Overdue,Authentication_Failed,1,0.91,Medium,160.4,2,12510.81,0
TX04815,CUST1259,49805.22,Card,Success,Timeout,0,0.82,High,449.0,26,0.0,1
TX04816,CUST0898,5348.22,Card,Overdue,Insufficient_Funds,0,0.4,Low,559.8,14,5348.22,0
TX04817,CUST1086,9197.0,NetBanking,Failed,Network_Error,3,0.98,High,103.5,24,9197.0,0
TX04818,CUST1280,6675.31,Card,Success,Insufficient_Funds,3,0.34,Low,284.8,20,0.0,1
TX04819,CUST0561,16517.22,NetBanking,Subscription_Failed,Timeout,3,0.93,High,196.0,10,16517.22,0
TX04820,CUST0905,10666.76,Card,Failed,Insufficient_Funds,1,0.46,Low,220.5,5,10666.76,0
TX04821,CUST0348,24984.86,UPI,Success,Authentication_Failed,1,0.81,Medium,249.4,14,0.0,1
TX04822,CUST0671,23905.83,UPI,Subscription_Failed,Bank_Decline,3,0.57,Medium,571.6,6,23905.83,0
TX04823,CUST1148,45094.98,Card,Failed,Network_Error,0,0.79,Medium,162.6,18,45094.98,1
TX04824,CUST0317,1930.05,UPI,Failed,Authentication_Failed,0,0.32,Medium,300.7,13,1930.05,0
TX04825,CUST0719,16130.0,NetBanking,Subscription_Failed,None,2,0.42,Low,571.4,3,16130.0,0
TX04826,CUST1072,29913.56,Wallet,Success,Bank_Decline,3,0.28,Medium,290.9,20,0.0,1
TX04827,CUST1433,30319.13,UPI,Failed,Network_Error,1,0.89,High,519.5,0,30319.13,0
TX04828,CUST1160,24110.29,Wallet,Abandoned,Timeout,2,0.44,Low,44.7,23,24110.29,0
TX04829,CUST1225,40820.14,UPI,Success,Insufficient_Funds,2,0.76,Medium,572.3,26,0.0,1
TX04830,CUST0250,3323.56,NetBanking,Success,Network_Error,2,0.86,High,120.6,22,0.0,1
TX04831,CUST0314,40811.29,UPI,Abandoned,None,3,0.92,Medium,588.2,12,40811.29,0
TX04832,CUST1392,24838.76,UPI,Success,Timeout,3,0.29,Medium,113.6,10,0.0,1
TX04833,CUST1453,6861.28,Card,Failed,Bank_Decline,3,0.91,High,272.2,27,6861.28,0
TX04834,CUST0807,44307.96,Wallet,Subscription_Failed,Network_Error,0,0.36,Medium,192.1,28,44307.96,0
TX04835,CUST1338,32531.59,Wallet,Success,Timeout,2,0.79,Medium,265.6,17,0.0,1
TX04836,CUST1379,8344.58,NetBanking,Success,Bank_Decline,0,0.78,High,157.8,22,0.0,1
TX04837,CUST0485,1875.76,NetBanking,Success,Authentication_Failed,3,0.21,High,579.5,27,0.0,1
TX04838,CUST1235,7227.26,Wallet,Failed,Insufficient_Funds,0,0.38,Medium,190.4,8,7227.26,0
TX04839,CUST0044,30518.14,Card,Overdue,Timeout,0,0.59,Low,395.4,20,30518.14,0
TX04840,CUST0571,9128.95,Card,Success,Authentication_Failed,1,0.54,Low,91.1,29,0.0,1
TX04841,CUST0583,11443.0,Wallet,Success,None,3,0.93,Medium,496.4,10,0.0,1
TX04842,CUST1116,1451.96,UPI,Failed,None,2,0.49,Medium,330.1,5,1451.96,1
TX04843,CUST1289,36201.95,Wallet,Abandoned,Bank_Decline,3,0.95,Low,587.9,15,36201.95,1
TX04844,CUST0895,40556.15,UPI,Success,Network_Error,0,0.57,Low,259.8,4,0.0,1
TX04845,CUST0220,39883.04,Wallet,Failed,Insufficient_Funds,3,0.97,Low,125.3,0,39883.04,0
TX04846,CUST0925,6552.89,UPI,Success,Bank_Decline,3,0.79,Medium,214.2,21,0.0,1
TX04847,CUST1466,45184.4,Card,Abandoned,Timeout,1,0.86,High,444.8,13,45184.4,1
TX04848,CUST0401,33679.49,Wallet,Success,Insufficient_Funds,1,0.28,High,398.9,29,0.0,1
TX04849,CUST1424,44896.93,NetBanking,Success,Authentication_Failed,3,0.67,Low,469.2,22,0.0,1
TX04850,CUST0727,22468.59,UPI,Subscription_Failed,Insufficient_Funds,1,0.31,Low,53.3,20,22468.59,0
TX04851,CUST0991,21960.35,Card,Success,Authentication_Failed,0,0.44,Low,352.4,18,0.0,1
TX04852,CUST0899,39269.92,NetBanking,Success,Bank_Decline,0,0.7,Low,560.0,30,0.0,1
TX04853,CUST0858,4846.23,Card,Overdue,Network_Error,0,0.78,Medium,73.7,5,4846.23,0
TX04854,CUST0804,26139.53,UPI,Failed,None,1,0.23,Low,65.7,27,26139.53,0
TX04855,CUST0490,41851.93,Wallet,Success,Insufficient_Funds,3,0.62,Low,432.8,11,0.0,1
TX04856,CUST1494,41543.59,Card,Failed,Network_Error,0,0.65,Low,196.0,26,41543.59,0
TX04857,CUST0938,47815.42,Wallet,Subscription_Failed,Network_Error,2,0.26,Low,398.6,6,47815.42,0
TX04858,CUST0844,34973.98,Wallet,Failed,None,0,0.6,Low,331.8,9,34973.98,0
TX04859,CUST1469,10546.98,Card,Success,Insufficient_Funds,3,0.77,Low,591.8,9,0.0,1
TX04860,CUST1293,1209.96,Card,Failed,Insufficient_Funds,0,0.24,Low,534.5,27,1209.96,0
TX04861,CUST0267,24074.91,Card,Failed,Network_Error,2,0.81,Low,410.1,29,24074.91,1
TX04862,CUST0054,25782.45,Wallet,Abandoned,Timeout,0,0.66,Low,164.4,24,25782.45,0
TX04863,CUST0528,12165.08,NetBanking,Success,Timeout,0,0.87,Medium,164.5,12,0.0,1
TX04864,CUST0616,6409.93,UPI,Failed,Insufficient_Funds,3,0.37,High,530.5,6,6409.93,0
TX04865,CUST1083,29393.17,NetBanking,Success,Network_Error,0,0.87,Medium,355.4,18,0.0,1
TX04866,CUST1064,38259.93,Wallet,Failed,Network_Error,0,0.28,Medium,475.7,0,38259.93,1
TX04867,CUST1261,49659.07,Card,Overdue,Bank_Decline,1,0.52,High,275.4,14,49659.07,0
TX04868,CUST0955,37963.47,Card,Success,Network_Error,3,0.36,Low,70.8,13,0.0,1
TX04869,CUST0386,39722.89,UPI,Success,None,3,0.9,Low,206.3,12,0.0,1
TX04870,CUST0734,30899.75,UPI,Failed,Timeout,3,0.76,Low,105.1,6,30899.75,0
TX04871,CUST0716,49298.95,NetBanking,Abandoned,Bank_Decline,3,0.22,Low,471.3,11,49298.95,0
TX04872,CUST0650,32069.83,NetBanking,Success,None,0,0.21,Medium,423.3,7,0.0,1
TX04873,CUST0300,43040.61,UPI,Failed,Timeout,2,0.43,Low,62.2,14,43040.61,0
TX04874,CUST0395,47300.08,Wallet,Subscription_Failed,None,2,0.31,High,376.6,26,47300.08,0
TX04875,CUST1231,46506.95,NetBanking,Failed,Authentication_Failed,1,0.7,Low,525.7,16,46506.95,0
TX04876,CUST1360,19194.48,Card,Failed,Insufficient_Funds,0,0.73,High,421.4,20,19194.48,0
TX04877,CUST0593,4117.37,Card,Success,Authentication_Failed,3,0.95,High,311.6,11,0.0,1
TX04878,CUST0514,8759.31,Wallet,Subscription_Failed,Insufficient_Funds,3,0.96,High,194.0,27,8759.31,1
TX04879,CUST1202,3149.32,UPI,Success,Timeout,2,0.73,Medium,533.4,12,0.0,1
TX04880,CUST0396,5448.77,NetBanking,Success,Timeout,1,0.2,Low,259.5,7,0.0,1
TX04881,CUST0371,9395.63,Card,Success,Authentication_Failed,0,0.49,Medium,514.7,9,0.0,1
TX04882,CUST0858,17186.5,UPI,Failed,None,1,0.61,Low,472.0,6,17186.5,1
TX04883,CUST0791,27268.27,NetBanking,Subscription_Failed,Insufficient_Funds,0,0.6,High,491.6,30,27268.27,0
TX04884,CUST0658,35641.77,Wallet,Success,Insufficient_Funds,1,0.68,Low,594.0,1,0.0,1
TX04885,CUST1342,10704.18,Card,Abandoned,Bank_Decline,1,0.97,Low,451.8,28,10704.18,0
TX04886,CUST0736,33691.62,Wallet,Abandoned,Network_Error,3,0.91,High,30.1,28,33691.62,0
TX04887,CUST1393,35272.1,Wallet,Failed,None,2,0.29,Low,131.2,15,35272.1,0
TX04888,CUST0384,28019.39,Wallet,Abandoned,None,3,0.41,Low,30.8,28,28019.39,0
TX04889,CUST0062,45200.17,NetBanking,Success,Bank_Decline,2,0.87,Low,122.0,3,0.0,1
TX04890,CUST0505,5727.54,Wallet,Success,Timeout,1,0.86,Medium,46.2,5,0.0,1
TX04891,CUST0239,9020.65,NetBanking,Subscription_Failed,Authentication_Failed,0,0.42,Medium,306.0,6,9020.65,0
TX04892,CUST0195,21547.51,NetBanking,Success,None,3,0.78,Medium,26.6,29,0.0,1
TX04893,CUST0678,6510.29,Wallet,Success,Insufficient_Funds,0,0.74,High,288.8,22,0.0,1
TX04894,CUST1246,28401.55,Wallet,Failed,Bank_Decline,3,0.58,Low,540.3,18,28401.55,0
TX04895,CUST0061,20040.34,UPI,Subscription_Failed,Authentication_Failed,3,0.36,Medium,451.7,27,20040.34,0
TX04896,CUST1153,14372.87,Card,Failed,Authentication_Failed,3,0.91,Medium,566.9,23,14372.87,1
TX04897,CUST0990,8665.49,UPI,Success,None,0,0.74,Medium,143.7,22,0.0,1
TX04898,CUST0685,16899.84,Card,Success,Network_Error,3,0.34,Low,323.3,3,0.0,1
TX04899,CUST0156,30476.38,Card,Abandoned,Insufficient_Funds,3,0.76,Low,198.0,9,30476.38,0
TX04900,CUST1402,28874.1,UPI,Success,Authentication_Failed,3,0.79,Low,301.4,28,0.0,1
TX04901,CUST0923,8348.48,UPI,Success,Insufficient_Funds,0,0.91,Low,338.7,3,0.0,1
TX04902,CUST0868,6421.01,Card,Success,None,3,0.38,Low,31.3,19,0.0,1
TX04903,CUST0903,1528.5,Card,Failed,Bank_Decline,0,0.99,Low,147.6,4,1528.5,0
TX04904,CUST0999,818.79,Card,Success,Authentication_Failed,2,0.32,Low,425.8,13,0.0,1
TX04905,CUST1461,44014.56,NetBanking,Success,None,3,0.68,Low,466.0,10,0.0,1
TX04906,CUST0975,2445.43,Card,Success,Authentication_Failed,1,0.73,Medium,346.0,1,0.0,1
TX04907,CUST1231,36614.81,Wallet,Success,Bank_Decline,2,0.54,High,169.8,8,0.0,1
TX04908,CUST0388,43624.86,Wallet,Success,Insufficient_Funds,0,0.58,Low,249.0,21,0.0,1
TX04909,CUST0887,5083.28,Wallet,Success,Insufficient_Funds,1,0.91,Medium,66.7,11,0.0,1
TX04910,CUST0838,21927.81,UPI,Failed,Authentication_Failed,0,0.72,High,572.4,23,21927.81,1
TX04911,CUST1364,48122.69,UPI,Success,None,0,0.6,Medium,522.5,26,0.0,1
TX04912,CUST0340,41740.11,UPI,Success,Bank_Decline,3,0.3,High,48.7,0,0.0,1
TX04913,CUST0204,24587.26,Card,Success,Timeout,1,0.21,Low,108.2,30,0.0,1
TX04914,CUST0161,38176.04,Wallet,Success,Insufficient_Funds,0,0.3,High,352.8,21,0.0,1
TX04915,CUST0392,41702.21,Card,Success,Timeout,2,0.96,Low,147.1,14,0.0,1
TX04916,CUST0769,17531.74,NetBanking,Success,Authentication_Failed,3,0.81,Low,561.3,5,0.0,1
TX04917,CUST0575,44629.22,NetBanking,Success,Timeout,2,0.97,High,455.8,23,0.0,1
TX04918,CUST0534,23629.57,UPI,Overdue,None,2,0.23,High,171.2,28,23629.57,0
TX04919,CUST1094,26484.81,NetBanking,Success,None,3,0.74,Low,13.6,16,0.0,1
TX04920,CUST0893,49985.44,Wallet,Overdue,Timeout,0,0.24,High,481.7,20,49985.44,1
TX04921,CUST0405,42196.49,NetBanking,Success,None,2,0.83,Low,260.2,14,0.0,1
TX04922,CUST0608,18216.15,UPI,Success,Insufficient_Funds,0,0.5,Medium,389.0,29,0.0,1
TX04923,CUST0828,715.21,Card,Abandoned,Authentication_Failed,0,0.28,Low,179.3,13,715.21,1
TX04924,CUST1144,31383.47,NetBanking,Success,Timeout,3,0.65,Low,94.3,29,0.0,1
TX04925,CUST0690,35254.89,Wallet,Success,Insufficient_Funds,2,0.42,Medium,408.4,18,0.0,1
TX04926,CUST0902,32609.97,Wallet,Overdue,Timeout,2,0.73,Low,275.7,21,32609.97,0
TX04927,CUST1241,48399.55,Wallet,Success,Insufficient_Funds,3,0.73,Low,148.8,8,0.0,1
TX04928,CUST0056,43175.96,Card,Success,None,0,0.76,Low,91.2,25,0.0,1
TX04929,CUST0366,22551.82,Wallet,Success,None,0,0.99,Low,352.5,2,0.0,1
TX04930,CUST0455,3330.3,UPI,Subscription_Failed,Authentication_Failed,3,0.51,Medium,438.1,24,3330.3,0
TX04931,CUST0104,23907.73,UPI,Subscription_Failed,None,0,0.57,Low,177.5,27,23907.73,0
TX04932,CUST0077,34524.35,Wallet,Success,Bank_Decline,0,0.84,Medium,443.7,24,0.0,1
TX04933,CUST0230,30463.95,NetBanking,Success,Insufficient_Funds,2,0.66,Low,118.0,14,0.0,1
TX04934,CUST1282,26999.23,Wallet,Subscription_Failed,Insufficient_Funds,0,0.23,Low,209.7,16,26999.23,0
TX04935,CUST1288,23547.18,UPI,Success,Timeout,0,0.87,Low,449.5,1,0.0,1
TX04936,CUST0331,14829.34,UPI,Success,Authentication_Failed,0,0.24,Medium,399.5,26,0.0,1
TX04937,CUST1206,14011.87,UPI,Failed,Network_Error,0,0.34,Low,169.6,3,14011.87,1
TX04938,CUST0893,25111.53,NetBanking,Success,None,3,0.28,Low,82.1,13,0.0,1
TX04939,CUST0688,8198.04,NetBanking,Failed,Network_Error,3,0.26,Low,35.1,10,8198.04,0
TX04940,CUST0027,17166.13,NetBanking,Subscription_Failed,Bank_Decline,3,0.22,High,504.4,26,17166.13,0
TX04941,CUST1300,16334.17,UPI,Abandoned,Authentication_Failed,0,0.24,Low,54.3,11,16334.17,1
TX04942,CUST0299,29439.21,Card,Success,Insufficient_Funds,3,0.55,Medium,77.8,22,0.0,1
TX04943,CUST0957,3520.78,Wallet,Success,Network_Error,1,0.4,Low,150.2,15,0.0,1
TX04944,CUST0799,41517.5,Wallet,Success,Bank_Decline,1,0.3,Low,272.9,11,0.0,1
TX04945,CUST1115,28206.44,UPI,Success,Authentication_Failed,1,0.73,Low,476.0,1,0.0,1
TX04946,CUST0480,33607.17,NetBanking,Success,Bank_Decline,2,0.38,Low,156.0,6,0.0,1
TX04947,CUST0573,35214.08,Card,Success,None,0,0.22,Medium,330.7,20,0.0,1
TX04948,CUST0458,14715.91,Card,Success,Network_Error,2,0.53,High,63.3,25,0.0,1
TX04949,CUST1475,23624.5,NetBanking,Success,Timeout,3,0.45,Low,284.1,30,0.0,1
TX04950,CUST0365,47821.05,Wallet,Success,Timeout,0,0.45,Low,114.8,22,0.0,1
TX04951,CUST0859,38381.92,Wallet,Failed,Authentication_Failed,1,0.56,Low,134.6,29,38381.92,0
TX04952,CUST0351,48483.93,Card,Failed,Bank_Decline,0,0.74,Low,226.4,27,48483.93,0
TX04953,CUST1424,37363.47,Card,Success,Insufficient_Funds,2,0.69,Low,459.2,24,0.0,1
TX04954,CUST0253,8944.89,NetBanking,Abandoned,Network_Error,3,0.95,High,449.0,24,8944.89,1
TX04955,CUST0781,3413.89,Wallet,Abandoned,Timeout,3,0.61,Low,254.8,2,3413.89,0
TX04956,CUST0803,28967.54,Card,Success,Timeout,2,0.58,Medium,80.0,2,0.0,1
TX04957,CUST1012,18019.1,Wallet,Success,Bank_Decline,0,0.37,Low,175.6,12,0.0,1
TX04958,CUST0459,13917.8,Card,Success,Timeout,2,0.8,Low,308.2,6,0.0,1
TX04959,CUST0917,40399.11,NetBanking,Success,Bank_Decline,3,0.31,Low,523.0,4,0.0,1
TX04960,CUST0499,18476.26,Wallet,Success,Network_Error,1,0.59,Low,581.3,20,0.0,1
TX04961,CUST0950,15986.65,Card,Overdue,Bank_Decline,3,0.54,Low,386.1,4,15986.65,1
TX04962,CUST0508,42529.38,Card,Success,Timeout,3,0.73,Low,216.9,24,0.0,1
TX04963,CUST1328,42345.11,Card,Failed,Bank_Decline,0,0.93,Low,419.1,30,42345.11,0
TX04964,CUST0501,17947.06,Card,Success,Timeout,1,0.96,Medium,208.4,19,0.0,1
TX04965,CUST0803,41658.44,NetBanking,Success,None,3,0.33,Low,379.0,21,0.0,1
TX04966,CUST0598,42568.77,Wallet,Success,Authentication_Failed,1,0.41,Medium,153.8,5,0.0,1
TX04967,CUST0166,21311.74,Wallet,Failed,Timeout,2,0.85,Low,167.5,12,21311.74,0
TX04968,CUST1439,3510.36,UPI,Success,Timeout,0,0.61,High,54.4,6,0.0,1
TX04969,CUST0462,278.92,Wallet,Success,Timeout,1,0.56,Low,257.9,1,0.0,1
TX04970,CUST0920,26259.96,UPI,Overdue,Authentication_Failed,1,0.77,Low,374.7,21,26259.96,0
TX04971,CUST0114,17334.96,Card,Success,None,0,0.68,High,475.4,28,0.0,1
TX04972,CUST1457,49857.17,NetBanking,Success,Insufficient_Funds,2,0.98,Low,488.1,8,0.0,1
TX04973,CUST0992,38666.07,NetBanking,Success,Timeout,1,0.67,Medium,595.5,18,0.0,1
TX04974,CUST1380,38111.52,Card,Failed,Insufficient_Funds,0,0.57,Medium,61.8,1,38111.52,1
TX04975,CUST0207,47771.09,UPI,Success,Network_Error,3,0.63,Low,301.0,12,0.0,1
TX04976,CUST1259,44408.68,Card,Success,None,0,0.85,High,317.6,7,0.0,1
TX04977,CUST1466,16045.74,NetBanking,Success,Bank_Decline,3,0.69,Medium,484.7,15,0.0,1
TX04978,CUST1379,8466.16,NetBanking,Success,Insufficient_Funds,1,0.72,Medium,167.2,0,0.0,1
TX04979,CUST0515,37345.43,Wallet,Failed,None,1,0.98,High,50.9,10,37345.43,0
TX04980,CUST1232,19038.04,UPI,Failed,Network_Error,1,0.69,Low,195.1,7,19038.04,0
TX04981,CUST0709,23764.0,Wallet,Success,None,2,0.5,Low,590.5,20,0.0,1
TX04982,CUST1149,31593.81,NetBanking,Success,Bank_Decline,2,0.75,Medium,540.7,24,0.0,1
TX04983,CUST0138,45412.06,NetBanking,Success,Timeout,3,0.73,Low,243.2,24,0.0,1
TX04984,CUST0339,21070.57,Wallet,Failed,Timeout,0,0.21,Low,527.0,19,21070.57,0
TX04985,CUST0537,39209.18,Wallet,Success,Timeout,3,0.57,Low,29.3,0,0.0,1
TX04986,CUST0068,13563.32,NetBanking,Success,Authentication_Failed,0,0.79,High,195.4,20,0.0,1
TX04987,CUST0383,34959.0,Wallet,Overdue,Authentication_Failed,1,0.6,Low,438.8,6,34959.0,1
TX04988,CUST0019,278.66,Wallet,Success,Authentication_Failed,0,0.82,Medium,140.7,24,0.0,1
TX04989,CUST0683,43601.06,UPI,Overdue,Authentication_Failed,2,0.56,Low,127.1,25,43601.06,0
TX04990,CUST1474,1712.9,NetBanking,Success,Network_Error,0,0.99,Low,518.5,24,0.0,1
TX04991,CUST0074,35695.14,Card,Success,None,0,0.43,Medium,373.4,8,0.0,1
TX04992,CUST0573,2503.66,UPI,Success,Network_Error,1,0.27,High,593.5,21,0.0,1
TX04993,CUST0939,13459.04,Card,Success,Timeout,1,0.54,Low,89.5,1,0.0,1
TX04994,CUST1300,24960.68,Wallet,Success,Bank_Decline,2,0.63,Low,220.1,20,0.0,1
TX04995,CUST1072,21112.95,Wallet,Success,Authentication_Failed,0,0.48,Low,193.6,18,0.0,1
TX04996,CUST0211,9753.44,Card,Overdue,None,0,0.39,Medium,529.3,27,9753.44,0
TX04997,CUST0855,16823.98,Wallet,Success,Bank_Decline,0,0.74,Low,160.6,5,0.0,1
TX04998,CUST0651,36439.78,Wallet,Failed,Network_Error,1,0.5,Low,218.5,26,36439.78,0
TX04999,CUST0994,33529.0,UPI,Failed,Authentication_Failed,2,0.71,Medium,94.3,4,33529.0,1
TX05000,CUST0695,3776.37,Card,Abandoned,Network_Error,0,0.82,Low,467.5,12,3776.37,1
DEMO002,CUST9002,16137.36,UPI,Failed,Authentication_Failed,0,0.40,High,180.0,0,16137.36,0
DEMO003,CUST9003,16137.36,UPI,Failed,Authentication_Failed,0,0.40,High,180.0,0,16137.36,0
DEMO004,CUST9003,16137.36,UPI,Failed,Authentication_Failed,0,0.40,High,180.0,0,16137.36,0
DEMO005,CUST9003,16137.36,UPI,Failed,Authentication_Failed,0,0.40,High,180.0,0,16137.36,0
DEMO006,CUST9003,18137.36,UPI,Failed,Authentication_Failed,0,0.40,High,180.0,0,16137.36,0
DEMO007,CUST9003,19137.36,UPI,Failed,Authentication_Failed,0,0.40,High,180.0,0,16137.36,0
DEMO008,CUST9003,10137.36,UPI,Failed,Authentication_Failed,0,0.40,High,180.0,0,16137.36,0
DEMO009,CUST9003,13137.36,UPI,Failed,Authentication_Failed,0,0.40,High,180.0,0,16137.36,0
DEMO010,CUST9003,12137.36,UPI,Failed,Authentication_Failed,0,0.40,High,180.0,0,16137.36,0
DEMO015,CUST9064,10137.36,UPI,Failed,Authentication_Failed,0,0.40,High,180.0,0,16137.36,0
DEMO016,CUST9045,13137.36,UPI,Failed,Authentication_Failed,0,0.40,High,180.0,0,16137.36,0
DEMO017,CUST9023,12137.36,UPI,Failed,Authentication_Failed,0,0.40,High,180.0,0,16137.36,0